Copyright 1986-2022 Xilinx, Inc. All Rights Reserved. Copyright 2022-2023 Advanced Micro Devices, Inc. All Rights Reserved.
--------------------------------------------------------------------------------------------------------------------------------------------------------------------
| Tool Version : Vivado v.2023.2 (lin64) Build 4029153 Fri Oct 13 20:13:54 MDT 2023
| Date         : Thu Aug 14 16:40:24 2025
| Host         : dator2-Latitude-5430 running 64-bit Ubuntu 24.04.2 LTS
| Command      : report_methodology -file system_top_methodology_drc_routed.rpt -pb system_top_methodology_drc_routed.pb -rpx system_top_methodology_drc_routed.rpx
| Design       : system_top
| Device       : xc7z020clg400-2
| Speed File   : -2
| Design State : Fully Routed
--------------------------------------------------------------------------------------------------------------------------------------------------------------------

Report Methodology

Table of Contents
-----------------
1. REPORT SUMMARY
2. REPORT DETAILS

1. REPORT SUMMARY
-----------------
            Netlist: netlist
          Floorplan: design_1
      Design limits: <entire design considered>
             Max violations: <unlimited>
             Violations found: 511
+-----------+------------------+-------------------------------------------------------------------------------------------------------+------------+
| Rule      | Severity         | Description                                                                                           | Violations |
+-----------+------------------+-------------------------------------------------------------------------------------------------------+------------+
| TIMING-17 | Critical Warning | Non-clocked sequential cell                                                                           | 438        |
| TIMING-54 | Critical Warning | Scoped false path, clock group or max delay datapath only constraint between clocks                   | 9          |
| CKBF-1    | Warning          | connects_I_driver_BUFR                                                                                | 1          |
| LUTAR-1   | Warning          | LUT drives async reset alert                                                                          | 2          |
| TIMING-9  | Warning          | Unknown CDC Logic                                                                                     | 1          |
| TIMING-18 | Warning          | Missing input or output delay                                                                         | 35         |
| TIMING-47 | Warning          | False path, asynchronous clock group or max delay datapath only constraint between synchronous clocks | 8          |
| ULMTCS-1  | Warning          | Control Sets use limits recommend reduction                                                           | 1          |
| XDCB-5    | Warning          | Runtime inefficient way to find pin objects                                                           | 6          |
| XDCC-1    | Warning          | Scoped Clock constraint overwritten with the same name                                                | 2          |
| XDCC-7    | Warning          | Scoped Clock constraint overwritten on the same source                                                | 2          |
| XDCH-1    | Warning          | Hold option missing in multicycle path constraint                                                     | 2          |
| RTGT-1    | Advisory         | RAM retargeting possibility                                                                           | 4          |
+-----------+------------------+-------------------------------------------------------------------------------------------------------+------------+

2. REPORT DETAILS
-----------------
TIMING-17#1 Critical Warning
Non-clocked sequential cell  
The clock pin i_system_wrapper/system_i/axi_vcxo_ctrl/inst/u_b205_ref_pll/FSM_sequential_state_reg[0]/C is not reached by a timing clock
Related violations: <none>

TIMING-17#2 Critical Warning
Non-clocked sequential cell  
The clock pin i_system_wrapper/system_i/axi_vcxo_ctrl/inst/u_b205_ref_pll/FSM_sequential_state_reg[1]/C is not reached by a timing clock
Related violations: <none>

TIMING-17#3 Critical Warning
Non-clocked sequential cell  
The clock pin i_system_wrapper/system_i/axi_vcxo_ctrl/inst/u_b205_ref_pll/FSM_sequential_state_reg[2]/C is not reached by a timing clock
Related violations: <none>

TIMING-17#4 Critical Warning
Non-clocked sequential cell  
The clock pin i_system_wrapper/system_i/axi_vcxo_ctrl/inst/u_b205_ref_pll/FSM_sequential_state_reg[3]/C is not reached by a timing clock
Related violations: <none>

TIMING-17#5 Critical Warning
Non-clocked sequential cell  
The clock pin i_system_wrapper/system_i/axi_vcxo_ctrl/inst/u_b205_ref_pll/adj_reg[0]/C is not reached by a timing clock
Related violations: <none>

TIMING-17#6 Critical Warning
Non-clocked sequential cell  
The clock pin i_system_wrapper/system_i/axi_vcxo_ctrl/inst/u_b205_ref_pll/adj_reg[10]/C is not reached by a timing clock
Related violations: <none>

TIMING-17#7 Critical Warning
Non-clocked sequential cell  
The clock pin i_system_wrapper/system_i/axi_vcxo_ctrl/inst/u_b205_ref_pll/adj_reg[11]/C is not reached by a timing clock
Related violations: <none>

TIMING-17#8 Critical Warning
Non-clocked sequential cell  
The clock pin i_system_wrapper/system_i/axi_vcxo_ctrl/inst/u_b205_ref_pll/adj_reg[12]/C is not reached by a timing clock
Related violations: <none>

TIMING-17#9 Critical Warning
Non-clocked sequential cell  
The clock pin i_system_wrapper/system_i/axi_vcxo_ctrl/inst/u_b205_ref_pll/adj_reg[13]/C is not reached by a timing clock
Related violations: <none>

TIMING-17#10 Critical Warning
Non-clocked sequential cell  
The clock pin i_system_wrapper/system_i/axi_vcxo_ctrl/inst/u_b205_ref_pll/adj_reg[14]/C is not reached by a timing clock
Related violations: <none>

TIMING-17#11 Critical Warning
Non-clocked sequential cell  
The clock pin i_system_wrapper/system_i/axi_vcxo_ctrl/inst/u_b205_ref_pll/adj_reg[15]/C is not reached by a timing clock
Related violations: <none>

TIMING-17#12 Critical Warning
Non-clocked sequential cell  
The clock pin i_system_wrapper/system_i/axi_vcxo_ctrl/inst/u_b205_ref_pll/adj_reg[16]/C is not reached by a timing clock
Related violations: <none>

TIMING-17#13 Critical Warning
Non-clocked sequential cell  
The clock pin i_system_wrapper/system_i/axi_vcxo_ctrl/inst/u_b205_ref_pll/adj_reg[17]/C is not reached by a timing clock
Related violations: <none>

TIMING-17#14 Critical Warning
Non-clocked sequential cell  
The clock pin i_system_wrapper/system_i/axi_vcxo_ctrl/inst/u_b205_ref_pll/adj_reg[18]/C is not reached by a timing clock
Related violations: <none>

TIMING-17#15 Critical Warning
Non-clocked sequential cell  
The clock pin i_system_wrapper/system_i/axi_vcxo_ctrl/inst/u_b205_ref_pll/adj_reg[19]/C is not reached by a timing clock
Related violations: <none>

TIMING-17#16 Critical Warning
Non-clocked sequential cell  
The clock pin i_system_wrapper/system_i/axi_vcxo_ctrl/inst/u_b205_ref_pll/adj_reg[1]/C is not reached by a timing clock
Related violations: <none>

TIMING-17#17 Critical Warning
Non-clocked sequential cell  
The clock pin i_system_wrapper/system_i/axi_vcxo_ctrl/inst/u_b205_ref_pll/adj_reg[20]/C is not reached by a timing clock
Related violations: <none>

TIMING-17#18 Critical Warning
Non-clocked sequential cell  
The clock pin i_system_wrapper/system_i/axi_vcxo_ctrl/inst/u_b205_ref_pll/adj_reg[21]/C is not reached by a timing clock
Related violations: <none>

TIMING-17#19 Critical Warning
Non-clocked sequential cell  
The clock pin i_system_wrapper/system_i/axi_vcxo_ctrl/inst/u_b205_ref_pll/adj_reg[22]/C is not reached by a timing clock
Related violations: <none>

TIMING-17#20 Critical Warning
Non-clocked sequential cell  
The clock pin i_system_wrapper/system_i/axi_vcxo_ctrl/inst/u_b205_ref_pll/adj_reg[23]/C is not reached by a timing clock
Related violations: <none>

TIMING-17#21 Critical Warning
Non-clocked sequential cell  
The clock pin i_system_wrapper/system_i/axi_vcxo_ctrl/inst/u_b205_ref_pll/adj_reg[24]/C is not reached by a timing clock
Related violations: <none>

TIMING-17#22 Critical Warning
Non-clocked sequential cell  
The clock pin i_system_wrapper/system_i/axi_vcxo_ctrl/inst/u_b205_ref_pll/adj_reg[25]/C is not reached by a timing clock
Related violations: <none>

TIMING-17#23 Critical Warning
Non-clocked sequential cell  
The clock pin i_system_wrapper/system_i/axi_vcxo_ctrl/inst/u_b205_ref_pll/adj_reg[26]/C is not reached by a timing clock
Related violations: <none>

TIMING-17#24 Critical Warning
Non-clocked sequential cell  
The clock pin i_system_wrapper/system_i/axi_vcxo_ctrl/inst/u_b205_ref_pll/adj_reg[27]/C is not reached by a timing clock
Related violations: <none>

TIMING-17#25 Critical Warning
Non-clocked sequential cell  
The clock pin i_system_wrapper/system_i/axi_vcxo_ctrl/inst/u_b205_ref_pll/adj_reg[28]/C is not reached by a timing clock
Related violations: <none>

TIMING-17#26 Critical Warning
Non-clocked sequential cell  
The clock pin i_system_wrapper/system_i/axi_vcxo_ctrl/inst/u_b205_ref_pll/adj_reg[2]/C is not reached by a timing clock
Related violations: <none>

TIMING-17#27 Critical Warning
Non-clocked sequential cell  
The clock pin i_system_wrapper/system_i/axi_vcxo_ctrl/inst/u_b205_ref_pll/adj_reg[3]/C is not reached by a timing clock
Related violations: <none>

TIMING-17#28 Critical Warning
Non-clocked sequential cell  
The clock pin i_system_wrapper/system_i/axi_vcxo_ctrl/inst/u_b205_ref_pll/adj_reg[4]/C is not reached by a timing clock
Related violations: <none>

TIMING-17#29 Critical Warning
Non-clocked sequential cell  
The clock pin i_system_wrapper/system_i/axi_vcxo_ctrl/inst/u_b205_ref_pll/adj_reg[5]/C is not reached by a timing clock
Related violations: <none>

TIMING-17#30 Critical Warning
Non-clocked sequential cell  
The clock pin i_system_wrapper/system_i/axi_vcxo_ctrl/inst/u_b205_ref_pll/adj_reg[6]/C is not reached by a timing clock
Related violations: <none>

TIMING-17#31 Critical Warning
Non-clocked sequential cell  
The clock pin i_system_wrapper/system_i/axi_vcxo_ctrl/inst/u_b205_ref_pll/adj_reg[7]/C is not reached by a timing clock
Related violations: <none>

TIMING-17#32 Critical Warning
Non-clocked sequential cell  
The clock pin i_system_wrapper/system_i/axi_vcxo_ctrl/inst/u_b205_ref_pll/adj_reg[8]/C is not reached by a timing clock
Related violations: <none>

TIMING-17#33 Critical Warning
Non-clocked sequential cell  
The clock pin i_system_wrapper/system_i/axi_vcxo_ctrl/inst/u_b205_ref_pll/adj_reg[9]/C is not reached by a timing clock
Related violations: <none>

TIMING-17#34 Critical Warning
Non-clocked sequential cell  
The clock pin i_system_wrapper/system_i/axi_vcxo_ctrl/inst/u_b205_ref_pll/daco_reg[0]/C is not reached by a timing clock
Related violations: <none>

TIMING-17#35 Critical Warning
Non-clocked sequential cell  
The clock pin i_system_wrapper/system_i/axi_vcxo_ctrl/inst/u_b205_ref_pll/daco_reg[10]/C is not reached by a timing clock
Related violations: <none>

TIMING-17#36 Critical Warning
Non-clocked sequential cell  
The clock pin i_system_wrapper/system_i/axi_vcxo_ctrl/inst/u_b205_ref_pll/daco_reg[11]/C is not reached by a timing clock
Related violations: <none>

TIMING-17#37 Critical Warning
Non-clocked sequential cell  
The clock pin i_system_wrapper/system_i/axi_vcxo_ctrl/inst/u_b205_ref_pll/daco_reg[12]/C is not reached by a timing clock
Related violations: <none>

TIMING-17#38 Critical Warning
Non-clocked sequential cell  
The clock pin i_system_wrapper/system_i/axi_vcxo_ctrl/inst/u_b205_ref_pll/daco_reg[13]/C is not reached by a timing clock
Related violations: <none>

TIMING-17#39 Critical Warning
Non-clocked sequential cell  
The clock pin i_system_wrapper/system_i/axi_vcxo_ctrl/inst/u_b205_ref_pll/daco_reg[14]/C is not reached by a timing clock
Related violations: <none>

TIMING-17#40 Critical Warning
Non-clocked sequential cell  
The clock pin i_system_wrapper/system_i/axi_vcxo_ctrl/inst/u_b205_ref_pll/daco_reg[15]/C is not reached by a timing clock
Related violations: <none>

TIMING-17#41 Critical Warning
Non-clocked sequential cell  
The clock pin i_system_wrapper/system_i/axi_vcxo_ctrl/inst/u_b205_ref_pll/daco_reg[1]/C is not reached by a timing clock
Related violations: <none>

TIMING-17#42 Critical Warning
Non-clocked sequential cell  
The clock pin i_system_wrapper/system_i/axi_vcxo_ctrl/inst/u_b205_ref_pll/daco_reg[2]/C is not reached by a timing clock
Related violations: <none>

TIMING-17#43 Critical Warning
Non-clocked sequential cell  
The clock pin i_system_wrapper/system_i/axi_vcxo_ctrl/inst/u_b205_ref_pll/daco_reg[3]/C is not reached by a timing clock
Related violations: <none>

TIMING-17#44 Critical Warning
Non-clocked sequential cell  
The clock pin i_system_wrapper/system_i/axi_vcxo_ctrl/inst/u_b205_ref_pll/daco_reg[4]/C is not reached by a timing clock
Related violations: <none>

TIMING-17#45 Critical Warning
Non-clocked sequential cell  
The clock pin i_system_wrapper/system_i/axi_vcxo_ctrl/inst/u_b205_ref_pll/daco_reg[5]/C is not reached by a timing clock
Related violations: <none>

TIMING-17#46 Critical Warning
Non-clocked sequential cell  
The clock pin i_system_wrapper/system_i/axi_vcxo_ctrl/inst/u_b205_ref_pll/daco_reg[6]/C is not reached by a timing clock
Related violations: <none>

TIMING-17#47 Critical Warning
Non-clocked sequential cell  
The clock pin i_system_wrapper/system_i/axi_vcxo_ctrl/inst/u_b205_ref_pll/daco_reg[7]/C is not reached by a timing clock
Related violations: <none>

TIMING-17#48 Critical Warning
Non-clocked sequential cell  
The clock pin i_system_wrapper/system_i/axi_vcxo_ctrl/inst/u_b205_ref_pll/daco_reg[8]/C is not reached by a timing clock
Related violations: <none>

TIMING-17#49 Critical Warning
Non-clocked sequential cell  
The clock pin i_system_wrapper/system_i/axi_vcxo_ctrl/inst/u_b205_ref_pll/daco_reg[9]/C is not reached by a timing clock
Related violations: <none>

TIMING-17#50 Critical Warning
Non-clocked sequential cell  
The clock pin i_system_wrapper/system_i/axi_vcxo_ctrl/inst/u_b205_ref_pll/err_reg[0]/C is not reached by a timing clock
Related violations: <none>

TIMING-17#51 Critical Warning
Non-clocked sequential cell  
The clock pin i_system_wrapper/system_i/axi_vcxo_ctrl/inst/u_b205_ref_pll/err_reg[10]/C is not reached by a timing clock
Related violations: <none>

TIMING-17#52 Critical Warning
Non-clocked sequential cell  
The clock pin i_system_wrapper/system_i/axi_vcxo_ctrl/inst/u_b205_ref_pll/err_reg[11]/C is not reached by a timing clock
Related violations: <none>

TIMING-17#53 Critical Warning
Non-clocked sequential cell  
The clock pin i_system_wrapper/system_i/axi_vcxo_ctrl/inst/u_b205_ref_pll/err_reg[12]/C is not reached by a timing clock
Related violations: <none>

TIMING-17#54 Critical Warning
Non-clocked sequential cell  
The clock pin i_system_wrapper/system_i/axi_vcxo_ctrl/inst/u_b205_ref_pll/err_reg[13]/C is not reached by a timing clock
Related violations: <none>

TIMING-17#55 Critical Warning
Non-clocked sequential cell  
The clock pin i_system_wrapper/system_i/axi_vcxo_ctrl/inst/u_b205_ref_pll/err_reg[14]/C is not reached by a timing clock
Related violations: <none>

TIMING-17#56 Critical Warning
Non-clocked sequential cell  
The clock pin i_system_wrapper/system_i/axi_vcxo_ctrl/inst/u_b205_ref_pll/err_reg[15]/C is not reached by a timing clock
Related violations: <none>

TIMING-17#57 Critical Warning
Non-clocked sequential cell  
The clock pin i_system_wrapper/system_i/axi_vcxo_ctrl/inst/u_b205_ref_pll/err_reg[16]/C is not reached by a timing clock
Related violations: <none>

TIMING-17#58 Critical Warning
Non-clocked sequential cell  
The clock pin i_system_wrapper/system_i/axi_vcxo_ctrl/inst/u_b205_ref_pll/err_reg[17]/C is not reached by a timing clock
Related violations: <none>

TIMING-17#59 Critical Warning
Non-clocked sequential cell  
The clock pin i_system_wrapper/system_i/axi_vcxo_ctrl/inst/u_b205_ref_pll/err_reg[18]/C is not reached by a timing clock
Related violations: <none>

TIMING-17#60 Critical Warning
Non-clocked sequential cell  
The clock pin i_system_wrapper/system_i/axi_vcxo_ctrl/inst/u_b205_ref_pll/err_reg[19]/C is not reached by a timing clock
Related violations: <none>

TIMING-17#61 Critical Warning
Non-clocked sequential cell  
The clock pin i_system_wrapper/system_i/axi_vcxo_ctrl/inst/u_b205_ref_pll/err_reg[1]/C is not reached by a timing clock
Related violations: <none>

TIMING-17#62 Critical Warning
Non-clocked sequential cell  
The clock pin i_system_wrapper/system_i/axi_vcxo_ctrl/inst/u_b205_ref_pll/err_reg[20]/C is not reached by a timing clock
Related violations: <none>

TIMING-17#63 Critical Warning
Non-clocked sequential cell  
The clock pin i_system_wrapper/system_i/axi_vcxo_ctrl/inst/u_b205_ref_pll/err_reg[21]/C is not reached by a timing clock
Related violations: <none>

TIMING-17#64 Critical Warning
Non-clocked sequential cell  
The clock pin i_system_wrapper/system_i/axi_vcxo_ctrl/inst/u_b205_ref_pll/err_reg[22]/C is not reached by a timing clock
Related violations: <none>

TIMING-17#65 Critical Warning
Non-clocked sequential cell  
The clock pin i_system_wrapper/system_i/axi_vcxo_ctrl/inst/u_b205_ref_pll/err_reg[23]/C is not reached by a timing clock
Related violations: <none>

TIMING-17#66 Critical Warning
Non-clocked sequential cell  
The clock pin i_system_wrapper/system_i/axi_vcxo_ctrl/inst/u_b205_ref_pll/err_reg[24]/C is not reached by a timing clock
Related violations: <none>

TIMING-17#67 Critical Warning
Non-clocked sequential cell  
The clock pin i_system_wrapper/system_i/axi_vcxo_ctrl/inst/u_b205_ref_pll/err_reg[25]/C is not reached by a timing clock
Related violations: <none>

TIMING-17#68 Critical Warning
Non-clocked sequential cell  
The clock pin i_system_wrapper/system_i/axi_vcxo_ctrl/inst/u_b205_ref_pll/err_reg[26]/C is not reached by a timing clock
Related violations: <none>

TIMING-17#69 Critical Warning
Non-clocked sequential cell  
The clock pin i_system_wrapper/system_i/axi_vcxo_ctrl/inst/u_b205_ref_pll/err_reg[27]/C is not reached by a timing clock
Related violations: <none>

TIMING-17#70 Critical Warning
Non-clocked sequential cell  
The clock pin i_system_wrapper/system_i/axi_vcxo_ctrl/inst/u_b205_ref_pll/err_reg[28]/C is not reached by a timing clock
Related violations: <none>

TIMING-17#71 Critical Warning
Non-clocked sequential cell  
The clock pin i_system_wrapper/system_i/axi_vcxo_ctrl/inst/u_b205_ref_pll/err_reg[2]/C is not reached by a timing clock
Related violations: <none>

TIMING-17#72 Critical Warning
Non-clocked sequential cell  
The clock pin i_system_wrapper/system_i/axi_vcxo_ctrl/inst/u_b205_ref_pll/err_reg[3]/C is not reached by a timing clock
Related violations: <none>

TIMING-17#73 Critical Warning
Non-clocked sequential cell  
The clock pin i_system_wrapper/system_i/axi_vcxo_ctrl/inst/u_b205_ref_pll/err_reg[4]/C is not reached by a timing clock
Related violations: <none>

TIMING-17#74 Critical Warning
Non-clocked sequential cell  
The clock pin i_system_wrapper/system_i/axi_vcxo_ctrl/inst/u_b205_ref_pll/err_reg[5]/C is not reached by a timing clock
Related violations: <none>

TIMING-17#75 Critical Warning
Non-clocked sequential cell  
The clock pin i_system_wrapper/system_i/axi_vcxo_ctrl/inst/u_b205_ref_pll/err_reg[6]/C is not reached by a timing clock
Related violations: <none>

TIMING-17#76 Critical Warning
Non-clocked sequential cell  
The clock pin i_system_wrapper/system_i/axi_vcxo_ctrl/inst/u_b205_ref_pll/err_reg[7]/C is not reached by a timing clock
Related violations: <none>

TIMING-17#77 Critical Warning
Non-clocked sequential cell  
The clock pin i_system_wrapper/system_i/axi_vcxo_ctrl/inst/u_b205_ref_pll/err_reg[8]/C is not reached by a timing clock
Related violations: <none>

TIMING-17#78 Critical Warning
Non-clocked sequential cell  
The clock pin i_system_wrapper/system_i/axi_vcxo_ctrl/inst/u_b205_ref_pll/err_reg[9]/C is not reached by a timing clock
Related violations: <none>

TIMING-17#79 Critical Warning
Non-clocked sequential cell  
The clock pin i_system_wrapper/system_i/axi_vcxo_ctrl/inst/u_b205_ref_pll/freq_err_reg[0]/C is not reached by a timing clock
Related violations: <none>

TIMING-17#80 Critical Warning
Non-clocked sequential cell  
The clock pin i_system_wrapper/system_i/axi_vcxo_ctrl/inst/u_b205_ref_pll/freq_err_reg[10]/C is not reached by a timing clock
Related violations: <none>

TIMING-17#81 Critical Warning
Non-clocked sequential cell  
The clock pin i_system_wrapper/system_i/axi_vcxo_ctrl/inst/u_b205_ref_pll/freq_err_reg[11]/C is not reached by a timing clock
Related violations: <none>

TIMING-17#82 Critical Warning
Non-clocked sequential cell  
The clock pin i_system_wrapper/system_i/axi_vcxo_ctrl/inst/u_b205_ref_pll/freq_err_reg[12]/C is not reached by a timing clock
Related violations: <none>

TIMING-17#83 Critical Warning
Non-clocked sequential cell  
The clock pin i_system_wrapper/system_i/axi_vcxo_ctrl/inst/u_b205_ref_pll/freq_err_reg[13]/C is not reached by a timing clock
Related violations: <none>

TIMING-17#84 Critical Warning
Non-clocked sequential cell  
The clock pin i_system_wrapper/system_i/axi_vcxo_ctrl/inst/u_b205_ref_pll/freq_err_reg[14]/C is not reached by a timing clock
Related violations: <none>

TIMING-17#85 Critical Warning
Non-clocked sequential cell  
The clock pin i_system_wrapper/system_i/axi_vcxo_ctrl/inst/u_b205_ref_pll/freq_err_reg[15]/C is not reached by a timing clock
Related violations: <none>

TIMING-17#86 Critical Warning
Non-clocked sequential cell  
The clock pin i_system_wrapper/system_i/axi_vcxo_ctrl/inst/u_b205_ref_pll/freq_err_reg[16]/C is not reached by a timing clock
Related violations: <none>

TIMING-17#87 Critical Warning
Non-clocked sequential cell  
The clock pin i_system_wrapper/system_i/axi_vcxo_ctrl/inst/u_b205_ref_pll/freq_err_reg[17]/C is not reached by a timing clock
Related violations: <none>

TIMING-17#88 Critical Warning
Non-clocked sequential cell  
The clock pin i_system_wrapper/system_i/axi_vcxo_ctrl/inst/u_b205_ref_pll/freq_err_reg[18]/C is not reached by a timing clock
Related violations: <none>

TIMING-17#89 Critical Warning
Non-clocked sequential cell  
The clock pin i_system_wrapper/system_i/axi_vcxo_ctrl/inst/u_b205_ref_pll/freq_err_reg[19]/C is not reached by a timing clock
Related violations: <none>

TIMING-17#90 Critical Warning
Non-clocked sequential cell  
The clock pin i_system_wrapper/system_i/axi_vcxo_ctrl/inst/u_b205_ref_pll/freq_err_reg[1]/C is not reached by a timing clock
Related violations: <none>

TIMING-17#91 Critical Warning
Non-clocked sequential cell  
The clock pin i_system_wrapper/system_i/axi_vcxo_ctrl/inst/u_b205_ref_pll/freq_err_reg[20]/C is not reached by a timing clock
Related violations: <none>

TIMING-17#92 Critical Warning
Non-clocked sequential cell  
The clock pin i_system_wrapper/system_i/axi_vcxo_ctrl/inst/u_b205_ref_pll/freq_err_reg[21]/C is not reached by a timing clock
Related violations: <none>

TIMING-17#93 Critical Warning
Non-clocked sequential cell  
The clock pin i_system_wrapper/system_i/axi_vcxo_ctrl/inst/u_b205_ref_pll/freq_err_reg[22]/C is not reached by a timing clock
Related violations: <none>

TIMING-17#94 Critical Warning
Non-clocked sequential cell  
The clock pin i_system_wrapper/system_i/axi_vcxo_ctrl/inst/u_b205_ref_pll/freq_err_reg[23]/C is not reached by a timing clock
Related violations: <none>

TIMING-17#95 Critical Warning
Non-clocked sequential cell  
The clock pin i_system_wrapper/system_i/axi_vcxo_ctrl/inst/u_b205_ref_pll/freq_err_reg[24]/C is not reached by a timing clock
Related violations: <none>

TIMING-17#96 Critical Warning
Non-clocked sequential cell  
The clock pin i_system_wrapper/system_i/axi_vcxo_ctrl/inst/u_b205_ref_pll/freq_err_reg[25]/C is not reached by a timing clock
Related violations: <none>

TIMING-17#97 Critical Warning
Non-clocked sequential cell  
The clock pin i_system_wrapper/system_i/axi_vcxo_ctrl/inst/u_b205_ref_pll/freq_err_reg[26]/C is not reached by a timing clock
Related violations: <none>

TIMING-17#98 Critical Warning
Non-clocked sequential cell  
The clock pin i_system_wrapper/system_i/axi_vcxo_ctrl/inst/u_b205_ref_pll/freq_err_reg[27]/C is not reached by a timing clock
Related violations: <none>

TIMING-17#99 Critical Warning
Non-clocked sequential cell  
The clock pin i_system_wrapper/system_i/axi_vcxo_ctrl/inst/u_b205_ref_pll/freq_err_reg[28]/C is not reached by a timing clock
Related violations: <none>

TIMING-17#100 Critical Warning
Non-clocked sequential cell  
The clock pin i_system_wrapper/system_i/axi_vcxo_ctrl/inst/u_b205_ref_pll/freq_err_reg[2]/C is not reached by a timing clock
Related violations: <none>

TIMING-17#101 Critical Warning
Non-clocked sequential cell  
The clock pin i_system_wrapper/system_i/axi_vcxo_ctrl/inst/u_b205_ref_pll/freq_err_reg[3]/C is not reached by a timing clock
Related violations: <none>

TIMING-17#102 Critical Warning
Non-clocked sequential cell  
The clock pin i_system_wrapper/system_i/axi_vcxo_ctrl/inst/u_b205_ref_pll/freq_err_reg[4]/C is not reached by a timing clock
Related violations: <none>

TIMING-17#103 Critical Warning
Non-clocked sequential cell  
The clock pin i_system_wrapper/system_i/axi_vcxo_ctrl/inst/u_b205_ref_pll/freq_err_reg[5]/C is not reached by a timing clock
Related violations: <none>

TIMING-17#104 Critical Warning
Non-clocked sequential cell  
The clock pin i_system_wrapper/system_i/axi_vcxo_ctrl/inst/u_b205_ref_pll/freq_err_reg[6]/C is not reached by a timing clock
Related violations: <none>

TIMING-17#105 Critical Warning
Non-clocked sequential cell  
The clock pin i_system_wrapper/system_i/axi_vcxo_ctrl/inst/u_b205_ref_pll/freq_err_reg[7]/C is not reached by a timing clock
Related violations: <none>

TIMING-17#106 Critical Warning
Non-clocked sequential cell  
The clock pin i_system_wrapper/system_i/axi_vcxo_ctrl/inst/u_b205_ref_pll/freq_err_reg[8]/C is not reached by a timing clock
Related violations: <none>

TIMING-17#107 Critical Warning
Non-clocked sequential cell  
The clock pin i_system_wrapper/system_i/axi_vcxo_ctrl/inst/u_b205_ref_pll/freq_err_reg[9]/C is not reached by a timing clock
Related violations: <none>

TIMING-17#108 Critical Warning
Non-clocked sequential cell  
The clock pin i_system_wrapper/system_i/axi_vcxo_ctrl/inst/u_b205_ref_pll/ld_reg[0]/C is not reached by a timing clock
Related violations: <none>

TIMING-17#109 Critical Warning
Non-clocked sequential cell  
The clock pin i_system_wrapper/system_i/axi_vcxo_ctrl/inst/u_b205_ref_pll/ld_reg[1]/C is not reached by a timing clock
Related violations: <none>

TIMING-17#110 Critical Warning
Non-clocked sequential cell  
The clock pin i_system_wrapper/system_i/axi_vcxo_ctrl/inst/u_b205_ref_pll/ld_reg[2]/C is not reached by a timing clock
Related violations: <none>

TIMING-17#111 Critical Warning
Non-clocked sequential cell  
The clock pin i_system_wrapper/system_i/axi_vcxo_ctrl/inst/u_b205_ref_pll/lead_cnt_ena_reg/C is not reached by a timing clock
Related violations: <none>

TIMING-17#112 Critical Warning
Non-clocked sequential cell  
The clock pin i_system_wrapper/system_i/axi_vcxo_ctrl/inst/u_b205_ref_pll/lead_cnt_reg[0]/C is not reached by a timing clock
Related violations: <none>

TIMING-17#113 Critical Warning
Non-clocked sequential cell  
The clock pin i_system_wrapper/system_i/axi_vcxo_ctrl/inst/u_b205_ref_pll/lead_cnt_reg[10]/C is not reached by a timing clock
Related violations: <none>

TIMING-17#114 Critical Warning
Non-clocked sequential cell  
The clock pin i_system_wrapper/system_i/axi_vcxo_ctrl/inst/u_b205_ref_pll/lead_cnt_reg[11]/C is not reached by a timing clock
Related violations: <none>

TIMING-17#115 Critical Warning
Non-clocked sequential cell  
The clock pin i_system_wrapper/system_i/axi_vcxo_ctrl/inst/u_b205_ref_pll/lead_cnt_reg[12]/C is not reached by a timing clock
Related violations: <none>

TIMING-17#116 Critical Warning
Non-clocked sequential cell  
The clock pin i_system_wrapper/system_i/axi_vcxo_ctrl/inst/u_b205_ref_pll/lead_cnt_reg[13]/C is not reached by a timing clock
Related violations: <none>

TIMING-17#117 Critical Warning
Non-clocked sequential cell  
The clock pin i_system_wrapper/system_i/axi_vcxo_ctrl/inst/u_b205_ref_pll/lead_cnt_reg[14]/C is not reached by a timing clock
Related violations: <none>

TIMING-17#118 Critical Warning
Non-clocked sequential cell  
The clock pin i_system_wrapper/system_i/axi_vcxo_ctrl/inst/u_b205_ref_pll/lead_cnt_reg[15]/C is not reached by a timing clock
Related violations: <none>

TIMING-17#119 Critical Warning
Non-clocked sequential cell  
The clock pin i_system_wrapper/system_i/axi_vcxo_ctrl/inst/u_b205_ref_pll/lead_cnt_reg[16]/C is not reached by a timing clock
Related violations: <none>

TIMING-17#120 Critical Warning
Non-clocked sequential cell  
The clock pin i_system_wrapper/system_i/axi_vcxo_ctrl/inst/u_b205_ref_pll/lead_cnt_reg[17]/C is not reached by a timing clock
Related violations: <none>

TIMING-17#121 Critical Warning
Non-clocked sequential cell  
The clock pin i_system_wrapper/system_i/axi_vcxo_ctrl/inst/u_b205_ref_pll/lead_cnt_reg[18]/C is not reached by a timing clock
Related violations: <none>

TIMING-17#122 Critical Warning
Non-clocked sequential cell  
The clock pin i_system_wrapper/system_i/axi_vcxo_ctrl/inst/u_b205_ref_pll/lead_cnt_reg[19]/C is not reached by a timing clock
Related violations: <none>

TIMING-17#123 Critical Warning
Non-clocked sequential cell  
The clock pin i_system_wrapper/system_i/axi_vcxo_ctrl/inst/u_b205_ref_pll/lead_cnt_reg[1]/C is not reached by a timing clock
Related violations: <none>

TIMING-17#124 Critical Warning
Non-clocked sequential cell  
The clock pin i_system_wrapper/system_i/axi_vcxo_ctrl/inst/u_b205_ref_pll/lead_cnt_reg[20]/C is not reached by a timing clock
Related violations: <none>

TIMING-17#125 Critical Warning
Non-clocked sequential cell  
The clock pin i_system_wrapper/system_i/axi_vcxo_ctrl/inst/u_b205_ref_pll/lead_cnt_reg[21]/C is not reached by a timing clock
Related violations: <none>

TIMING-17#126 Critical Warning
Non-clocked sequential cell  
The clock pin i_system_wrapper/system_i/axi_vcxo_ctrl/inst/u_b205_ref_pll/lead_cnt_reg[22]/C is not reached by a timing clock
Related violations: <none>

TIMING-17#127 Critical Warning
Non-clocked sequential cell  
The clock pin i_system_wrapper/system_i/axi_vcxo_ctrl/inst/u_b205_ref_pll/lead_cnt_reg[23]/C is not reached by a timing clock
Related violations: <none>

TIMING-17#128 Critical Warning
Non-clocked sequential cell  
The clock pin i_system_wrapper/system_i/axi_vcxo_ctrl/inst/u_b205_ref_pll/lead_cnt_reg[24]/C is not reached by a timing clock
Related violations: <none>

TIMING-17#129 Critical Warning
Non-clocked sequential cell  
The clock pin i_system_wrapper/system_i/axi_vcxo_ctrl/inst/u_b205_ref_pll/lead_cnt_reg[25]/C is not reached by a timing clock
Related violations: <none>

TIMING-17#130 Critical Warning
Non-clocked sequential cell  
The clock pin i_system_wrapper/system_i/axi_vcxo_ctrl/inst/u_b205_ref_pll/lead_cnt_reg[26]/C is not reached by a timing clock
Related violations: <none>

TIMING-17#131 Critical Warning
Non-clocked sequential cell  
The clock pin i_system_wrapper/system_i/axi_vcxo_ctrl/inst/u_b205_ref_pll/lead_cnt_reg[27]/C is not reached by a timing clock
Related violations: <none>

TIMING-17#132 Critical Warning
Non-clocked sequential cell  
The clock pin i_system_wrapper/system_i/axi_vcxo_ctrl/inst/u_b205_ref_pll/lead_cnt_reg[28]/C is not reached by a timing clock
Related violations: <none>

TIMING-17#133 Critical Warning
Non-clocked sequential cell  
The clock pin i_system_wrapper/system_i/axi_vcxo_ctrl/inst/u_b205_ref_pll/lead_cnt_reg[2]/C is not reached by a timing clock
Related violations: <none>

TIMING-17#134 Critical Warning
Non-clocked sequential cell  
The clock pin i_system_wrapper/system_i/axi_vcxo_ctrl/inst/u_b205_ref_pll/lead_cnt_reg[3]/C is not reached by a timing clock
Related violations: <none>

TIMING-17#135 Critical Warning
Non-clocked sequential cell  
The clock pin i_system_wrapper/system_i/axi_vcxo_ctrl/inst/u_b205_ref_pll/lead_cnt_reg[4]/C is not reached by a timing clock
Related violations: <none>

TIMING-17#136 Critical Warning
Non-clocked sequential cell  
The clock pin i_system_wrapper/system_i/axi_vcxo_ctrl/inst/u_b205_ref_pll/lead_cnt_reg[5]/C is not reached by a timing clock
Related violations: <none>

TIMING-17#137 Critical Warning
Non-clocked sequential cell  
The clock pin i_system_wrapper/system_i/axi_vcxo_ctrl/inst/u_b205_ref_pll/lead_cnt_reg[6]/C is not reached by a timing clock
Related violations: <none>

TIMING-17#138 Critical Warning
Non-clocked sequential cell  
The clock pin i_system_wrapper/system_i/axi_vcxo_ctrl/inst/u_b205_ref_pll/lead_cnt_reg[7]/C is not reached by a timing clock
Related violations: <none>

TIMING-17#139 Critical Warning
Non-clocked sequential cell  
The clock pin i_system_wrapper/system_i/axi_vcxo_ctrl/inst/u_b205_ref_pll/lead_cnt_reg[8]/C is not reached by a timing clock
Related violations: <none>

TIMING-17#140 Critical Warning
Non-clocked sequential cell  
The clock pin i_system_wrapper/system_i/axi_vcxo_ctrl/inst/u_b205_ref_pll/lead_cnt_reg[9]/C is not reached by a timing clock
Related violations: <none>

TIMING-17#141 Critical Warning
Non-clocked sequential cell  
The clock pin i_system_wrapper/system_i/axi_vcxo_ctrl/inst/u_b205_ref_pll/lead_reg[0]/C is not reached by a timing clock
Related violations: <none>

TIMING-17#142 Critical Warning
Non-clocked sequential cell  
The clock pin i_system_wrapper/system_i/axi_vcxo_ctrl/inst/u_b205_ref_pll/lead_reg[10]/C is not reached by a timing clock
Related violations: <none>

TIMING-17#143 Critical Warning
Non-clocked sequential cell  
The clock pin i_system_wrapper/system_i/axi_vcxo_ctrl/inst/u_b205_ref_pll/lead_reg[11]/C is not reached by a timing clock
Related violations: <none>

TIMING-17#144 Critical Warning
Non-clocked sequential cell  
The clock pin i_system_wrapper/system_i/axi_vcxo_ctrl/inst/u_b205_ref_pll/lead_reg[12]/C is not reached by a timing clock
Related violations: <none>

TIMING-17#145 Critical Warning
Non-clocked sequential cell  
The clock pin i_system_wrapper/system_i/axi_vcxo_ctrl/inst/u_b205_ref_pll/lead_reg[13]/C is not reached by a timing clock
Related violations: <none>

TIMING-17#146 Critical Warning
Non-clocked sequential cell  
The clock pin i_system_wrapper/system_i/axi_vcxo_ctrl/inst/u_b205_ref_pll/lead_reg[14]/C is not reached by a timing clock
Related violations: <none>

TIMING-17#147 Critical Warning
Non-clocked sequential cell  
The clock pin i_system_wrapper/system_i/axi_vcxo_ctrl/inst/u_b205_ref_pll/lead_reg[15]/C is not reached by a timing clock
Related violations: <none>

TIMING-17#148 Critical Warning
Non-clocked sequential cell  
The clock pin i_system_wrapper/system_i/axi_vcxo_ctrl/inst/u_b205_ref_pll/lead_reg[16]/C is not reached by a timing clock
Related violations: <none>

TIMING-17#149 Critical Warning
Non-clocked sequential cell  
The clock pin i_system_wrapper/system_i/axi_vcxo_ctrl/inst/u_b205_ref_pll/lead_reg[17]/C is not reached by a timing clock
Related violations: <none>

TIMING-17#150 Critical Warning
Non-clocked sequential cell  
The clock pin i_system_wrapper/system_i/axi_vcxo_ctrl/inst/u_b205_ref_pll/lead_reg[18]/C is not reached by a timing clock
Related violations: <none>

TIMING-17#151 Critical Warning
Non-clocked sequential cell  
The clock pin i_system_wrapper/system_i/axi_vcxo_ctrl/inst/u_b205_ref_pll/lead_reg[19]/C is not reached by a timing clock
Related violations: <none>

TIMING-17#152 Critical Warning
Non-clocked sequential cell  
The clock pin i_system_wrapper/system_i/axi_vcxo_ctrl/inst/u_b205_ref_pll/lead_reg[1]/C is not reached by a timing clock
Related violations: <none>

TIMING-17#153 Critical Warning
Non-clocked sequential cell  
The clock pin i_system_wrapper/system_i/axi_vcxo_ctrl/inst/u_b205_ref_pll/lead_reg[20]/C is not reached by a timing clock
Related violations: <none>

TIMING-17#154 Critical Warning
Non-clocked sequential cell  
The clock pin i_system_wrapper/system_i/axi_vcxo_ctrl/inst/u_b205_ref_pll/lead_reg[21]/C is not reached by a timing clock
Related violations: <none>

TIMING-17#155 Critical Warning
Non-clocked sequential cell  
The clock pin i_system_wrapper/system_i/axi_vcxo_ctrl/inst/u_b205_ref_pll/lead_reg[22]/C is not reached by a timing clock
Related violations: <none>

TIMING-17#156 Critical Warning
Non-clocked sequential cell  
The clock pin i_system_wrapper/system_i/axi_vcxo_ctrl/inst/u_b205_ref_pll/lead_reg[23]/C is not reached by a timing clock
Related violations: <none>

TIMING-17#157 Critical Warning
Non-clocked sequential cell  
The clock pin i_system_wrapper/system_i/axi_vcxo_ctrl/inst/u_b205_ref_pll/lead_reg[24]/C is not reached by a timing clock
Related violations: <none>

TIMING-17#158 Critical Warning
Non-clocked sequential cell  
The clock pin i_system_wrapper/system_i/axi_vcxo_ctrl/inst/u_b205_ref_pll/lead_reg[25]/C is not reached by a timing clock
Related violations: <none>

TIMING-17#159 Critical Warning
Non-clocked sequential cell  
The clock pin i_system_wrapper/system_i/axi_vcxo_ctrl/inst/u_b205_ref_pll/lead_reg[26]/C is not reached by a timing clock
Related violations: <none>

TIMING-17#160 Critical Warning
Non-clocked sequential cell  
The clock pin i_system_wrapper/system_i/axi_vcxo_ctrl/inst/u_b205_ref_pll/lead_reg[27]/C is not reached by a timing clock
Related violations: <none>

TIMING-17#161 Critical Warning
Non-clocked sequential cell  
The clock pin i_system_wrapper/system_i/axi_vcxo_ctrl/inst/u_b205_ref_pll/lead_reg[28]/C is not reached by a timing clock
Related violations: <none>

TIMING-17#162 Critical Warning
Non-clocked sequential cell  
The clock pin i_system_wrapper/system_i/axi_vcxo_ctrl/inst/u_b205_ref_pll/lead_reg[2]/C is not reached by a timing clock
Related violations: <none>

TIMING-17#163 Critical Warning
Non-clocked sequential cell  
The clock pin i_system_wrapper/system_i/axi_vcxo_ctrl/inst/u_b205_ref_pll/lead_reg[3]/C is not reached by a timing clock
Related violations: <none>

TIMING-17#164 Critical Warning
Non-clocked sequential cell  
The clock pin i_system_wrapper/system_i/axi_vcxo_ctrl/inst/u_b205_ref_pll/lead_reg[4]/C is not reached by a timing clock
Related violations: <none>

TIMING-17#165 Critical Warning
Non-clocked sequential cell  
The clock pin i_system_wrapper/system_i/axi_vcxo_ctrl/inst/u_b205_ref_pll/lead_reg[5]/C is not reached by a timing clock
Related violations: <none>

TIMING-17#166 Critical Warning
Non-clocked sequential cell  
The clock pin i_system_wrapper/system_i/axi_vcxo_ctrl/inst/u_b205_ref_pll/lead_reg[6]/C is not reached by a timing clock
Related violations: <none>

TIMING-17#167 Critical Warning
Non-clocked sequential cell  
The clock pin i_system_wrapper/system_i/axi_vcxo_ctrl/inst/u_b205_ref_pll/lead_reg[7]/C is not reached by a timing clock
Related violations: <none>

TIMING-17#168 Critical Warning
Non-clocked sequential cell  
The clock pin i_system_wrapper/system_i/axi_vcxo_ctrl/inst/u_b205_ref_pll/lead_reg[8]/C is not reached by a timing clock
Related violations: <none>

TIMING-17#169 Critical Warning
Non-clocked sequential cell  
The clock pin i_system_wrapper/system_i/axi_vcxo_ctrl/inst/u_b205_ref_pll/lead_reg[9]/C is not reached by a timing clock
Related violations: <none>

TIMING-17#170 Critical Warning
Non-clocked sequential cell  
The clock pin i_system_wrapper/system_i/axi_vcxo_ctrl/inst/u_b205_ref_pll/locked_reg/C is not reached by a timing clock
Related violations: <none>

TIMING-17#171 Critical Warning
Non-clocked sequential cell  
The clock pin i_system_wrapper/system_i/axi_vcxo_ctrl/inst/u_b205_ref_pll/n_rising_reg/C is not reached by a timing clock
Related violations: <none>

TIMING-17#172 Critical Warning
Non-clocked sequential cell  
The clock pin i_system_wrapper/system_i/axi_vcxo_ctrl/inst/u_b205_ref_pll/ncnt_reg[0]/C is not reached by a timing clock
Related violations: <none>

TIMING-17#173 Critical Warning
Non-clocked sequential cell  
The clock pin i_system_wrapper/system_i/axi_vcxo_ctrl/inst/u_b205_ref_pll/ncnt_reg[10]/C is not reached by a timing clock
Related violations: <none>

TIMING-17#174 Critical Warning
Non-clocked sequential cell  
The clock pin i_system_wrapper/system_i/axi_vcxo_ctrl/inst/u_b205_ref_pll/ncnt_reg[11]/C is not reached by a timing clock
Related violations: <none>

TIMING-17#175 Critical Warning
Non-clocked sequential cell  
The clock pin i_system_wrapper/system_i/axi_vcxo_ctrl/inst/u_b205_ref_pll/ncnt_reg[12]/C is not reached by a timing clock
Related violations: <none>

TIMING-17#176 Critical Warning
Non-clocked sequential cell  
The clock pin i_system_wrapper/system_i/axi_vcxo_ctrl/inst/u_b205_ref_pll/ncnt_reg[13]/C is not reached by a timing clock
Related violations: <none>

TIMING-17#177 Critical Warning
Non-clocked sequential cell  
The clock pin i_system_wrapper/system_i/axi_vcxo_ctrl/inst/u_b205_ref_pll/ncnt_reg[14]/C is not reached by a timing clock
Related violations: <none>

TIMING-17#178 Critical Warning
Non-clocked sequential cell  
The clock pin i_system_wrapper/system_i/axi_vcxo_ctrl/inst/u_b205_ref_pll/ncnt_reg[15]/C is not reached by a timing clock
Related violations: <none>

TIMING-17#179 Critical Warning
Non-clocked sequential cell  
The clock pin i_system_wrapper/system_i/axi_vcxo_ctrl/inst/u_b205_ref_pll/ncnt_reg[16]/C is not reached by a timing clock
Related violations: <none>

TIMING-17#180 Critical Warning
Non-clocked sequential cell  
The clock pin i_system_wrapper/system_i/axi_vcxo_ctrl/inst/u_b205_ref_pll/ncnt_reg[17]/C is not reached by a timing clock
Related violations: <none>

TIMING-17#181 Critical Warning
Non-clocked sequential cell  
The clock pin i_system_wrapper/system_i/axi_vcxo_ctrl/inst/u_b205_ref_pll/ncnt_reg[18]/C is not reached by a timing clock
Related violations: <none>

TIMING-17#182 Critical Warning
Non-clocked sequential cell  
The clock pin i_system_wrapper/system_i/axi_vcxo_ctrl/inst/u_b205_ref_pll/ncnt_reg[19]/C is not reached by a timing clock
Related violations: <none>

TIMING-17#183 Critical Warning
Non-clocked sequential cell  
The clock pin i_system_wrapper/system_i/axi_vcxo_ctrl/inst/u_b205_ref_pll/ncnt_reg[1]/C is not reached by a timing clock
Related violations: <none>

TIMING-17#184 Critical Warning
Non-clocked sequential cell  
The clock pin i_system_wrapper/system_i/axi_vcxo_ctrl/inst/u_b205_ref_pll/ncnt_reg[20]/C is not reached by a timing clock
Related violations: <none>

TIMING-17#185 Critical Warning
Non-clocked sequential cell  
The clock pin i_system_wrapper/system_i/axi_vcxo_ctrl/inst/u_b205_ref_pll/ncnt_reg[21]/C is not reached by a timing clock
Related violations: <none>

TIMING-17#186 Critical Warning
Non-clocked sequential cell  
The clock pin i_system_wrapper/system_i/axi_vcxo_ctrl/inst/u_b205_ref_pll/ncnt_reg[22]/C is not reached by a timing clock
Related violations: <none>

TIMING-17#187 Critical Warning
Non-clocked sequential cell  
The clock pin i_system_wrapper/system_i/axi_vcxo_ctrl/inst/u_b205_ref_pll/ncnt_reg[23]/C is not reached by a timing clock
Related violations: <none>

TIMING-17#188 Critical Warning
Non-clocked sequential cell  
The clock pin i_system_wrapper/system_i/axi_vcxo_ctrl/inst/u_b205_ref_pll/ncnt_reg[24]/C is not reached by a timing clock
Related violations: <none>

TIMING-17#189 Critical Warning
Non-clocked sequential cell  
The clock pin i_system_wrapper/system_i/axi_vcxo_ctrl/inst/u_b205_ref_pll/ncnt_reg[25]/C is not reached by a timing clock
Related violations: <none>

TIMING-17#190 Critical Warning
Non-clocked sequential cell  
The clock pin i_system_wrapper/system_i/axi_vcxo_ctrl/inst/u_b205_ref_pll/ncnt_reg[2]/C is not reached by a timing clock
Related violations: <none>

TIMING-17#191 Critical Warning
Non-clocked sequential cell  
The clock pin i_system_wrapper/system_i/axi_vcxo_ctrl/inst/u_b205_ref_pll/ncnt_reg[3]/C is not reached by a timing clock
Related violations: <none>

TIMING-17#192 Critical Warning
Non-clocked sequential cell  
The clock pin i_system_wrapper/system_i/axi_vcxo_ctrl/inst/u_b205_ref_pll/ncnt_reg[4]/C is not reached by a timing clock
Related violations: <none>

TIMING-17#193 Critical Warning
Non-clocked sequential cell  
The clock pin i_system_wrapper/system_i/axi_vcxo_ctrl/inst/u_b205_ref_pll/ncnt_reg[5]/C is not reached by a timing clock
Related violations: <none>

TIMING-17#194 Critical Warning
Non-clocked sequential cell  
The clock pin i_system_wrapper/system_i/axi_vcxo_ctrl/inst/u_b205_ref_pll/ncnt_reg[6]/C is not reached by a timing clock
Related violations: <none>

TIMING-17#195 Critical Warning
Non-clocked sequential cell  
The clock pin i_system_wrapper/system_i/axi_vcxo_ctrl/inst/u_b205_ref_pll/ncnt_reg[7]/C is not reached by a timing clock
Related violations: <none>

TIMING-17#196 Critical Warning
Non-clocked sequential cell  
The clock pin i_system_wrapper/system_i/axi_vcxo_ctrl/inst/u_b205_ref_pll/ncnt_reg[8]/C is not reached by a timing clock
Related violations: <none>

TIMING-17#197 Critical Warning
Non-clocked sequential cell  
The clock pin i_system_wrapper/system_i/axi_vcxo_ctrl/inst/u_b205_ref_pll/ncnt_reg[9]/C is not reached by a timing clock
Related violations: <none>

TIMING-17#198 Critical Warning
Non-clocked sequential cell  
The clock pin i_system_wrapper/system_i/axi_vcxo_ctrl/inst/u_b205_ref_pll/phase_err_reg[0]/C is not reached by a timing clock
Related violations: <none>

TIMING-17#199 Critical Warning
Non-clocked sequential cell  
The clock pin i_system_wrapper/system_i/axi_vcxo_ctrl/inst/u_b205_ref_pll/phase_err_reg[10]/C is not reached by a timing clock
Related violations: <none>

TIMING-17#200 Critical Warning
Non-clocked sequential cell  
The clock pin i_system_wrapper/system_i/axi_vcxo_ctrl/inst/u_b205_ref_pll/phase_err_reg[11]/C is not reached by a timing clock
Related violations: <none>

TIMING-17#201 Critical Warning
Non-clocked sequential cell  
The clock pin i_system_wrapper/system_i/axi_vcxo_ctrl/inst/u_b205_ref_pll/phase_err_reg[12]/C is not reached by a timing clock
Related violations: <none>

TIMING-17#202 Critical Warning
Non-clocked sequential cell  
The clock pin i_system_wrapper/system_i/axi_vcxo_ctrl/inst/u_b205_ref_pll/phase_err_reg[13]/C is not reached by a timing clock
Related violations: <none>

TIMING-17#203 Critical Warning
Non-clocked sequential cell  
The clock pin i_system_wrapper/system_i/axi_vcxo_ctrl/inst/u_b205_ref_pll/phase_err_reg[14]/C is not reached by a timing clock
Related violations: <none>

TIMING-17#204 Critical Warning
Non-clocked sequential cell  
The clock pin i_system_wrapper/system_i/axi_vcxo_ctrl/inst/u_b205_ref_pll/phase_err_reg[15]/C is not reached by a timing clock
Related violations: <none>

TIMING-17#205 Critical Warning
Non-clocked sequential cell  
The clock pin i_system_wrapper/system_i/axi_vcxo_ctrl/inst/u_b205_ref_pll/phase_err_reg[16]/C is not reached by a timing clock
Related violations: <none>

TIMING-17#206 Critical Warning
Non-clocked sequential cell  
The clock pin i_system_wrapper/system_i/axi_vcxo_ctrl/inst/u_b205_ref_pll/phase_err_reg[17]/C is not reached by a timing clock
Related violations: <none>

TIMING-17#207 Critical Warning
Non-clocked sequential cell  
The clock pin i_system_wrapper/system_i/axi_vcxo_ctrl/inst/u_b205_ref_pll/phase_err_reg[18]/C is not reached by a timing clock
Related violations: <none>

TIMING-17#208 Critical Warning
Non-clocked sequential cell  
The clock pin i_system_wrapper/system_i/axi_vcxo_ctrl/inst/u_b205_ref_pll/phase_err_reg[19]/C is not reached by a timing clock
Related violations: <none>

TIMING-17#209 Critical Warning
Non-clocked sequential cell  
The clock pin i_system_wrapper/system_i/axi_vcxo_ctrl/inst/u_b205_ref_pll/phase_err_reg[1]/C is not reached by a timing clock
Related violations: <none>

TIMING-17#210 Critical Warning
Non-clocked sequential cell  
The clock pin i_system_wrapper/system_i/axi_vcxo_ctrl/inst/u_b205_ref_pll/phase_err_reg[20]/C is not reached by a timing clock
Related violations: <none>

TIMING-17#211 Critical Warning
Non-clocked sequential cell  
The clock pin i_system_wrapper/system_i/axi_vcxo_ctrl/inst/u_b205_ref_pll/phase_err_reg[21]/C is not reached by a timing clock
Related violations: <none>

TIMING-17#212 Critical Warning
Non-clocked sequential cell  
The clock pin i_system_wrapper/system_i/axi_vcxo_ctrl/inst/u_b205_ref_pll/phase_err_reg[22]/C is not reached by a timing clock
Related violations: <none>

TIMING-17#213 Critical Warning
Non-clocked sequential cell  
The clock pin i_system_wrapper/system_i/axi_vcxo_ctrl/inst/u_b205_ref_pll/phase_err_reg[23]/C is not reached by a timing clock
Related violations: <none>

TIMING-17#214 Critical Warning
Non-clocked sequential cell  
The clock pin i_system_wrapper/system_i/axi_vcxo_ctrl/inst/u_b205_ref_pll/phase_err_reg[24]/C is not reached by a timing clock
Related violations: <none>

TIMING-17#215 Critical Warning
Non-clocked sequential cell  
The clock pin i_system_wrapper/system_i/axi_vcxo_ctrl/inst/u_b205_ref_pll/phase_err_reg[25]/C is not reached by a timing clock
Related violations: <none>

TIMING-17#216 Critical Warning
Non-clocked sequential cell  
The clock pin i_system_wrapper/system_i/axi_vcxo_ctrl/inst/u_b205_ref_pll/phase_err_reg[26]/C is not reached by a timing clock
Related violations: <none>

TIMING-17#217 Critical Warning
Non-clocked sequential cell  
The clock pin i_system_wrapper/system_i/axi_vcxo_ctrl/inst/u_b205_ref_pll/phase_err_reg[27]/C is not reached by a timing clock
Related violations: <none>

TIMING-17#218 Critical Warning
Non-clocked sequential cell  
The clock pin i_system_wrapper/system_i/axi_vcxo_ctrl/inst/u_b205_ref_pll/phase_err_reg[28]/C is not reached by a timing clock
Related violations: <none>

TIMING-17#219 Critical Warning
Non-clocked sequential cell  
The clock pin i_system_wrapper/system_i/axi_vcxo_ctrl/inst/u_b205_ref_pll/phase_err_reg[2]/C is not reached by a timing clock
Related violations: <none>

TIMING-17#220 Critical Warning
Non-clocked sequential cell  
The clock pin i_system_wrapper/system_i/axi_vcxo_ctrl/inst/u_b205_ref_pll/phase_err_reg[3]/C is not reached by a timing clock
Related violations: <none>

TIMING-17#221 Critical Warning
Non-clocked sequential cell  
The clock pin i_system_wrapper/system_i/axi_vcxo_ctrl/inst/u_b205_ref_pll/phase_err_reg[4]/C is not reached by a timing clock
Related violations: <none>

TIMING-17#222 Critical Warning
Non-clocked sequential cell  
The clock pin i_system_wrapper/system_i/axi_vcxo_ctrl/inst/u_b205_ref_pll/phase_err_reg[5]/C is not reached by a timing clock
Related violations: <none>

TIMING-17#223 Critical Warning
Non-clocked sequential cell  
The clock pin i_system_wrapper/system_i/axi_vcxo_ctrl/inst/u_b205_ref_pll/phase_err_reg[6]/C is not reached by a timing clock
Related violations: <none>

TIMING-17#224 Critical Warning
Non-clocked sequential cell  
The clock pin i_system_wrapper/system_i/axi_vcxo_ctrl/inst/u_b205_ref_pll/phase_err_reg[7]/C is not reached by a timing clock
Related violations: <none>

TIMING-17#225 Critical Warning
Non-clocked sequential cell  
The clock pin i_system_wrapper/system_i/axi_vcxo_ctrl/inst/u_b205_ref_pll/phase_err_reg[8]/C is not reached by a timing clock
Related violations: <none>

TIMING-17#226 Critical Warning
Non-clocked sequential cell  
The clock pin i_system_wrapper/system_i/axi_vcxo_ctrl/inst/u_b205_ref_pll/phase_err_reg[9]/C is not reached by a timing clock
Related violations: <none>

TIMING-17#227 Critical Warning
Non-clocked sequential cell  
The clock pin i_system_wrapper/system_i/axi_vcxo_ctrl/inst/u_b205_ref_pll/r_period_cnt_reg[0]/C is not reached by a timing clock
Related violations: <none>

TIMING-17#228 Critical Warning
Non-clocked sequential cell  
The clock pin i_system_wrapper/system_i/axi_vcxo_ctrl/inst/u_b205_ref_pll/r_period_cnt_reg[10]/C is not reached by a timing clock
Related violations: <none>

TIMING-17#229 Critical Warning
Non-clocked sequential cell  
The clock pin i_system_wrapper/system_i/axi_vcxo_ctrl/inst/u_b205_ref_pll/r_period_cnt_reg[11]/C is not reached by a timing clock
Related violations: <none>

TIMING-17#230 Critical Warning
Non-clocked sequential cell  
The clock pin i_system_wrapper/system_i/axi_vcxo_ctrl/inst/u_b205_ref_pll/r_period_cnt_reg[12]/C is not reached by a timing clock
Related violations: <none>

TIMING-17#231 Critical Warning
Non-clocked sequential cell  
The clock pin i_system_wrapper/system_i/axi_vcxo_ctrl/inst/u_b205_ref_pll/r_period_cnt_reg[13]/C is not reached by a timing clock
Related violations: <none>

TIMING-17#232 Critical Warning
Non-clocked sequential cell  
The clock pin i_system_wrapper/system_i/axi_vcxo_ctrl/inst/u_b205_ref_pll/r_period_cnt_reg[14]/C is not reached by a timing clock
Related violations: <none>

TIMING-17#233 Critical Warning
Non-clocked sequential cell  
The clock pin i_system_wrapper/system_i/axi_vcxo_ctrl/inst/u_b205_ref_pll/r_period_cnt_reg[15]/C is not reached by a timing clock
Related violations: <none>

TIMING-17#234 Critical Warning
Non-clocked sequential cell  
The clock pin i_system_wrapper/system_i/axi_vcxo_ctrl/inst/u_b205_ref_pll/r_period_cnt_reg[16]/C is not reached by a timing clock
Related violations: <none>

TIMING-17#235 Critical Warning
Non-clocked sequential cell  
The clock pin i_system_wrapper/system_i/axi_vcxo_ctrl/inst/u_b205_ref_pll/r_period_cnt_reg[17]/C is not reached by a timing clock
Related violations: <none>

TIMING-17#236 Critical Warning
Non-clocked sequential cell  
The clock pin i_system_wrapper/system_i/axi_vcxo_ctrl/inst/u_b205_ref_pll/r_period_cnt_reg[18]/C is not reached by a timing clock
Related violations: <none>

TIMING-17#237 Critical Warning
Non-clocked sequential cell  
The clock pin i_system_wrapper/system_i/axi_vcxo_ctrl/inst/u_b205_ref_pll/r_period_cnt_reg[19]/C is not reached by a timing clock
Related violations: <none>

TIMING-17#238 Critical Warning
Non-clocked sequential cell  
The clock pin i_system_wrapper/system_i/axi_vcxo_ctrl/inst/u_b205_ref_pll/r_period_cnt_reg[1]/C is not reached by a timing clock
Related violations: <none>

TIMING-17#239 Critical Warning
Non-clocked sequential cell  
The clock pin i_system_wrapper/system_i/axi_vcxo_ctrl/inst/u_b205_ref_pll/r_period_cnt_reg[20]/C is not reached by a timing clock
Related violations: <none>

TIMING-17#240 Critical Warning
Non-clocked sequential cell  
The clock pin i_system_wrapper/system_i/axi_vcxo_ctrl/inst/u_b205_ref_pll/r_period_cnt_reg[21]/C is not reached by a timing clock
Related violations: <none>

TIMING-17#241 Critical Warning
Non-clocked sequential cell  
The clock pin i_system_wrapper/system_i/axi_vcxo_ctrl/inst/u_b205_ref_pll/r_period_cnt_reg[22]/C is not reached by a timing clock
Related violations: <none>

TIMING-17#242 Critical Warning
Non-clocked sequential cell  
The clock pin i_system_wrapper/system_i/axi_vcxo_ctrl/inst/u_b205_ref_pll/r_period_cnt_reg[23]/C is not reached by a timing clock
Related violations: <none>

TIMING-17#243 Critical Warning
Non-clocked sequential cell  
The clock pin i_system_wrapper/system_i/axi_vcxo_ctrl/inst/u_b205_ref_pll/r_period_cnt_reg[24]/C is not reached by a timing clock
Related violations: <none>

TIMING-17#244 Critical Warning
Non-clocked sequential cell  
The clock pin i_system_wrapper/system_i/axi_vcxo_ctrl/inst/u_b205_ref_pll/r_period_cnt_reg[25]/C is not reached by a timing clock
Related violations: <none>

TIMING-17#245 Critical Warning
Non-clocked sequential cell  
The clock pin i_system_wrapper/system_i/axi_vcxo_ctrl/inst/u_b205_ref_pll/r_period_cnt_reg[26]/C is not reached by a timing clock
Related violations: <none>

TIMING-17#246 Critical Warning
Non-clocked sequential cell  
The clock pin i_system_wrapper/system_i/axi_vcxo_ctrl/inst/u_b205_ref_pll/r_period_cnt_reg[27]/C is not reached by a timing clock
Related violations: <none>

TIMING-17#247 Critical Warning
Non-clocked sequential cell  
The clock pin i_system_wrapper/system_i/axi_vcxo_ctrl/inst/u_b205_ref_pll/r_period_cnt_reg[28]/C is not reached by a timing clock
Related violations: <none>

TIMING-17#248 Critical Warning
Non-clocked sequential cell  
The clock pin i_system_wrapper/system_i/axi_vcxo_ctrl/inst/u_b205_ref_pll/r_period_cnt_reg[2]/C is not reached by a timing clock
Related violations: <none>

TIMING-17#249 Critical Warning
Non-clocked sequential cell  
The clock pin i_system_wrapper/system_i/axi_vcxo_ctrl/inst/u_b205_ref_pll/r_period_cnt_reg[3]/C is not reached by a timing clock
Related violations: <none>

TIMING-17#250 Critical Warning
Non-clocked sequential cell  
The clock pin i_system_wrapper/system_i/axi_vcxo_ctrl/inst/u_b205_ref_pll/r_period_cnt_reg[4]/C is not reached by a timing clock
Related violations: <none>

TIMING-17#251 Critical Warning
Non-clocked sequential cell  
The clock pin i_system_wrapper/system_i/axi_vcxo_ctrl/inst/u_b205_ref_pll/r_period_cnt_reg[5]/C is not reached by a timing clock
Related violations: <none>

TIMING-17#252 Critical Warning
Non-clocked sequential cell  
The clock pin i_system_wrapper/system_i/axi_vcxo_ctrl/inst/u_b205_ref_pll/r_period_cnt_reg[6]/C is not reached by a timing clock
Related violations: <none>

TIMING-17#253 Critical Warning
Non-clocked sequential cell  
The clock pin i_system_wrapper/system_i/axi_vcxo_ctrl/inst/u_b205_ref_pll/r_period_cnt_reg[7]/C is not reached by a timing clock
Related violations: <none>

TIMING-17#254 Critical Warning
Non-clocked sequential cell  
The clock pin i_system_wrapper/system_i/axi_vcxo_ctrl/inst/u_b205_ref_pll/r_period_cnt_reg[8]/C is not reached by a timing clock
Related violations: <none>

TIMING-17#255 Critical Warning
Non-clocked sequential cell  
The clock pin i_system_wrapper/system_i/axi_vcxo_ctrl/inst/u_b205_ref_pll/r_period_cnt_reg[9]/C is not reached by a timing clock
Related violations: <none>

TIMING-17#256 Critical Warning
Non-clocked sequential cell  
The clock pin i_system_wrapper/system_i/axi_vcxo_ctrl/inst/u_b205_ref_pll/r_rising_reg/C is not reached by a timing clock
Related violations: <none>

TIMING-17#257 Critical Warning
Non-clocked sequential cell  
The clock pin i_system_wrapper/system_i/axi_vcxo_ctrl/inst/u_b205_ref_pll/rcnt_reg[0]/C is not reached by a timing clock
Related violations: <none>

TIMING-17#258 Critical Warning
Non-clocked sequential cell  
The clock pin i_system_wrapper/system_i/axi_vcxo_ctrl/inst/u_b205_ref_pll/rcnt_reg[10]/C is not reached by a timing clock
Related violations: <none>

TIMING-17#259 Critical Warning
Non-clocked sequential cell  
The clock pin i_system_wrapper/system_i/axi_vcxo_ctrl/inst/u_b205_ref_pll/rcnt_reg[11]/C is not reached by a timing clock
Related violations: <none>

TIMING-17#260 Critical Warning
Non-clocked sequential cell  
The clock pin i_system_wrapper/system_i/axi_vcxo_ctrl/inst/u_b205_ref_pll/rcnt_reg[12]/C is not reached by a timing clock
Related violations: <none>

TIMING-17#261 Critical Warning
Non-clocked sequential cell  
The clock pin i_system_wrapper/system_i/axi_vcxo_ctrl/inst/u_b205_ref_pll/rcnt_reg[13]/C is not reached by a timing clock
Related violations: <none>

TIMING-17#262 Critical Warning
Non-clocked sequential cell  
The clock pin i_system_wrapper/system_i/axi_vcxo_ctrl/inst/u_b205_ref_pll/rcnt_reg[14]/C is not reached by a timing clock
Related violations: <none>

TIMING-17#263 Critical Warning
Non-clocked sequential cell  
The clock pin i_system_wrapper/system_i/axi_vcxo_ctrl/inst/u_b205_ref_pll/rcnt_reg[15]/C is not reached by a timing clock
Related violations: <none>

TIMING-17#264 Critical Warning
Non-clocked sequential cell  
The clock pin i_system_wrapper/system_i/axi_vcxo_ctrl/inst/u_b205_ref_pll/rcnt_reg[16]/C is not reached by a timing clock
Related violations: <none>

TIMING-17#265 Critical Warning
Non-clocked sequential cell  
The clock pin i_system_wrapper/system_i/axi_vcxo_ctrl/inst/u_b205_ref_pll/rcnt_reg[17]/C is not reached by a timing clock
Related violations: <none>

TIMING-17#266 Critical Warning
Non-clocked sequential cell  
The clock pin i_system_wrapper/system_i/axi_vcxo_ctrl/inst/u_b205_ref_pll/rcnt_reg[18]/C is not reached by a timing clock
Related violations: <none>

TIMING-17#267 Critical Warning
Non-clocked sequential cell  
The clock pin i_system_wrapper/system_i/axi_vcxo_ctrl/inst/u_b205_ref_pll/rcnt_reg[19]/C is not reached by a timing clock
Related violations: <none>

TIMING-17#268 Critical Warning
Non-clocked sequential cell  
The clock pin i_system_wrapper/system_i/axi_vcxo_ctrl/inst/u_b205_ref_pll/rcnt_reg[1]/C is not reached by a timing clock
Related violations: <none>

TIMING-17#269 Critical Warning
Non-clocked sequential cell  
The clock pin i_system_wrapper/system_i/axi_vcxo_ctrl/inst/u_b205_ref_pll/rcnt_reg[20]/C is not reached by a timing clock
Related violations: <none>

TIMING-17#270 Critical Warning
Non-clocked sequential cell  
The clock pin i_system_wrapper/system_i/axi_vcxo_ctrl/inst/u_b205_ref_pll/rcnt_reg[21]/C is not reached by a timing clock
Related violations: <none>

TIMING-17#271 Critical Warning
Non-clocked sequential cell  
The clock pin i_system_wrapper/system_i/axi_vcxo_ctrl/inst/u_b205_ref_pll/rcnt_reg[22]/C is not reached by a timing clock
Related violations: <none>

TIMING-17#272 Critical Warning
Non-clocked sequential cell  
The clock pin i_system_wrapper/system_i/axi_vcxo_ctrl/inst/u_b205_ref_pll/rcnt_reg[23]/C is not reached by a timing clock
Related violations: <none>

TIMING-17#273 Critical Warning
Non-clocked sequential cell  
The clock pin i_system_wrapper/system_i/axi_vcxo_ctrl/inst/u_b205_ref_pll/rcnt_reg[2]/C is not reached by a timing clock
Related violations: <none>

TIMING-17#274 Critical Warning
Non-clocked sequential cell  
The clock pin i_system_wrapper/system_i/axi_vcxo_ctrl/inst/u_b205_ref_pll/rcnt_reg[3]/C is not reached by a timing clock
Related violations: <none>

TIMING-17#275 Critical Warning
Non-clocked sequential cell  
The clock pin i_system_wrapper/system_i/axi_vcxo_ctrl/inst/u_b205_ref_pll/rcnt_reg[4]/C is not reached by a timing clock
Related violations: <none>

TIMING-17#276 Critical Warning
Non-clocked sequential cell  
The clock pin i_system_wrapper/system_i/axi_vcxo_ctrl/inst/u_b205_ref_pll/rcnt_reg[5]/C is not reached by a timing clock
Related violations: <none>

TIMING-17#277 Critical Warning
Non-clocked sequential cell  
The clock pin i_system_wrapper/system_i/axi_vcxo_ctrl/inst/u_b205_ref_pll/rcnt_reg[6]/C is not reached by a timing clock
Related violations: <none>

TIMING-17#278 Critical Warning
Non-clocked sequential cell  
The clock pin i_system_wrapper/system_i/axi_vcxo_ctrl/inst/u_b205_ref_pll/rcnt_reg[7]/C is not reached by a timing clock
Related violations: <none>

TIMING-17#279 Critical Warning
Non-clocked sequential cell  
The clock pin i_system_wrapper/system_i/axi_vcxo_ctrl/inst/u_b205_ref_pll/rcnt_reg[8]/C is not reached by a timing clock
Related violations: <none>

TIMING-17#280 Critical Warning
Non-clocked sequential cell  
The clock pin i_system_wrapper/system_i/axi_vcxo_ctrl/inst/u_b205_ref_pll/rcnt_reg[9]/C is not reached by a timing clock
Related violations: <none>

TIMING-17#281 Critical Warning
Non-clocked sequential cell  
The clock pin i_system_wrapper/system_i/axi_vcxo_ctrl/inst/u_b205_ref_pll/ref_detected_reg/C is not reached by a timing clock
Related violations: <none>

TIMING-17#282 Critical Warning
Non-clocked sequential cell  
The clock pin i_system_wrapper/system_i/axi_vcxo_ctrl/inst/u_b205_ref_pll/ref_is_10M_reg/C is not reached by a timing clock
Related violations: <none>

TIMING-17#283 Critical Warning
Non-clocked sequential cell  
The clock pin i_system_wrapper/system_i/axi_vcxo_ctrl/inst/u_b205_ref_pll/ref_is_10M_reg_rep/C is not reached by a timing clock
Related violations: <none>

TIMING-17#284 Critical Warning
Non-clocked sequential cell  
The clock pin i_system_wrapper/system_i/axi_vcxo_ctrl/inst/u_b205_ref_pll/ref_is_10M_reg_rep__0/C is not reached by a timing clock
Related violations: <none>

TIMING-17#285 Critical Warning
Non-clocked sequential cell  
The clock pin i_system_wrapper/system_i/axi_vcxo_ctrl/inst/u_b205_ref_pll/ref_is_pps_reg/C is not reached by a timing clock
Related violations: <none>

TIMING-17#286 Critical Warning
Non-clocked sequential cell  
The clock pin i_system_wrapper/system_i/axi_vcxo_ctrl/inst/u_b205_ref_pll/refclk_div_reg/C is not reached by a timing clock
Related violations: <none>

TIMING-17#287 Critical Warning
Non-clocked sequential cell  
The clock pin i_system_wrapper/system_i/axi_vcxo_ctrl/inst/u_b205_ref_pll/refclksmp_reg[1]_srl2/CLK is not reached by a timing clock
Related violations: <none>

TIMING-17#288 Critical Warning
Non-clocked sequential cell  
The clock pin i_system_wrapper/system_i/axi_vcxo_ctrl/inst/u_b205_ref_pll/refclksmp_reg[2]/C is not reached by a timing clock
Related violations: <none>

TIMING-17#289 Critical Warning
Non-clocked sequential cell  
The clock pin i_system_wrapper/system_i/axi_vcxo_ctrl/inst/u_b205_ref_pll/refclksmp_reg[3]/C is not reached by a timing clock
Related violations: <none>

TIMING-17#290 Critical Warning
Non-clocked sequential cell  
The clock pin i_system_wrapper/system_i/axi_vcxo_ctrl/inst/u_b205_ref_pll/refcnt_reg[0]/C is not reached by a timing clock
Related violations: <none>

TIMING-17#291 Critical Warning
Non-clocked sequential cell  
The clock pin i_system_wrapper/system_i/axi_vcxo_ctrl/inst/u_b205_ref_pll/refcnt_reg[10]/C is not reached by a timing clock
Related violations: <none>

TIMING-17#292 Critical Warning
Non-clocked sequential cell  
The clock pin i_system_wrapper/system_i/axi_vcxo_ctrl/inst/u_b205_ref_pll/refcnt_reg[11]/C is not reached by a timing clock
Related violations: <none>

TIMING-17#293 Critical Warning
Non-clocked sequential cell  
The clock pin i_system_wrapper/system_i/axi_vcxo_ctrl/inst/u_b205_ref_pll/refcnt_reg[12]/C is not reached by a timing clock
Related violations: <none>

TIMING-17#294 Critical Warning
Non-clocked sequential cell  
The clock pin i_system_wrapper/system_i/axi_vcxo_ctrl/inst/u_b205_ref_pll/refcnt_reg[13]/C is not reached by a timing clock
Related violations: <none>

TIMING-17#295 Critical Warning
Non-clocked sequential cell  
The clock pin i_system_wrapper/system_i/axi_vcxo_ctrl/inst/u_b205_ref_pll/refcnt_reg[14]/C is not reached by a timing clock
Related violations: <none>

TIMING-17#296 Critical Warning
Non-clocked sequential cell  
The clock pin i_system_wrapper/system_i/axi_vcxo_ctrl/inst/u_b205_ref_pll/refcnt_reg[15]/C is not reached by a timing clock
Related violations: <none>

TIMING-17#297 Critical Warning
Non-clocked sequential cell  
The clock pin i_system_wrapper/system_i/axi_vcxo_ctrl/inst/u_b205_ref_pll/refcnt_reg[16]/C is not reached by a timing clock
Related violations: <none>

TIMING-17#298 Critical Warning
Non-clocked sequential cell  
The clock pin i_system_wrapper/system_i/axi_vcxo_ctrl/inst/u_b205_ref_pll/refcnt_reg[17]/C is not reached by a timing clock
Related violations: <none>

TIMING-17#299 Critical Warning
Non-clocked sequential cell  
The clock pin i_system_wrapper/system_i/axi_vcxo_ctrl/inst/u_b205_ref_pll/refcnt_reg[18]/C is not reached by a timing clock
Related violations: <none>

TIMING-17#300 Critical Warning
Non-clocked sequential cell  
The clock pin i_system_wrapper/system_i/axi_vcxo_ctrl/inst/u_b205_ref_pll/refcnt_reg[19]/C is not reached by a timing clock
Related violations: <none>

TIMING-17#301 Critical Warning
Non-clocked sequential cell  
The clock pin i_system_wrapper/system_i/axi_vcxo_ctrl/inst/u_b205_ref_pll/refcnt_reg[1]/C is not reached by a timing clock
Related violations: <none>

TIMING-17#302 Critical Warning
Non-clocked sequential cell  
The clock pin i_system_wrapper/system_i/axi_vcxo_ctrl/inst/u_b205_ref_pll/refcnt_reg[20]/C is not reached by a timing clock
Related violations: <none>

TIMING-17#303 Critical Warning
Non-clocked sequential cell  
The clock pin i_system_wrapper/system_i/axi_vcxo_ctrl/inst/u_b205_ref_pll/refcnt_reg[21]/C is not reached by a timing clock
Related violations: <none>

TIMING-17#304 Critical Warning
Non-clocked sequential cell  
The clock pin i_system_wrapper/system_i/axi_vcxo_ctrl/inst/u_b205_ref_pll/refcnt_reg[22]/C is not reached by a timing clock
Related violations: <none>

TIMING-17#305 Critical Warning
Non-clocked sequential cell  
The clock pin i_system_wrapper/system_i/axi_vcxo_ctrl/inst/u_b205_ref_pll/refcnt_reg[23]/C is not reached by a timing clock
Related violations: <none>

TIMING-17#306 Critical Warning
Non-clocked sequential cell  
The clock pin i_system_wrapper/system_i/axi_vcxo_ctrl/inst/u_b205_ref_pll/refcnt_reg[24]/C is not reached by a timing clock
Related violations: <none>

TIMING-17#307 Critical Warning
Non-clocked sequential cell  
The clock pin i_system_wrapper/system_i/axi_vcxo_ctrl/inst/u_b205_ref_pll/refcnt_reg[25]/C is not reached by a timing clock
Related violations: <none>

TIMING-17#308 Critical Warning
Non-clocked sequential cell  
The clock pin i_system_wrapper/system_i/axi_vcxo_ctrl/inst/u_b205_ref_pll/refcnt_reg[26]/C is not reached by a timing clock
Related violations: <none>

TIMING-17#309 Critical Warning
Non-clocked sequential cell  
The clock pin i_system_wrapper/system_i/axi_vcxo_ctrl/inst/u_b205_ref_pll/refcnt_reg[27]/C is not reached by a timing clock
Related violations: <none>

TIMING-17#310 Critical Warning
Non-clocked sequential cell  
The clock pin i_system_wrapper/system_i/axi_vcxo_ctrl/inst/u_b205_ref_pll/refcnt_reg[28]/C is not reached by a timing clock
Related violations: <none>

TIMING-17#311 Critical Warning
Non-clocked sequential cell  
The clock pin i_system_wrapper/system_i/axi_vcxo_ctrl/inst/u_b205_ref_pll/refcnt_reg[29]/C is not reached by a timing clock
Related violations: <none>

TIMING-17#312 Critical Warning
Non-clocked sequential cell  
The clock pin i_system_wrapper/system_i/axi_vcxo_ctrl/inst/u_b205_ref_pll/refcnt_reg[2]/C is not reached by a timing clock
Related violations: <none>

TIMING-17#313 Critical Warning
Non-clocked sequential cell  
The clock pin i_system_wrapper/system_i/axi_vcxo_ctrl/inst/u_b205_ref_pll/refcnt_reg[30]/C is not reached by a timing clock
Related violations: <none>

TIMING-17#314 Critical Warning
Non-clocked sequential cell  
The clock pin i_system_wrapper/system_i/axi_vcxo_ctrl/inst/u_b205_ref_pll/refcnt_reg[31]/C is not reached by a timing clock
Related violations: <none>

TIMING-17#315 Critical Warning
Non-clocked sequential cell  
The clock pin i_system_wrapper/system_i/axi_vcxo_ctrl/inst/u_b205_ref_pll/refcnt_reg[3]/C is not reached by a timing clock
Related violations: <none>

TIMING-17#316 Critical Warning
Non-clocked sequential cell  
The clock pin i_system_wrapper/system_i/axi_vcxo_ctrl/inst/u_b205_ref_pll/refcnt_reg[4]/C is not reached by a timing clock
Related violations: <none>

TIMING-17#317 Critical Warning
Non-clocked sequential cell  
The clock pin i_system_wrapper/system_i/axi_vcxo_ctrl/inst/u_b205_ref_pll/refcnt_reg[5]/C is not reached by a timing clock
Related violations: <none>

TIMING-17#318 Critical Warning
Non-clocked sequential cell  
The clock pin i_system_wrapper/system_i/axi_vcxo_ctrl/inst/u_b205_ref_pll/refcnt_reg[6]/C is not reached by a timing clock
Related violations: <none>

TIMING-17#319 Critical Warning
Non-clocked sequential cell  
The clock pin i_system_wrapper/system_i/axi_vcxo_ctrl/inst/u_b205_ref_pll/refcnt_reg[7]/C is not reached by a timing clock
Related violations: <none>

TIMING-17#320 Critical Warning
Non-clocked sequential cell  
The clock pin i_system_wrapper/system_i/axi_vcxo_ctrl/inst/u_b205_ref_pll/refcnt_reg[8]/C is not reached by a timing clock
Related violations: <none>

TIMING-17#321 Critical Warning
Non-clocked sequential cell  
The clock pin i_system_wrapper/system_i/axi_vcxo_ctrl/inst/u_b205_ref_pll/refcnt_reg[9]/C is not reached by a timing clock
Related violations: <none>

TIMING-17#322 Critical Warning
Non-clocked sequential cell  
The clock pin i_system_wrapper/system_i/axi_vcxo_ctrl/inst/u_b205_ref_pll/refsmp_reg[1]_srl2/CLK is not reached by a timing clock
Related violations: <none>

TIMING-17#323 Critical Warning
Non-clocked sequential cell  
The clock pin i_system_wrapper/system_i/axi_vcxo_ctrl/inst/u_b205_ref_pll/refsmp_reg[2]/C is not reached by a timing clock
Related violations: <none>

TIMING-17#324 Critical Warning
Non-clocked sequential cell  
The clock pin i_system_wrapper/system_i/axi_vcxo_ctrl/inst/u_b205_ref_pll/refsmp_reg[3]/C is not reached by a timing clock
Related violations: <none>

TIMING-17#325 Critical Warning
Non-clocked sequential cell  
The clock pin i_system_wrapper/system_i/axi_vcxo_ctrl/inst/u_b205_ref_pll/shift_reg[0]/C is not reached by a timing clock
Related violations: <none>

TIMING-17#326 Critical Warning
Non-clocked sequential cell  
The clock pin i_system_wrapper/system_i/axi_vcxo_ctrl/inst/u_b205_ref_pll/shift_reg[10]/C is not reached by a timing clock
Related violations: <none>

TIMING-17#327 Critical Warning
Non-clocked sequential cell  
The clock pin i_system_wrapper/system_i/axi_vcxo_ctrl/inst/u_b205_ref_pll/shift_reg[11]/C is not reached by a timing clock
Related violations: <none>

TIMING-17#328 Critical Warning
Non-clocked sequential cell  
The clock pin i_system_wrapper/system_i/axi_vcxo_ctrl/inst/u_b205_ref_pll/shift_reg[12]/C is not reached by a timing clock
Related violations: <none>

TIMING-17#329 Critical Warning
Non-clocked sequential cell  
The clock pin i_system_wrapper/system_i/axi_vcxo_ctrl/inst/u_b205_ref_pll/shift_reg[13]/C is not reached by a timing clock
Related violations: <none>

TIMING-17#330 Critical Warning
Non-clocked sequential cell  
The clock pin i_system_wrapper/system_i/axi_vcxo_ctrl/inst/u_b205_ref_pll/shift_reg[14]/C is not reached by a timing clock
Related violations: <none>

TIMING-17#331 Critical Warning
Non-clocked sequential cell  
The clock pin i_system_wrapper/system_i/axi_vcxo_ctrl/inst/u_b205_ref_pll/shift_reg[15]/C is not reached by a timing clock
Related violations: <none>

TIMING-17#332 Critical Warning
Non-clocked sequential cell  
The clock pin i_system_wrapper/system_i/axi_vcxo_ctrl/inst/u_b205_ref_pll/shift_reg[16]/C is not reached by a timing clock
Related violations: <none>

TIMING-17#333 Critical Warning
Non-clocked sequential cell  
The clock pin i_system_wrapper/system_i/axi_vcxo_ctrl/inst/u_b205_ref_pll/shift_reg[17]/C is not reached by a timing clock
Related violations: <none>

TIMING-17#334 Critical Warning
Non-clocked sequential cell  
The clock pin i_system_wrapper/system_i/axi_vcxo_ctrl/inst/u_b205_ref_pll/shift_reg[18]/C is not reached by a timing clock
Related violations: <none>

TIMING-17#335 Critical Warning
Non-clocked sequential cell  
The clock pin i_system_wrapper/system_i/axi_vcxo_ctrl/inst/u_b205_ref_pll/shift_reg[19]/C is not reached by a timing clock
Related violations: <none>

TIMING-17#336 Critical Warning
Non-clocked sequential cell  
The clock pin i_system_wrapper/system_i/axi_vcxo_ctrl/inst/u_b205_ref_pll/shift_reg[1]/C is not reached by a timing clock
Related violations: <none>

TIMING-17#337 Critical Warning
Non-clocked sequential cell  
The clock pin i_system_wrapper/system_i/axi_vcxo_ctrl/inst/u_b205_ref_pll/shift_reg[20]/C is not reached by a timing clock
Related violations: <none>

TIMING-17#338 Critical Warning
Non-clocked sequential cell  
The clock pin i_system_wrapper/system_i/axi_vcxo_ctrl/inst/u_b205_ref_pll/shift_reg[21]/C is not reached by a timing clock
Related violations: <none>

TIMING-17#339 Critical Warning
Non-clocked sequential cell  
The clock pin i_system_wrapper/system_i/axi_vcxo_ctrl/inst/u_b205_ref_pll/shift_reg[22]/C is not reached by a timing clock
Related violations: <none>

TIMING-17#340 Critical Warning
Non-clocked sequential cell  
The clock pin i_system_wrapper/system_i/axi_vcxo_ctrl/inst/u_b205_ref_pll/shift_reg[23]/C is not reached by a timing clock
Related violations: <none>

TIMING-17#341 Critical Warning
Non-clocked sequential cell  
The clock pin i_system_wrapper/system_i/axi_vcxo_ctrl/inst/u_b205_ref_pll/shift_reg[24]/C is not reached by a timing clock
Related violations: <none>

TIMING-17#342 Critical Warning
Non-clocked sequential cell  
The clock pin i_system_wrapper/system_i/axi_vcxo_ctrl/inst/u_b205_ref_pll/shift_reg[25]/C is not reached by a timing clock
Related violations: <none>

TIMING-17#343 Critical Warning
Non-clocked sequential cell  
The clock pin i_system_wrapper/system_i/axi_vcxo_ctrl/inst/u_b205_ref_pll/shift_reg[26]/C is not reached by a timing clock
Related violations: <none>

TIMING-17#344 Critical Warning
Non-clocked sequential cell  
The clock pin i_system_wrapper/system_i/axi_vcxo_ctrl/inst/u_b205_ref_pll/shift_reg[27]/C is not reached by a timing clock
Related violations: <none>

TIMING-17#345 Critical Warning
Non-clocked sequential cell  
The clock pin i_system_wrapper/system_i/axi_vcxo_ctrl/inst/u_b205_ref_pll/shift_reg[28]/C is not reached by a timing clock
Related violations: <none>

TIMING-17#346 Critical Warning
Non-clocked sequential cell  
The clock pin i_system_wrapper/system_i/axi_vcxo_ctrl/inst/u_b205_ref_pll/shift_reg[2]/C is not reached by a timing clock
Related violations: <none>

TIMING-17#347 Critical Warning
Non-clocked sequential cell  
The clock pin i_system_wrapper/system_i/axi_vcxo_ctrl/inst/u_b205_ref_pll/shift_reg[3]/C is not reached by a timing clock
Related violations: <none>

TIMING-17#348 Critical Warning
Non-clocked sequential cell  
The clock pin i_system_wrapper/system_i/axi_vcxo_ctrl/inst/u_b205_ref_pll/shift_reg[4]/C is not reached by a timing clock
Related violations: <none>

TIMING-17#349 Critical Warning
Non-clocked sequential cell  
The clock pin i_system_wrapper/system_i/axi_vcxo_ctrl/inst/u_b205_ref_pll/shift_reg[5]/C is not reached by a timing clock
Related violations: <none>

TIMING-17#350 Critical Warning
Non-clocked sequential cell  
The clock pin i_system_wrapper/system_i/axi_vcxo_ctrl/inst/u_b205_ref_pll/shift_reg[6]/C is not reached by a timing clock
Related violations: <none>

TIMING-17#351 Critical Warning
Non-clocked sequential cell  
The clock pin i_system_wrapper/system_i/axi_vcxo_ctrl/inst/u_b205_ref_pll/shift_reg[7]/C is not reached by a timing clock
Related violations: <none>

TIMING-17#352 Critical Warning
Non-clocked sequential cell  
The clock pin i_system_wrapper/system_i/axi_vcxo_ctrl/inst/u_b205_ref_pll/shift_reg[8]/C is not reached by a timing clock
Related violations: <none>

TIMING-17#353 Critical Warning
Non-clocked sequential cell  
The clock pin i_system_wrapper/system_i/axi_vcxo_ctrl/inst/u_b205_ref_pll/shift_reg[9]/C is not reached by a timing clock
Related violations: <none>

TIMING-17#354 Critical Warning
Non-clocked sequential cell  
The clock pin i_system_wrapper/system_i/axi_vcxo_ctrl/inst/u_b205_ref_pll/sum_reg[0]/C is not reached by a timing clock
Related violations: <none>

TIMING-17#355 Critical Warning
Non-clocked sequential cell  
The clock pin i_system_wrapper/system_i/axi_vcxo_ctrl/inst/u_b205_ref_pll/sum_reg[10]/C is not reached by a timing clock
Related violations: <none>

TIMING-17#356 Critical Warning
Non-clocked sequential cell  
The clock pin i_system_wrapper/system_i/axi_vcxo_ctrl/inst/u_b205_ref_pll/sum_reg[11]/C is not reached by a timing clock
Related violations: <none>

TIMING-17#357 Critical Warning
Non-clocked sequential cell  
The clock pin i_system_wrapper/system_i/axi_vcxo_ctrl/inst/u_b205_ref_pll/sum_reg[12]/C is not reached by a timing clock
Related violations: <none>

TIMING-17#358 Critical Warning
Non-clocked sequential cell  
The clock pin i_system_wrapper/system_i/axi_vcxo_ctrl/inst/u_b205_ref_pll/sum_reg[13]/C is not reached by a timing clock
Related violations: <none>

TIMING-17#359 Critical Warning
Non-clocked sequential cell  
The clock pin i_system_wrapper/system_i/axi_vcxo_ctrl/inst/u_b205_ref_pll/sum_reg[14]/C is not reached by a timing clock
Related violations: <none>

TIMING-17#360 Critical Warning
Non-clocked sequential cell  
The clock pin i_system_wrapper/system_i/axi_vcxo_ctrl/inst/u_b205_ref_pll/sum_reg[15]/C is not reached by a timing clock
Related violations: <none>

TIMING-17#361 Critical Warning
Non-clocked sequential cell  
The clock pin i_system_wrapper/system_i/axi_vcxo_ctrl/inst/u_b205_ref_pll/sum_reg[16]/C is not reached by a timing clock
Related violations: <none>

TIMING-17#362 Critical Warning
Non-clocked sequential cell  
The clock pin i_system_wrapper/system_i/axi_vcxo_ctrl/inst/u_b205_ref_pll/sum_reg[17]/C is not reached by a timing clock
Related violations: <none>

TIMING-17#363 Critical Warning
Non-clocked sequential cell  
The clock pin i_system_wrapper/system_i/axi_vcxo_ctrl/inst/u_b205_ref_pll/sum_reg[18]/C is not reached by a timing clock
Related violations: <none>

TIMING-17#364 Critical Warning
Non-clocked sequential cell  
The clock pin i_system_wrapper/system_i/axi_vcxo_ctrl/inst/u_b205_ref_pll/sum_reg[19]/C is not reached by a timing clock
Related violations: <none>

TIMING-17#365 Critical Warning
Non-clocked sequential cell  
The clock pin i_system_wrapper/system_i/axi_vcxo_ctrl/inst/u_b205_ref_pll/sum_reg[1]/C is not reached by a timing clock
Related violations: <none>

TIMING-17#366 Critical Warning
Non-clocked sequential cell  
The clock pin i_system_wrapper/system_i/axi_vcxo_ctrl/inst/u_b205_ref_pll/sum_reg[20]/C is not reached by a timing clock
Related violations: <none>

TIMING-17#367 Critical Warning
Non-clocked sequential cell  
The clock pin i_system_wrapper/system_i/axi_vcxo_ctrl/inst/u_b205_ref_pll/sum_reg[21]/C is not reached by a timing clock
Related violations: <none>

TIMING-17#368 Critical Warning
Non-clocked sequential cell  
The clock pin i_system_wrapper/system_i/axi_vcxo_ctrl/inst/u_b205_ref_pll/sum_reg[22]/C is not reached by a timing clock
Related violations: <none>

TIMING-17#369 Critical Warning
Non-clocked sequential cell  
The clock pin i_system_wrapper/system_i/axi_vcxo_ctrl/inst/u_b205_ref_pll/sum_reg[23]/C is not reached by a timing clock
Related violations: <none>

TIMING-17#370 Critical Warning
Non-clocked sequential cell  
The clock pin i_system_wrapper/system_i/axi_vcxo_ctrl/inst/u_b205_ref_pll/sum_reg[24]/C is not reached by a timing clock
Related violations: <none>

TIMING-17#371 Critical Warning
Non-clocked sequential cell  
The clock pin i_system_wrapper/system_i/axi_vcxo_ctrl/inst/u_b205_ref_pll/sum_reg[25]/C is not reached by a timing clock
Related violations: <none>

TIMING-17#372 Critical Warning
Non-clocked sequential cell  
The clock pin i_system_wrapper/system_i/axi_vcxo_ctrl/inst/u_b205_ref_pll/sum_reg[26]/C is not reached by a timing clock
Related violations: <none>

TIMING-17#373 Critical Warning
Non-clocked sequential cell  
The clock pin i_system_wrapper/system_i/axi_vcxo_ctrl/inst/u_b205_ref_pll/sum_reg[27]/C is not reached by a timing clock
Related violations: <none>

TIMING-17#374 Critical Warning
Non-clocked sequential cell  
The clock pin i_system_wrapper/system_i/axi_vcxo_ctrl/inst/u_b205_ref_pll/sum_reg[28]/C is not reached by a timing clock
Related violations: <none>

TIMING-17#375 Critical Warning
Non-clocked sequential cell  
The clock pin i_system_wrapper/system_i/axi_vcxo_ctrl/inst/u_b205_ref_pll/sum_reg[2]/C is not reached by a timing clock
Related violations: <none>

TIMING-17#376 Critical Warning
Non-clocked sequential cell  
The clock pin i_system_wrapper/system_i/axi_vcxo_ctrl/inst/u_b205_ref_pll/sum_reg[3]/C is not reached by a timing clock
Related violations: <none>

TIMING-17#377 Critical Warning
Non-clocked sequential cell  
The clock pin i_system_wrapper/system_i/axi_vcxo_ctrl/inst/u_b205_ref_pll/sum_reg[4]/C is not reached by a timing clock
Related violations: <none>

TIMING-17#378 Critical Warning
Non-clocked sequential cell  
The clock pin i_system_wrapper/system_i/axi_vcxo_ctrl/inst/u_b205_ref_pll/sum_reg[5]/C is not reached by a timing clock
Related violations: <none>

TIMING-17#379 Critical Warning
Non-clocked sequential cell  
The clock pin i_system_wrapper/system_i/axi_vcxo_ctrl/inst/u_b205_ref_pll/sum_reg[6]/C is not reached by a timing clock
Related violations: <none>

TIMING-17#380 Critical Warning
Non-clocked sequential cell  
The clock pin i_system_wrapper/system_i/axi_vcxo_ctrl/inst/u_b205_ref_pll/sum_reg[7]/C is not reached by a timing clock
Related violations: <none>

TIMING-17#381 Critical Warning
Non-clocked sequential cell  
The clock pin i_system_wrapper/system_i/axi_vcxo_ctrl/inst/u_b205_ref_pll/sum_reg[8]/C is not reached by a timing clock
Related violations: <none>

TIMING-17#382 Critical Warning
Non-clocked sequential cell  
The clock pin i_system_wrapper/system_i/axi_vcxo_ctrl/inst/u_b205_ref_pll/sum_reg[9]/C is not reached by a timing clock
Related violations: <none>

TIMING-17#383 Critical Warning
Non-clocked sequential cell  
The clock pin i_system_wrapper/system_i/axi_vcxo_ctrl/inst/u_b205_ref_pll/u_ltc2630_spi/cnt_bit_reg[0]/C is not reached by a timing clock
Related violations: <none>

TIMING-17#384 Critical Warning
Non-clocked sequential cell  
The clock pin i_system_wrapper/system_i/axi_vcxo_ctrl/inst/u_b205_ref_pll/u_ltc2630_spi/cnt_bit_reg[1]/C is not reached by a timing clock
Related violations: <none>

TIMING-17#385 Critical Warning
Non-clocked sequential cell  
The clock pin i_system_wrapper/system_i/axi_vcxo_ctrl/inst/u_b205_ref_pll/u_ltc2630_spi/cnt_bit_reg[2]/C is not reached by a timing clock
Related violations: <none>

TIMING-17#386 Critical Warning
Non-clocked sequential cell  
The clock pin i_system_wrapper/system_i/axi_vcxo_ctrl/inst/u_b205_ref_pll/u_ltc2630_spi/cnt_bit_reg[3]/C is not reached by a timing clock
Related violations: <none>

TIMING-17#387 Critical Warning
Non-clocked sequential cell  
The clock pin i_system_wrapper/system_i/axi_vcxo_ctrl/inst/u_b205_ref_pll/u_ltc2630_spi/cnt_bit_reg[4]/C is not reached by a timing clock
Related violations: <none>

TIMING-17#388 Critical Warning
Non-clocked sequential cell  
The clock pin i_system_wrapper/system_i/axi_vcxo_ctrl/inst/u_b205_ref_pll/u_ltc2630_spi/cnt_bit_reg[5]/C is not reached by a timing clock
Related violations: <none>

TIMING-17#389 Critical Warning
Non-clocked sequential cell  
The clock pin i_system_wrapper/system_i/axi_vcxo_ctrl/inst/u_b205_ref_pll/u_ltc2630_spi/cnt_cycle_reg[0]/C is not reached by a timing clock
Related violations: <none>

TIMING-17#390 Critical Warning
Non-clocked sequential cell  
The clock pin i_system_wrapper/system_i/axi_vcxo_ctrl/inst/u_b205_ref_pll/u_ltc2630_spi/cnt_cycle_reg[1]/C is not reached by a timing clock
Related violations: <none>

TIMING-17#391 Critical Warning
Non-clocked sequential cell  
The clock pin i_system_wrapper/system_i/axi_vcxo_ctrl/inst/u_b205_ref_pll/u_ltc2630_spi/cnt_cycle_reg[2]/C is not reached by a timing clock
Related violations: <none>

TIMING-17#392 Critical Warning
Non-clocked sequential cell  
The clock pin i_system_wrapper/system_i/axi_vcxo_ctrl/inst/u_b205_ref_pll/u_ltc2630_spi/cnt_cycle_reg[3]/C is not reached by a timing clock
Related violations: <none>

TIMING-17#393 Critical Warning
Non-clocked sequential cell  
The clock pin i_system_wrapper/system_i/axi_vcxo_ctrl/inst/u_b205_ref_pll/u_ltc2630_spi/data_shift_reg[0]/C is not reached by a timing clock
Related violations: <none>

TIMING-17#394 Critical Warning
Non-clocked sequential cell  
The clock pin i_system_wrapper/system_i/axi_vcxo_ctrl/inst/u_b205_ref_pll/u_ltc2630_spi/data_shift_reg[10]/C is not reached by a timing clock
Related violations: <none>

TIMING-17#395 Critical Warning
Non-clocked sequential cell  
The clock pin i_system_wrapper/system_i/axi_vcxo_ctrl/inst/u_b205_ref_pll/u_ltc2630_spi/data_shift_reg[11]/C is not reached by a timing clock
Related violations: <none>

TIMING-17#396 Critical Warning
Non-clocked sequential cell  
The clock pin i_system_wrapper/system_i/axi_vcxo_ctrl/inst/u_b205_ref_pll/u_ltc2630_spi/data_shift_reg[12]/C is not reached by a timing clock
Related violations: <none>

TIMING-17#397 Critical Warning
Non-clocked sequential cell  
The clock pin i_system_wrapper/system_i/axi_vcxo_ctrl/inst/u_b205_ref_pll/u_ltc2630_spi/data_shift_reg[13]/C is not reached by a timing clock
Related violations: <none>

TIMING-17#398 Critical Warning
Non-clocked sequential cell  
The clock pin i_system_wrapper/system_i/axi_vcxo_ctrl/inst/u_b205_ref_pll/u_ltc2630_spi/data_shift_reg[14]/C is not reached by a timing clock
Related violations: <none>

TIMING-17#399 Critical Warning
Non-clocked sequential cell  
The clock pin i_system_wrapper/system_i/axi_vcxo_ctrl/inst/u_b205_ref_pll/u_ltc2630_spi/data_shift_reg[15]/C is not reached by a timing clock
Related violations: <none>

TIMING-17#400 Critical Warning
Non-clocked sequential cell  
The clock pin i_system_wrapper/system_i/axi_vcxo_ctrl/inst/u_b205_ref_pll/u_ltc2630_spi/data_shift_reg[16]/C is not reached by a timing clock
Related violations: <none>

TIMING-17#401 Critical Warning
Non-clocked sequential cell  
The clock pin i_system_wrapper/system_i/axi_vcxo_ctrl/inst/u_b205_ref_pll/u_ltc2630_spi/data_shift_reg[17]/C is not reached by a timing clock
Related violations: <none>

TIMING-17#402 Critical Warning
Non-clocked sequential cell  
The clock pin i_system_wrapper/system_i/axi_vcxo_ctrl/inst/u_b205_ref_pll/u_ltc2630_spi/data_shift_reg[18]/C is not reached by a timing clock
Related violations: <none>

TIMING-17#403 Critical Warning
Non-clocked sequential cell  
The clock pin i_system_wrapper/system_i/axi_vcxo_ctrl/inst/u_b205_ref_pll/u_ltc2630_spi/data_shift_reg[19]/C is not reached by a timing clock
Related violations: <none>

TIMING-17#404 Critical Warning
Non-clocked sequential cell  
The clock pin i_system_wrapper/system_i/axi_vcxo_ctrl/inst/u_b205_ref_pll/u_ltc2630_spi/data_shift_reg[1]/C is not reached by a timing clock
Related violations: <none>

TIMING-17#405 Critical Warning
Non-clocked sequential cell  
The clock pin i_system_wrapper/system_i/axi_vcxo_ctrl/inst/u_b205_ref_pll/u_ltc2630_spi/data_shift_reg[20]/C is not reached by a timing clock
Related violations: <none>

TIMING-17#406 Critical Warning
Non-clocked sequential cell  
The clock pin i_system_wrapper/system_i/axi_vcxo_ctrl/inst/u_b205_ref_pll/u_ltc2630_spi/data_shift_reg[21]/C is not reached by a timing clock
Related violations: <none>

TIMING-17#407 Critical Warning
Non-clocked sequential cell  
The clock pin i_system_wrapper/system_i/axi_vcxo_ctrl/inst/u_b205_ref_pll/u_ltc2630_spi/data_shift_reg[22]/C is not reached by a timing clock
Related violations: <none>

TIMING-17#408 Critical Warning
Non-clocked sequential cell  
The clock pin i_system_wrapper/system_i/axi_vcxo_ctrl/inst/u_b205_ref_pll/u_ltc2630_spi/data_shift_reg[23]/C is not reached by a timing clock
Related violations: <none>

TIMING-17#409 Critical Warning
Non-clocked sequential cell  
The clock pin i_system_wrapper/system_i/axi_vcxo_ctrl/inst/u_b205_ref_pll/u_ltc2630_spi/data_shift_reg[2]/C is not reached by a timing clock
Related violations: <none>

TIMING-17#410 Critical Warning
Non-clocked sequential cell  
The clock pin i_system_wrapper/system_i/axi_vcxo_ctrl/inst/u_b205_ref_pll/u_ltc2630_spi/data_shift_reg[3]/C is not reached by a timing clock
Related violations: <none>

TIMING-17#411 Critical Warning
Non-clocked sequential cell  
The clock pin i_system_wrapper/system_i/axi_vcxo_ctrl/inst/u_b205_ref_pll/u_ltc2630_spi/data_shift_reg[4]/C is not reached by a timing clock
Related violations: <none>

TIMING-17#412 Critical Warning
Non-clocked sequential cell  
The clock pin i_system_wrapper/system_i/axi_vcxo_ctrl/inst/u_b205_ref_pll/u_ltc2630_spi/data_shift_reg[5]/C is not reached by a timing clock
Related violations: <none>

TIMING-17#413 Critical Warning
Non-clocked sequential cell  
The clock pin i_system_wrapper/system_i/axi_vcxo_ctrl/inst/u_b205_ref_pll/u_ltc2630_spi/data_shift_reg[6]/C is not reached by a timing clock
Related violations: <none>

TIMING-17#414 Critical Warning
Non-clocked sequential cell  
The clock pin i_system_wrapper/system_i/axi_vcxo_ctrl/inst/u_b205_ref_pll/u_ltc2630_spi/data_shift_reg[7]/C is not reached by a timing clock
Related violations: <none>

TIMING-17#415 Critical Warning
Non-clocked sequential cell  
The clock pin i_system_wrapper/system_i/axi_vcxo_ctrl/inst/u_b205_ref_pll/u_ltc2630_spi/data_shift_reg[8]/C is not reached by a timing clock
Related violations: <none>

TIMING-17#416 Critical Warning
Non-clocked sequential cell  
The clock pin i_system_wrapper/system_i/axi_vcxo_ctrl/inst/u_b205_ref_pll/u_ltc2630_spi/data_shift_reg[9]/C is not reached by a timing clock
Related violations: <none>

TIMING-17#417 Critical Warning
Non-clocked sequential cell  
The clock pin i_system_wrapper/system_i/axi_vcxo_ctrl/inst/u_b205_ref_pll/u_ltc2630_spi/last_data_reg[0]/C is not reached by a timing clock
Related violations: <none>

TIMING-17#418 Critical Warning
Non-clocked sequential cell  
The clock pin i_system_wrapper/system_i/axi_vcxo_ctrl/inst/u_b205_ref_pll/u_ltc2630_spi/last_data_reg[10]/C is not reached by a timing clock
Related violations: <none>

TIMING-17#419 Critical Warning
Non-clocked sequential cell  
The clock pin i_system_wrapper/system_i/axi_vcxo_ctrl/inst/u_b205_ref_pll/u_ltc2630_spi/last_data_reg[11]/C is not reached by a timing clock
Related violations: <none>

TIMING-17#420 Critical Warning
Non-clocked sequential cell  
The clock pin i_system_wrapper/system_i/axi_vcxo_ctrl/inst/u_b205_ref_pll/u_ltc2630_spi/last_data_reg[12]/C is not reached by a timing clock
Related violations: <none>

TIMING-17#421 Critical Warning
Non-clocked sequential cell  
The clock pin i_system_wrapper/system_i/axi_vcxo_ctrl/inst/u_b205_ref_pll/u_ltc2630_spi/last_data_reg[13]/C is not reached by a timing clock
Related violations: <none>

TIMING-17#422 Critical Warning
Non-clocked sequential cell  
The clock pin i_system_wrapper/system_i/axi_vcxo_ctrl/inst/u_b205_ref_pll/u_ltc2630_spi/last_data_reg[14]/C is not reached by a timing clock
Related violations: <none>

TIMING-17#423 Critical Warning
Non-clocked sequential cell  
The clock pin i_system_wrapper/system_i/axi_vcxo_ctrl/inst/u_b205_ref_pll/u_ltc2630_spi/last_data_reg[15]/C is not reached by a timing clock
Related violations: <none>

TIMING-17#424 Critical Warning
Non-clocked sequential cell  
The clock pin i_system_wrapper/system_i/axi_vcxo_ctrl/inst/u_b205_ref_pll/u_ltc2630_spi/last_data_reg[1]/C is not reached by a timing clock
Related violations: <none>

TIMING-17#425 Critical Warning
Non-clocked sequential cell  
The clock pin i_system_wrapper/system_i/axi_vcxo_ctrl/inst/u_b205_ref_pll/u_ltc2630_spi/last_data_reg[2]/C is not reached by a timing clock
Related violations: <none>

TIMING-17#426 Critical Warning
Non-clocked sequential cell  
The clock pin i_system_wrapper/system_i/axi_vcxo_ctrl/inst/u_b205_ref_pll/u_ltc2630_spi/last_data_reg[3]/C is not reached by a timing clock
Related violations: <none>

TIMING-17#427 Critical Warning
Non-clocked sequential cell  
The clock pin i_system_wrapper/system_i/axi_vcxo_ctrl/inst/u_b205_ref_pll/u_ltc2630_spi/last_data_reg[4]/C is not reached by a timing clock
Related violations: <none>

TIMING-17#428 Critical Warning
Non-clocked sequential cell  
The clock pin i_system_wrapper/system_i/axi_vcxo_ctrl/inst/u_b205_ref_pll/u_ltc2630_spi/last_data_reg[5]/C is not reached by a timing clock
Related violations: <none>

TIMING-17#429 Critical Warning
Non-clocked sequential cell  
The clock pin i_system_wrapper/system_i/axi_vcxo_ctrl/inst/u_b205_ref_pll/u_ltc2630_spi/last_data_reg[6]/C is not reached by a timing clock
Related violations: <none>

TIMING-17#430 Critical Warning
Non-clocked sequential cell  
The clock pin i_system_wrapper/system_i/axi_vcxo_ctrl/inst/u_b205_ref_pll/u_ltc2630_spi/last_data_reg[7]/C is not reached by a timing clock
Related violations: <none>

TIMING-17#431 Critical Warning
Non-clocked sequential cell  
The clock pin i_system_wrapper/system_i/axi_vcxo_ctrl/inst/u_b205_ref_pll/u_ltc2630_spi/last_data_reg[8]/C is not reached by a timing clock
Related violations: <none>

TIMING-17#432 Critical Warning
Non-clocked sequential cell  
The clock pin i_system_wrapper/system_i/axi_vcxo_ctrl/inst/u_b205_ref_pll/u_ltc2630_spi/last_data_reg[9]/C is not reached by a timing clock
Related violations: <none>

TIMING-17#433 Critical Warning
Non-clocked sequential cell  
The clock pin i_system_wrapper/system_i/axi_vcxo_ctrl/inst/u_b205_ref_pll/u_ltc2630_spi/sclk_reg/C is not reached by a timing clock
Related violations: <none>

TIMING-17#434 Critical Warning
Non-clocked sequential cell  
The clock pin i_system_wrapper/system_i/axi_vcxo_ctrl/inst/u_b205_ref_pll/u_ltc2630_spi/state_reg[0]/C is not reached by a timing clock
Related violations: <none>

TIMING-17#435 Critical Warning
Non-clocked sequential cell  
The clock pin i_system_wrapper/system_i/axi_vcxo_ctrl/inst/u_b205_ref_pll/u_ltc2630_spi/state_reg[1]/C is not reached by a timing clock
Related violations: <none>

TIMING-17#436 Critical Warning
Non-clocked sequential cell  
The clock pin i_system_wrapper/system_i/axi_vcxo_ctrl/inst/u_b205_ref_pll/u_ltc2630_spi/state_reg[2]/C is not reached by a timing clock
Related violations: <none>

TIMING-17#437 Critical Warning
Non-clocked sequential cell  
The clock pin i_system_wrapper/system_i/axi_vcxo_ctrl/inst/u_b205_ref_pll/u_ltc2630_spi/state_reg[3]/C is not reached by a timing clock
Related violations: <none>

TIMING-17#438 Critical Warning
Non-clocked sequential cell  
The clock pin i_system_wrapper/system_i/axi_vcxo_ctrl/inst/u_b205_ref_pll/u_ltc2630_spi/sync_n_reg/C is not reached by a timing clock
Related violations: <none>

TIMING-54#1 Critical Warning
Scoped false path, clock group or max delay datapath only constraint between clocks  
A scoped False Path timing constraint is set between clocks system_sys_rgmii_0_rgmii_tx_clk and gmii_clk_125m_out (see constraint position 54 in the Timing Constraint window in Vivado IDE). It is not recommended to define such scoped constraints between clocks as the constraint impacts timing paths outside of the scope.
Related violations: <none>

TIMING-54#2 Critical Warning
Scoped false path, clock group or max delay datapath only constraint between clocks  
A scoped False Path timing constraint is set between clocks system_sys_rgmii_0_rgmii_tx_clk and gmii_clk_125m_out (see constraint position 55 in the Timing Constraint window in Vivado IDE). It is not recommended to define such scoped constraints between clocks as the constraint impacts timing paths outside of the scope.
Related violations: <none>

TIMING-54#3 Critical Warning
Scoped false path, clock group or max delay datapath only constraint between clocks  
A scoped False Path timing constraint is set between clocks system_sys_rgmii_0_rgmii_tx_clk and gmii_clk_125m_out (see constraint position 56 in the Timing Constraint window in Vivado IDE). It is not recommended to define such scoped constraints between clocks as the constraint impacts timing paths outside of the scope.
Related violations: <none>

TIMING-54#4 Critical Warning
Scoped false path, clock group or max delay datapath only constraint between clocks  
A scoped False Path timing constraint is set between clocks system_sys_rgmii_0_rgmii_tx_clk and gmii_clk_125m_out (see constraint position 57 in the Timing Constraint window in Vivado IDE). It is not recommended to define such scoped constraints between clocks as the constraint impacts timing paths outside of the scope.
Related violations: <none>

TIMING-54#5 Critical Warning
Scoped false path, clock group or max delay datapath only constraint between clocks  
A scoped Max Delay Datapath Only timing constraint is set between clocks clk_fpga_0 and rx_clk (see constraint position 72 in the Timing Constraint window in Vivado IDE). It is not recommended to define such scoped constraints between clocks as the constraint impacts timing paths outside of the scope.
Related violations: <none>

TIMING-54#6 Critical Warning
Scoped false path, clock group or max delay datapath only constraint between clocks  
A scoped Max Delay Datapath Only timing constraint is set between clocks clk_fpga_0 and rx_clk (see constraint position 76 in the Timing Constraint window in Vivado IDE). It is not recommended to define such scoped constraints between clocks as the constraint impacts timing paths outside of the scope.
Related violations: <none>

TIMING-54#7 Critical Warning
Scoped false path, clock group or max delay datapath only constraint between clocks  
A scoped Max Delay Datapath Only timing constraint is set between clocks clk_fpga_0 and rx_clk (see constraint position 91 in the Timing Constraint window in Vivado IDE). It is not recommended to define such scoped constraints between clocks as the constraint impacts timing paths outside of the scope.
Related violations: <none>

TIMING-54#8 Critical Warning
Scoped false path, clock group or max delay datapath only constraint between clocks  
A scoped Max Delay Datapath Only timing constraint is set between clocks rx_clk and clk_fpga_0 (see constraint position 101 in the Timing Constraint window in Vivado IDE). It is not recommended to define such scoped constraints between clocks as the constraint impacts timing paths outside of the scope.
Related violations: <none>

TIMING-54#9 Critical Warning
Scoped false path, clock group or max delay datapath only constraint between clocks  
A scoped Max Delay Datapath Only timing constraint is set between clocks rx_clk and clk_fpga_0 (see constraint position 94 in the Timing Constraint window in Vivado IDE). It is not recommended to define such scoped constraints between clocks as the constraint impacts timing paths outside of the scope.
Related violations: <none>

CKBF-1#1 Warning
connects_I_driver_BUFR  
The BUFGCTRL cell i_system_wrapper/system_i/sys_rgmii/U0/i_gmii_to_rgmii_block/i_bufgmux_gmii_clk_25m_2_5m I0 pin is driven by a BUFR cell i_system_wrapper/system_i/sys_rgmii/U0/i_system_sys_rgmii_0_clocking/clk10_div_buf. For 7-Series devices, this is not a recommended clock topology. Please analyze your clock network and remove the BUFR to BUFGCTRL cascade.
Related violations: <none>

LUTAR-1#1 Warning
LUT drives async reset alert  
LUT cell i_system_wrapper/system_i/sys_rgmii/U0/i_gmii_to_rgmii_block/system_sys_rgmii_0_core/i_gmii_to_rgmii/i_reset_sync_mgmt_reset_i_1, with 2 or more inputs, drives asynchronous preset/clear pin(s) i_system_wrapper/system_i/sys_rgmii/U0/i_gmii_to_rgmii_block/system_sys_rgmii_0_core/i_gmii_to_rgmii/i_reset_sync_mgmt_reset/reset_sync1/PRE,
i_system_wrapper/system_i/sys_rgmii/U0/i_gmii_to_rgmii_block/system_sys_rgmii_0_core/i_gmii_to_rgmii/i_reset_sync_mgmt_reset/reset_sync2/PRE,
i_system_wrapper/system_i/sys_rgmii/U0/i_gmii_to_rgmii_block/system_sys_rgmii_0_core/i_gmii_to_rgmii/i_reset_sync_mgmt_reset/reset_sync3/PRE,
i_system_wrapper/system_i/sys_rgmii/U0/i_gmii_to_rgmii_block/system_sys_rgmii_0_core/i_gmii_to_rgmii/i_reset_sync_mgmt_reset/reset_sync4/PRE
i_system_wrapper/system_i/sys_rgmii/U0/i_gmii_to_rgmii_block/system_sys_rgmii_0_core/i_gmii_to_rgmii/i_reset_sync_mgmt_reset/reset_sync5/PRE. The LUT may glitch and trigger an unexpected reset, even if it is a properly timed path.
Related violations: <none>

LUTAR-1#2 Warning
LUT drives async reset alert  
LUT cell i_system_wrapper/system_i/sys_rgmii/U0/i_system_sys_rgmii_0_clocking/system_sys_rgmii_0_core_i_1, with 2 or more inputs, drives asynchronous preset/clear pin(s) i_system_wrapper/system_i/sys_rgmii/U0/i_gmii_to_rgmii_block/system_sys_rgmii_0_core/i_gmii_to_rgmii/i_reset_sync_tx_reset/reset_sync1/PRE,
i_system_wrapper/system_i/sys_rgmii/U0/i_gmii_to_rgmii_block/system_sys_rgmii_0_core/i_gmii_to_rgmii/i_reset_sync_tx_reset/reset_sync2/PRE,
i_system_wrapper/system_i/sys_rgmii/U0/i_gmii_to_rgmii_block/system_sys_rgmii_0_core/i_gmii_to_rgmii/i_reset_sync_tx_reset/reset_sync3/PRE,
i_system_wrapper/system_i/sys_rgmii/U0/i_gmii_to_rgmii_block/system_sys_rgmii_0_core/i_gmii_to_rgmii/i_reset_sync_tx_reset/reset_sync4/PRE
i_system_wrapper/system_i/sys_rgmii/U0/i_gmii_to_rgmii_block/system_sys_rgmii_0_core/i_gmii_to_rgmii/i_reset_sync_tx_reset/reset_sync5/PRE. The LUT may glitch and trigger an unexpected reset, even if it is a properly timed path.
Related violations: <none>

TIMING-9#1 Warning
Unknown CDC Logic  
One or more asynchronous Clock Domain Crossing has been detected between 2 clock domains through a set_false_path or a set_clock_groups or set_max_delay -datapath_only constraint but no double-registers logic synchronizer has been found on the side of the capture clock. It is recommended to run report_cdc for a complete and detailed CDC coverage. Please consider using XPM_CDC to avoid Critical severities
Related violations: <none>

TIMING-18#1 Warning
Missing input or output delay  
An input delay is missing on MDIO_PHY_mdio_io relative to the rising and/or falling clock edge(s) of clk_fpga_1.
Related violations: <none>

TIMING-18#2 Warning
Missing input or output delay  
An input delay is missing on rx_data_in[0] relative to the rising and/or falling clock edge(s) of rx_clk.
Related violations: <none>

TIMING-18#3 Warning
Missing input or output delay  
An input delay is missing on rx_data_in[10] relative to the rising and/or falling clock edge(s) of rx_clk.
Related violations: <none>

TIMING-18#4 Warning
Missing input or output delay  
An input delay is missing on rx_data_in[11] relative to the rising and/or falling clock edge(s) of rx_clk.
Related violations: <none>

TIMING-18#5 Warning
Missing input or output delay  
An input delay is missing on rx_data_in[1] relative to the rising and/or falling clock edge(s) of rx_clk.
Related violations: <none>

TIMING-18#6 Warning
Missing input or output delay  
An input delay is missing on rx_data_in[2] relative to the rising and/or falling clock edge(s) of rx_clk.
Related violations: <none>

TIMING-18#7 Warning
Missing input or output delay  
An input delay is missing on rx_data_in[3] relative to the rising and/or falling clock edge(s) of rx_clk.
Related violations: <none>

TIMING-18#8 Warning
Missing input or output delay  
An input delay is missing on rx_data_in[4] relative to the rising and/or falling clock edge(s) of rx_clk.
Related violations: <none>

TIMING-18#9 Warning
Missing input or output delay  
An input delay is missing on rx_data_in[5] relative to the rising and/or falling clock edge(s) of rx_clk.
Related violations: <none>

TIMING-18#10 Warning
Missing input or output delay  
An input delay is missing on rx_data_in[6] relative to the rising and/or falling clock edge(s) of rx_clk.
Related violations: <none>

TIMING-18#11 Warning
Missing input or output delay  
An input delay is missing on rx_data_in[7] relative to the rising and/or falling clock edge(s) of rx_clk.
Related violations: <none>

TIMING-18#12 Warning
Missing input or output delay  
An input delay is missing on rx_data_in[8] relative to the rising and/or falling clock edge(s) of rx_clk.
Related violations: <none>

TIMING-18#13 Warning
Missing input or output delay  
An input delay is missing on rx_data_in[9] relative to the rising and/or falling clock edge(s) of rx_clk.
Related violations: <none>

TIMING-18#14 Warning
Missing input or output delay  
An input delay is missing on rx_frame_in relative to the rising and/or falling clock edge(s) of rx_clk.
Related violations: <none>

TIMING-18#15 Warning
Missing input or output delay  
An output delay is missing on RGMII_td[0] relative to the rising and/or falling clock edge(s) of system_sys_rgmii_0_rgmii_tx_clk.
Related violations: <none>

TIMING-18#16 Warning
Missing input or output delay  
An output delay is missing on RGMII_td[1] relative to the rising and/or falling clock edge(s) of system_sys_rgmii_0_rgmii_tx_clk.
Related violations: <none>

TIMING-18#17 Warning
Missing input or output delay  
An output delay is missing on RGMII_td[2] relative to the rising and/or falling clock edge(s) of system_sys_rgmii_0_rgmii_tx_clk.
Related violations: <none>

TIMING-18#18 Warning
Missing input or output delay  
An output delay is missing on RGMII_td[3] relative to the rising and/or falling clock edge(s) of system_sys_rgmii_0_rgmii_tx_clk.
Related violations: <none>

TIMING-18#19 Warning
Missing input or output delay  
An output delay is missing on RGMII_tx_ctl relative to the rising and/or falling clock edge(s) of system_sys_rgmii_0_rgmii_tx_clk.
Related violations: <none>

TIMING-18#20 Warning
Missing input or output delay  
An output delay is missing on enable relative to the rising and/or falling clock edge(s) of rx_clk.
Related violations: <none>

TIMING-18#21 Warning
Missing input or output delay  
An output delay is missing on tx_clk_out relative to the rising and/or falling clock edge(s) of rx_clk.
Related violations: <none>

TIMING-18#22 Warning
Missing input or output delay  
An output delay is missing on tx_data_out[0] relative to the rising and/or falling clock edge(s) of rx_clk.
Related violations: <none>

TIMING-18#23 Warning
Missing input or output delay  
An output delay is missing on tx_data_out[10] relative to the rising and/or falling clock edge(s) of rx_clk.
Related violations: <none>

TIMING-18#24 Warning
Missing input or output delay  
An output delay is missing on tx_data_out[11] relative to the rising and/or falling clock edge(s) of rx_clk.
Related violations: <none>

TIMING-18#25 Warning
Missing input or output delay  
An output delay is missing on tx_data_out[1] relative to the rising and/or falling clock edge(s) of rx_clk.
Related violations: <none>

TIMING-18#26 Warning
Missing input or output delay  
An output delay is missing on tx_data_out[2] relative to the rising and/or falling clock edge(s) of rx_clk.
Related violations: <none>

TIMING-18#27 Warning
Missing input or output delay  
An output delay is missing on tx_data_out[3] relative to the rising and/or falling clock edge(s) of rx_clk.
Related violations: <none>

TIMING-18#28 Warning
Missing input or output delay  
An output delay is missing on tx_data_out[4] relative to the rising and/or falling clock edge(s) of rx_clk.
Related violations: <none>

TIMING-18#29 Warning
Missing input or output delay  
An output delay is missing on tx_data_out[5] relative to the rising and/or falling clock edge(s) of rx_clk.
Related violations: <none>

TIMING-18#30 Warning
Missing input or output delay  
An output delay is missing on tx_data_out[6] relative to the rising and/or falling clock edge(s) of rx_clk.
Related violations: <none>

TIMING-18#31 Warning
Missing input or output delay  
An output delay is missing on tx_data_out[7] relative to the rising and/or falling clock edge(s) of rx_clk.
Related violations: <none>

TIMING-18#32 Warning
Missing input or output delay  
An output delay is missing on tx_data_out[8] relative to the rising and/or falling clock edge(s) of rx_clk.
Related violations: <none>

TIMING-18#33 Warning
Missing input or output delay  
An output delay is missing on tx_data_out[9] relative to the rising and/or falling clock edge(s) of rx_clk.
Related violations: <none>

TIMING-18#34 Warning
Missing input or output delay  
An output delay is missing on tx_frame_out relative to the rising and/or falling clock edge(s) of rx_clk.
Related violations: <none>

TIMING-18#35 Warning
Missing input or output delay  
An output delay is missing on txnrx relative to the rising and/or falling clock edge(s) of rx_clk.
Related violations: <none>

TIMING-47#1 Warning
False path, asynchronous clock group or max delay datapath only constraint between synchronous clocks  
A False Path timing constraint is set between synchronous clocks gmii_clk_125m_out and system_sys_rgmii_0_rgmii_tx_clk (see constraint position 54 in the Timing Constraint window in Vivado IDE). Masking entire synchronous clock domains via  set_false_path, set_clock_groups or set_max_delay -datapath_only may result in failure in hardware.
Related violations: <none>

TIMING-47#2 Warning
False path, asynchronous clock group or max delay datapath only constraint between synchronous clocks  
A False Path timing constraint is set between synchronous clocks gmii_clk_125m_out and system_sys_rgmii_0_rgmii_tx_clk (see constraint position 55 in the Timing Constraint window in Vivado IDE). Masking entire synchronous clock domains via  set_false_path, set_clock_groups or set_max_delay -datapath_only may result in failure in hardware.
Related violations: <none>

TIMING-47#3 Warning
False path, asynchronous clock group or max delay datapath only constraint between synchronous clocks  
A False Path timing constraint is set between synchronous clocks gmii_clk_125m_out and system_sys_rgmii_0_rgmii_tx_clk (see constraint position 56 in the Timing Constraint window in Vivado IDE). Masking entire synchronous clock domains via  set_false_path, set_clock_groups or set_max_delay -datapath_only may result in failure in hardware.
Related violations: <none>

TIMING-47#4 Warning
False path, asynchronous clock group or max delay datapath only constraint between synchronous clocks  
A False Path timing constraint is set between synchronous clocks gmii_clk_125m_out and system_sys_rgmii_0_rgmii_tx_clk (see constraint position 57 in the Timing Constraint window in Vivado IDE). Masking entire synchronous clock domains via  set_false_path, set_clock_groups or set_max_delay -datapath_only may result in failure in hardware.
Related violations: <none>

TIMING-47#5 Warning
False path, asynchronous clock group or max delay datapath only constraint between synchronous clocks  
A False Path timing constraint is set between synchronous clocks system_sys_rgmii_0_rgmii_rx_clk and RGMII_rxc (see constraint position 47 in the Timing Constraint window in Vivado IDE). Masking entire synchronous clock domains via  set_false_path, set_clock_groups or set_max_delay -datapath_only may result in failure in hardware.
Related violations: <none>

TIMING-47#6 Warning
False path, asynchronous clock group or max delay datapath only constraint between synchronous clocks  
A False Path timing constraint is set between synchronous clocks system_sys_rgmii_0_rgmii_rx_clk and RGMII_rxc (see constraint position 48 in the Timing Constraint window in Vivado IDE). Masking entire synchronous clock domains via  set_false_path, set_clock_groups or set_max_delay -datapath_only may result in failure in hardware.
Related violations: <none>

TIMING-47#7 Warning
False path, asynchronous clock group or max delay datapath only constraint between synchronous clocks  
A False Path timing constraint is set between synchronous clocks system_sys_rgmii_0_rgmii_rx_clk and RGMII_rxc (see constraint position 49 in the Timing Constraint window in Vivado IDE). Masking entire synchronous clock domains via  set_false_path, set_clock_groups or set_max_delay -datapath_only may result in failure in hardware.
Related violations: <none>

TIMING-47#8 Warning
False path, asynchronous clock group or max delay datapath only constraint between synchronous clocks  
A False Path timing constraint is set between synchronous clocks system_sys_rgmii_0_rgmii_rx_clk and RGMII_rxc (see constraint position 50 in the Timing Constraint window in Vivado IDE). Masking entire synchronous clock domains via  set_false_path, set_clock_groups or set_max_delay -datapath_only may result in failure in hardware.
Related violations: <none>

ULMTCS-1#1 Warning
Control Sets use limits recommend reduction  
This design uses 1604 control sets (vs. available limit of 13300, determined by 1 control set per CLB). This exceeds the control set use guideline of 7.5 percent. This is at a level where reduction is RECOMMENDED (see UG949). Use report_control_sets to get more details.
Related violations: <none>

XDCB-5#1 Warning
Runtime inefficient way to find pin objects  
The option '-to : [get_pins -quiet -hier *reset_sync_in_reg*/PRE -filter {NAME =~ *i_reset_manager*}]' of constraint 'set_false_path' uses inefficient query to find pin objects (see constraint position '104' in the Timing Constraint window in Vivado IDE). To reduce runtime, it is recommended to get the pins through the cell objects. Please refer to Using Constraints Guide (Constraints Efficiency). An example of optimal query is: get_pins -filter {REF_PIN_NAME=~yy*} -of_objects [get_cells -hierarchical xx*].
Current XDC: /home/dator2/Documents/Spectrum-analyser/Spectrum-analyser-antsdr-final-version/plutosdr-fw/hdl/projects/e200/e200.gen/sources_1/bd/system/ip/system_axi_ad9361_adc_dma_0/system_axi_ad9361_adc_dma_0_constr.xdc (Line: 167)
Related violations: <none>

XDCB-5#2 Warning
Runtime inefficient way to find pin objects  
The option '-to : [get_pins -quiet -hier *reset_sync_in_reg*/PRE -filter {NAME =~ *i_reset_manager*}]' of constraint 'set_false_path' uses inefficient query to find pin objects (see constraint position '105' in the Timing Constraint window in Vivado IDE). To reduce runtime, it is recommended to get the pins through the cell objects. Please refer to Using Constraints Guide (Constraints Efficiency). An example of optimal query is: get_pins -filter {REF_PIN_NAME=~yy*} -of_objects [get_cells -hierarchical xx*].
Current XDC: /home/dator2/Documents/Spectrum-analyser/Spectrum-analyser-antsdr-final-version/plutosdr-fw/hdl/projects/e200/e200.gen/sources_1/bd/system/ip/system_axi_ad9361_adc_dma_0/system_axi_ad9361_adc_dma_0_constr.xdc (Line: 173)
Related violations: <none>

XDCB-5#3 Warning
Runtime inefficient way to find pin objects  
The option '-to : [get_pins -quiet -hier *reset_sync_in_reg*/PRE -filter {NAME =~ *i_reset_manager*}]' of constraint 'set_false_path' uses inefficient query to find pin objects (see constraint position '129' in the Timing Constraint window in Vivado IDE). To reduce runtime, it is recommended to get the pins through the cell objects. Please refer to Using Constraints Guide (Constraints Efficiency). An example of optimal query is: get_pins -filter {REF_PIN_NAME=~yy*} -of_objects [get_cells -hierarchical xx*].
Current XDC: /home/dator2/Documents/Spectrum-analyser/Spectrum-analyser-antsdr-final-version/plutosdr-fw/hdl/projects/e200/e200.gen/sources_1/bd/system/ip/system_axi_dmac_0_0/system_axi_dmac_0_0_constr.xdc (Line: 30)
Related violations: <none>

XDCB-5#4 Warning
Runtime inefficient way to find pin objects  
The option '-to : [get_pins -quiet -hier *reset_sync_in_reg*/PRE -filter {NAME =~ *i_reset_manager*}]' of constraint 'set_false_path' uses inefficient query to find pin objects (see constraint position '130' in the Timing Constraint window in Vivado IDE). To reduce runtime, it is recommended to get the pins through the cell objects. Please refer to Using Constraints Guide (Constraints Efficiency). An example of optimal query is: get_pins -filter {REF_PIN_NAME=~yy*} -of_objects [get_cells -hierarchical xx*].
Current XDC: /home/dator2/Documents/Spectrum-analyser/Spectrum-analyser-antsdr-final-version/plutosdr-fw/hdl/projects/e200/e200.gen/sources_1/bd/system/ip/system_axi_dmac_0_0/system_axi_dmac_0_0_constr.xdc (Line: 36)
Related violations: <none>

XDCB-5#5 Warning
Runtime inefficient way to find pin objects  
The option '-to : [get_pins -quiet -hier *reset_sync_in_reg*/PRE -filter {NAME =~ *i_reset_manager*}]' of constraint 'set_false_path' uses inefficient query to find pin objects (see constraint position '79' in the Timing Constraint window in Vivado IDE). To reduce runtime, it is recommended to get the pins through the cell objects. Please refer to Using Constraints Guide (Constraints Efficiency). An example of optimal query is: get_pins -filter {REF_PIN_NAME=~yy*} -of_objects [get_cells -hierarchical xx*].
Current XDC: /home/dator2/Documents/Spectrum-analyser/Spectrum-analyser-antsdr-final-version/plutosdr-fw/hdl/projects/e200/e200.gen/sources_1/bd/system/ip/system_axi_ad9361_dac_dma_0/system_axi_ad9361_dac_dma_0_constr.xdc (Line: 132)
Related violations: <none>

XDCB-5#6 Warning
Runtime inefficient way to find pin objects  
The option '-to : [get_pins -quiet -hier *reset_sync_in_reg*/PRE -filter {NAME =~ *i_reset_manager*}]' of constraint 'set_false_path' uses inefficient query to find pin objects (see constraint position '80' in the Timing Constraint window in Vivado IDE). To reduce runtime, it is recommended to get the pins through the cell objects. Please refer to Using Constraints Guide (Constraints Efficiency). An example of optimal query is: get_pins -filter {REF_PIN_NAME=~yy*} -of_objects [get_cells -hierarchical xx*].
Current XDC: /home/dator2/Documents/Spectrum-analyser/Spectrum-analyser-antsdr-final-version/plutosdr-fw/hdl/projects/e200/e200.gen/sources_1/bd/system/ip/system_axi_ad9361_dac_dma_0/system_axi_ad9361_dac_dma_0_constr.xdc (Line: 138)
Related violations: <none>

XDCC-1#1 Warning
Scoped Clock constraint overwritten with the same name  
A new clock constraint create_clock overrides a previous scoped clock constraint with the same name. It is not recommended to override a scoped (typically an IP) clock constraint and could result in unexpected behaviors.
New: create_clock -period 10.000 -name clk_fpga_0 [get_pins {i_system_wrapper/system_i/sys_ps7/inst/PS7_i/FCLKCLK[0]}] (Source: /home/dator2/Documents/Spectrum-analyser/Spectrum-analyser-antsdr-final-version/plutosdr-fw/hdl/projects/e200/system_constr.xdc (Line: 97))
Previous: create_clock -period 10.000 -name clk_fpga_0 [get_pins {PS7_i/FCLKCLK[0]}] (Source: /home/dator2/Documents/Spectrum-analyser/Spectrum-analyser-antsdr-final-version/plutosdr-fw/hdl/projects/e200/e200.gen/sources_1/bd/system/ip/system_sys_ps7_0/system_sys_ps7_0.xdc (Line: 23))
Related violations: <none>

XDCC-1#2 Warning
Scoped Clock constraint overwritten with the same name  
A new clock constraint create_clock overrides a previous scoped clock constraint with the same name. It is not recommended to override a scoped (typically an IP) clock constraint and could result in unexpected behaviors.
New: create_clock -period 5.000 -name clk_fpga_1 [get_pins {i_system_wrapper/system_i/sys_ps7/inst/PS7_i/FCLKCLK[1]}] (Source: /home/dator2/Documents/Spectrum-analyser/Spectrum-analyser-antsdr-final-version/plutosdr-fw/hdl/projects/e200/system_constr.xdc (Line: 98))
Previous: create_clock -period 5.000 -name clk_fpga_1 [get_pins {PS7_i/FCLKCLK[1]}] (Source: /home/dator2/Documents/Spectrum-analyser/Spectrum-analyser-antsdr-final-version/plutosdr-fw/hdl/projects/e200/e200.gen/sources_1/bd/system/ip/system_sys_ps7_0/system_sys_ps7_0.xdc (Line: 20))
Related violations: <none>

XDCC-7#1 Warning
Scoped Clock constraint overwritten on the same source  
A new clock constraint create_clock overrides a previous scoped clock constraint defined on the same source. It is not recommended to override a scoped (typically an IP) clock constraint and could result in unexpected behaviors.
New: create_clock -period 10.000 -name clk_fpga_0 [get_pins {i_system_wrapper/system_i/sys_ps7/inst/PS7_i/FCLKCLK[0]}] (Source: /home/dator2/Documents/Spectrum-analyser/Spectrum-analyser-antsdr-final-version/plutosdr-fw/hdl/projects/e200/system_constr.xdc (Line: 97))
Previous: create_clock -period 10.000 -name clk_fpga_0 [get_pins {PS7_i/FCLKCLK[0]}] (Source: /home/dator2/Documents/Spectrum-analyser/Spectrum-analyser-antsdr-final-version/plutosdr-fw/hdl/projects/e200/e200.gen/sources_1/bd/system/ip/system_sys_ps7_0/system_sys_ps7_0.xdc (Line: 23))
Related violations: <none>

XDCC-7#2 Warning
Scoped Clock constraint overwritten on the same source  
A new clock constraint create_clock overrides a previous scoped clock constraint defined on the same source. It is not recommended to override a scoped (typically an IP) clock constraint and could result in unexpected behaviors.
New: create_clock -period 5.000 -name clk_fpga_1 [get_pins {i_system_wrapper/system_i/sys_ps7/inst/PS7_i/FCLKCLK[1]}] (Source: /home/dator2/Documents/Spectrum-analyser/Spectrum-analyser-antsdr-final-version/plutosdr-fw/hdl/projects/e200/system_constr.xdc (Line: 98))
Previous: create_clock -period 5.000 -name clk_fpga_1 [get_pins {PS7_i/FCLKCLK[1]}] (Source: /home/dator2/Documents/Spectrum-analyser/Spectrum-analyser-antsdr-final-version/plutosdr-fw/hdl/projects/e200/e200.gen/sources_1/bd/system/ip/system_sys_ps7_0/system_sys_ps7_0.xdc (Line: 20))
Related violations: <none>

XDCH-1#1 Warning
Hold option missing in multicycle path constraint  
A multicycle constraint has been set to override the setup relationship, but no multicycle constraint has been defined to change the hold relationship. As a result, the default hold for those paths is derived from the setup and may not be evaluated as expected.
set_multicycle_path -setup -end -fall_from [get_clocks -include_generated_clocks -of_objects [get_pins -of [get_cells -hier -filter {name =~ *i_bufgmux_gmii_clk}] -filter {name =~ *O}]] -fall_to [get_clocks system_sys_rgmii_0_rgmii_tx_clk] 0
/home/dator2/Documents/Spectrum-analyser/Spectrum-analyser-antsdr-final-version/plutosdr-fw/hdl/projects/e200/e200.gen/sources_1/bd/system/ip/system_sys_rgmii_0/synth/system_sys_rgmii_0_clocks.xdc (Line: 41)
Related violations: <none>

XDCH-1#2 Warning
Hold option missing in multicycle path constraint  
A multicycle constraint has been set to override the setup relationship, but no multicycle constraint has been defined to change the hold relationship. As a result, the default hold for those paths is derived from the setup and may not be evaluated as expected.
set_multicycle_path -setup -end -rise_from [get_clocks -include_generated_clocks -of_objects [get_pins -of [get_cells -hier -filter {name =~ *i_bufgmux_gmii_clk}] -filter {name =~ *O}]] -rise_to [get_clocks system_sys_rgmii_0_rgmii_tx_clk] 0
/home/dator2/Documents/Spectrum-analyser/Spectrum-analyser-antsdr-final-version/plutosdr-fw/hdl/projects/e200/e200.gen/sources_1/bd/system/ip/system_sys_rgmii_0/synth/system_sys_rgmii_0_clocks.xdc (Line: 40)
Related violations: <none>

RTGT-1#1 Advisory
RAM retargeting possibility  
Identified 12 RAM32X1D primitives that could be retargeted to RAM32M. Retargeting will save approximately 4 memory LUTs and improve routability. These can usually be achieved using synthesis inference or XPMs. The memories are i_system_wrapper/system_i/rx_fir_decimator/fir_decimation_0/U0/i_synth/g_polyphase_decimation.i_polyphase_decimation/g_parallel.g_paths[0].g_symmetric.i_data_wrap_buff/i_phase_mem/gen_dram.ram_reg_0_15_0_0,
i_system_wrapper/system_i/rx_fir_decimator/fir_decimation_0/U0/i_synth/g_polyphase_decimation.i_polyphase_decimation/g_parallel.g_paths[0].g_symmetric.i_data_wrap_buff/i_phase_mem/gen_dram.ram_reg_0_15_10_10,
i_system_wrapper/system_i/rx_fir_decimator/fir_decimation_0/U0/i_synth/g_polyphase_decimation.i_polyphase_decimation/g_parallel.g_paths[0].g_symmetric.i_data_wrap_buff/i_phase_mem/gen_dram.ram_reg_0_15_11_11,
i_system_wrapper/system_i/rx_fir_decimator/fir_decimation_0/U0/i_synth/g_polyphase_decimation.i_polyphase_decimation/g_parallel.g_paths[0].g_symmetric.i_data_wrap_buff/i_phase_mem/gen_dram.ram_reg_0_15_12_12,
i_system_wrapper/system_i/rx_fir_decimator/fir_decimation_0/U0/i_synth/g_polyphase_decimation.i_polyphase_decimation/g_parallel.g_paths[0].g_symmetric.i_data_wrap_buff/i_phase_mem/gen_dram.ram_reg_0_15_13_13,
i_system_wrapper/system_i/rx_fir_decimator/fir_decimation_0/U0/i_synth/g_polyphase_decimation.i_polyphase_decimation/g_parallel.g_paths[0].g_symmetric.i_data_wrap_buff/i_phase_mem/gen_dram.ram_reg_0_15_14_14,
i_system_wrapper/system_i/rx_fir_decimator/fir_decimation_0/U0/i_synth/g_polyphase_decimation.i_polyphase_decimation/g_parallel.g_paths[0].g_symmetric.i_data_wrap_buff/i_phase_mem/gen_dram.ram_reg_0_15_15_15,
i_system_wrapper/system_i/rx_fir_decimator/fir_decimation_0/U0/i_synth/g_polyphase_decimation.i_polyphase_decimation/g_parallel.g_paths[0].g_symmetric.i_data_wrap_buff/i_phase_mem/gen_dram.ram_reg_0_15_1_1,
i_system_wrapper/system_i/rx_fir_decimator/fir_decimation_0/U0/i_synth/g_polyphase_decimation.i_polyphase_decimation/g_parallel.g_paths[0].g_symmetric.i_data_wrap_buff/i_phase_mem/gen_dram.ram_reg_0_15_2_2,
i_system_wrapper/system_i/rx_fir_decimator/fir_decimation_0/U0/i_synth/g_polyphase_decimation.i_polyphase_decimation/g_parallel.g_paths[0].g_symmetric.i_data_wrap_buff/i_phase_mem/gen_dram.ram_reg_0_15_3_3,
i_system_wrapper/system_i/rx_fir_decimator/fir_decimation_0/U0/i_synth/g_polyphase_decimation.i_polyphase_decimation/g_parallel.g_paths[0].g_symmetric.i_data_wrap_buff/i_phase_mem/gen_dram.ram_reg_0_15_4_4
i_system_wrapper/system_i/rx_fir_decimator/fir_decimation_0/U0/i_synth/g_polyphase_decimation.i_polyphase_decimation/g_parallel.g_paths[0].g_symmetric.i_data_wrap_buff/i_phase_mem/gen_dram.ram_reg_0_15_5_5
Related violations: <none>

RTGT-1#2 Advisory
RAM retargeting possibility  
Identified 12 RAM32X1D primitives that could be retargeted to RAM32M. Retargeting will save approximately 4 memory LUTs and improve routability. These can usually be achieved using synthesis inference or XPMs. The memories are i_system_wrapper/system_i/rx_fir_decimator/fir_decimation_1/U0/i_synth/g_polyphase_decimation.i_polyphase_decimation/g_parallel.g_paths[0].g_symmetric.i_data_wrap_buff/i_phase_mem/gen_dram.ram_reg_0_15_0_0,
i_system_wrapper/system_i/rx_fir_decimator/fir_decimation_1/U0/i_synth/g_polyphase_decimation.i_polyphase_decimation/g_parallel.g_paths[0].g_symmetric.i_data_wrap_buff/i_phase_mem/gen_dram.ram_reg_0_15_10_10,
i_system_wrapper/system_i/rx_fir_decimator/fir_decimation_1/U0/i_synth/g_polyphase_decimation.i_polyphase_decimation/g_parallel.g_paths[0].g_symmetric.i_data_wrap_buff/i_phase_mem/gen_dram.ram_reg_0_15_11_11,
i_system_wrapper/system_i/rx_fir_decimator/fir_decimation_1/U0/i_synth/g_polyphase_decimation.i_polyphase_decimation/g_parallel.g_paths[0].g_symmetric.i_data_wrap_buff/i_phase_mem/gen_dram.ram_reg_0_15_12_12,
i_system_wrapper/system_i/rx_fir_decimator/fir_decimation_1/U0/i_synth/g_polyphase_decimation.i_polyphase_decimation/g_parallel.g_paths[0].g_symmetric.i_data_wrap_buff/i_phase_mem/gen_dram.ram_reg_0_15_13_13,
i_system_wrapper/system_i/rx_fir_decimator/fir_decimation_1/U0/i_synth/g_polyphase_decimation.i_polyphase_decimation/g_parallel.g_paths[0].g_symmetric.i_data_wrap_buff/i_phase_mem/gen_dram.ram_reg_0_15_14_14,
i_system_wrapper/system_i/rx_fir_decimator/fir_decimation_1/U0/i_synth/g_polyphase_decimation.i_polyphase_decimation/g_parallel.g_paths[0].g_symmetric.i_data_wrap_buff/i_phase_mem/gen_dram.ram_reg_0_15_15_15,
i_system_wrapper/system_i/rx_fir_decimator/fir_decimation_1/U0/i_synth/g_polyphase_decimation.i_polyphase_decimation/g_parallel.g_paths[0].g_symmetric.i_data_wrap_buff/i_phase_mem/gen_dram.ram_reg_0_15_1_1,
i_system_wrapper/system_i/rx_fir_decimator/fir_decimation_1/U0/i_synth/g_polyphase_decimation.i_polyphase_decimation/g_parallel.g_paths[0].g_symmetric.i_data_wrap_buff/i_phase_mem/gen_dram.ram_reg_0_15_2_2,
i_system_wrapper/system_i/rx_fir_decimator/fir_decimation_1/U0/i_synth/g_polyphase_decimation.i_polyphase_decimation/g_parallel.g_paths[0].g_symmetric.i_data_wrap_buff/i_phase_mem/gen_dram.ram_reg_0_15_3_3,
i_system_wrapper/system_i/rx_fir_decimator/fir_decimation_1/U0/i_synth/g_polyphase_decimation.i_polyphase_decimation/g_parallel.g_paths[0].g_symmetric.i_data_wrap_buff/i_phase_mem/gen_dram.ram_reg_0_15_4_4
i_system_wrapper/system_i/rx_fir_decimator/fir_decimation_1/U0/i_synth/g_polyphase_decimation.i_polyphase_decimation/g_parallel.g_paths[0].g_symmetric.i_data_wrap_buff/i_phase_mem/gen_dram.ram_reg_0_15_5_5
Related violations: <none>

RTGT-1#3 Advisory
RAM retargeting possibility  
Identified 12 RAM32X1D primitives that could be retargeted to RAM32M. Retargeting will save approximately 4 memory LUTs and improve routability. These can usually be achieved using synthesis inference or XPMs. The memories are i_system_wrapper/system_i/tx_fir_interpolator/fir_interpolation_0/U0/i_synth/g_polyphase_interpolation.i_polyphase_interpolation/g_opbuff.i_buffer/gen_dram.ram_reg_0_15_10_10,
i_system_wrapper/system_i/tx_fir_interpolator/fir_interpolation_0/U0/i_synth/g_polyphase_interpolation.i_polyphase_interpolation/g_opbuff.i_buffer/gen_dram.ram_reg_0_15_11_11,
i_system_wrapper/system_i/tx_fir_interpolator/fir_interpolation_0/U0/i_synth/g_polyphase_interpolation.i_polyphase_interpolation/g_opbuff.i_buffer/gen_dram.ram_reg_0_15_12_12,
i_system_wrapper/system_i/tx_fir_interpolator/fir_interpolation_0/U0/i_synth/g_polyphase_interpolation.i_polyphase_interpolation/g_opbuff.i_buffer/gen_dram.ram_reg_0_15_13_13,
i_system_wrapper/system_i/tx_fir_interpolator/fir_interpolation_0/U0/i_synth/g_polyphase_interpolation.i_polyphase_interpolation/g_opbuff.i_buffer/gen_dram.ram_reg_0_15_14_14,
i_system_wrapper/system_i/tx_fir_interpolator/fir_interpolation_0/U0/i_synth/g_polyphase_interpolation.i_polyphase_interpolation/g_opbuff.i_buffer/gen_dram.ram_reg_0_15_15_15,
i_system_wrapper/system_i/tx_fir_interpolator/fir_interpolation_0/U0/i_synth/g_polyphase_interpolation.i_polyphase_interpolation/g_opbuff.i_buffer/gen_dram.ram_reg_0_15_4_4,
i_system_wrapper/system_i/tx_fir_interpolator/fir_interpolation_0/U0/i_synth/g_polyphase_interpolation.i_polyphase_interpolation/g_opbuff.i_buffer/gen_dram.ram_reg_0_15_5_5,
i_system_wrapper/system_i/tx_fir_interpolator/fir_interpolation_0/U0/i_synth/g_polyphase_interpolation.i_polyphase_interpolation/g_opbuff.i_buffer/gen_dram.ram_reg_0_15_6_6,
i_system_wrapper/system_i/tx_fir_interpolator/fir_interpolation_0/U0/i_synth/g_polyphase_interpolation.i_polyphase_interpolation/g_opbuff.i_buffer/gen_dram.ram_reg_0_15_7_7,
i_system_wrapper/system_i/tx_fir_interpolator/fir_interpolation_0/U0/i_synth/g_polyphase_interpolation.i_polyphase_interpolation/g_opbuff.i_buffer/gen_dram.ram_reg_0_15_8_8
i_system_wrapper/system_i/tx_fir_interpolator/fir_interpolation_0/U0/i_synth/g_polyphase_interpolation.i_polyphase_interpolation/g_opbuff.i_buffer/gen_dram.ram_reg_0_15_9_9
Related violations: <none>

RTGT-1#4 Advisory
RAM retargeting possibility  
Identified 12 RAM32X1D primitives that could be retargeted to RAM32M. Retargeting will save approximately 4 memory LUTs and improve routability. These can usually be achieved using synthesis inference or XPMs. The memories are i_system_wrapper/system_i/tx_fir_interpolator/fir_interpolation_1/U0/i_synth/g_polyphase_interpolation.i_polyphase_interpolation/g_opbuff.i_buffer/gen_dram.ram_reg_0_15_10_10,
i_system_wrapper/system_i/tx_fir_interpolator/fir_interpolation_1/U0/i_synth/g_polyphase_interpolation.i_polyphase_interpolation/g_opbuff.i_buffer/gen_dram.ram_reg_0_15_11_11,
i_system_wrapper/system_i/tx_fir_interpolator/fir_interpolation_1/U0/i_synth/g_polyphase_interpolation.i_polyphase_interpolation/g_opbuff.i_buffer/gen_dram.ram_reg_0_15_12_12,
i_system_wrapper/system_i/tx_fir_interpolator/fir_interpolation_1/U0/i_synth/g_polyphase_interpolation.i_polyphase_interpolation/g_opbuff.i_buffer/gen_dram.ram_reg_0_15_13_13,
i_system_wrapper/system_i/tx_fir_interpolator/fir_interpolation_1/U0/i_synth/g_polyphase_interpolation.i_polyphase_interpolation/g_opbuff.i_buffer/gen_dram.ram_reg_0_15_14_14,
i_system_wrapper/system_i/tx_fir_interpolator/fir_interpolation_1/U0/i_synth/g_polyphase_interpolation.i_polyphase_interpolation/g_opbuff.i_buffer/gen_dram.ram_reg_0_15_15_15,
i_system_wrapper/system_i/tx_fir_interpolator/fir_interpolation_1/U0/i_synth/g_polyphase_interpolation.i_polyphase_interpolation/g_opbuff.i_buffer/gen_dram.ram_reg_0_15_4_4,
i_system_wrapper/system_i/tx_fir_interpolator/fir_interpolation_1/U0/i_synth/g_polyphase_interpolation.i_polyphase_interpolation/g_opbuff.i_buffer/gen_dram.ram_reg_0_15_5_5,
i_system_wrapper/system_i/tx_fir_interpolator/fir_interpolation_1/U0/i_synth/g_polyphase_interpolation.i_polyphase_interpolation/g_opbuff.i_buffer/gen_dram.ram_reg_0_15_6_6,
i_system_wrapper/system_i/tx_fir_interpolator/fir_interpolation_1/U0/i_synth/g_polyphase_interpolation.i_polyphase_interpolation/g_opbuff.i_buffer/gen_dram.ram_reg_0_15_7_7,
i_system_wrapper/system_i/tx_fir_interpolator/fir_interpolation_1/U0/i_synth/g_polyphase_interpolation.i_polyphase_interpolation/g_opbuff.i_buffer/gen_dram.ram_reg_0_15_8_8
i_system_wrapper/system_i/tx_fir_interpolator/fir_interpolation_1/U0/i_synth/g_polyphase_interpolation.i_polyphase_interpolation/g_opbuff.i_buffer/gen_dram.ram_reg_0_15_9_9
Related violations: <none>


