
*** Running vivado
    with args -log system_axi_ad9361_0.vds -m64 -product Vivado -mode batch -messageDb vivado.pb -notrace -source system_axi_ad9361_0.tcl


****** Vivado v2023.2 (64-bit)
  **** SW Build 4029153 on Fri Oct 13 20:13:54 MDT 2023
  **** IP Build 4028589 on Sat Oct 14 00:45:43 MDT 2023
  **** SharedData Build 4025554 on Tue Oct 10 17:18:54 MDT 2023
    ** Copyright 1986-2022 Xilinx, Inc. All Rights Reserved.
    ** Copyright 2022-2023 Advanced Micro Devices, Inc. All Rights Reserved.

source system_axi_ad9361_0.tcl -notrace
create_project: Time (s): cpu = 00:00:06 ; elapsed = 00:00:06 . Memory (MB): peak = 1278.180 ; gain = 8.934 ; free physical = 4871 ; free virtual = 9296
INFO: [IP_Flow 19-234] Refreshing IP repositories
INFO: [IP_Flow 19-1700] Loaded user IP repository '/home/dator2/Documents/clean_fw_folder/antsdr-fw-patch/plutosdr-fw/hdl/library'.
INFO: [IP_Flow 19-2313] Loaded Vivado IP repository '/tools/Xilinx/Vivado/2023.2/data/ip'.
INFO: [IP_Flow 19-6924] IPCACHE: Running cache check for IP inst: system_axi_ad9361_0
Command: synth_design -top system_axi_ad9361_0 -part xc7z020clg400-2 -incremental_mode off -mode out_of_context
Starting synth_design
Attempting to get a license for feature 'Synthesis' and/or device 'xc7z020'
INFO: [Common 17-349] Got license for feature 'Synthesis' and/or device 'xc7z020'
INFO: [Device 21-403] Loading part xc7z020clg400-2
INFO: [Synth 8-7079] Multithreading enabled for synth_design using a maximum of 4 processes.
INFO: [Synth 8-7078] Launching helper process for spawning children vivado processes
INFO: [Synth 8-7075] Helper process launched with PID 332300
---------------------------------------------------------------------------------
Starting RTL Elaboration : Time (s): cpu = 00:00:04 ; elapsed = 00:00:04 . Memory (MB): peak = 2051.121 ; gain = 403.629 ; free physical = 2928 ; free virtual = 7382
---------------------------------------------------------------------------------
INFO: [Synth 8-11241] undeclared symbol 'dac_sync', assumed default net type 'wire' [/home/dator2/Documents/clean_fw_folder/antsdr-fw-patch/plutosdr-fw/hdl/projects/e200/e200.gen/sources_1/bd/system/ipshared/1506/axi_ad9361_tx.v:385]
INFO: [Synth 8-6157] synthesizing module 'system_axi_ad9361_0' [/home/dator2/Documents/clean_fw_folder/antsdr-fw-patch/plutosdr-fw/hdl/projects/e200/e200.gen/sources_1/bd/system/ip/system_axi_ad9361_0/synth/system_axi_ad9361_0.v:53]
INFO: [Synth 8-6157] synthesizing module 'axi_ad9361' [/home/dator2/Documents/clean_fw_folder/antsdr-fw-patch/plutosdr-fw/hdl/projects/e200/e200.gen/sources_1/bd/system/ipshared/1506/axi_ad9361.v:38]
INFO: [Synth 8-6157] synthesizing module 'axi_ad9361_cmos_if' [/home/dator2/Documents/clean_fw_folder/antsdr-fw-patch/plutosdr-fw/hdl/projects/e200/e200.gen/sources_1/bd/system/ipshared/1506/xilinx/axi_ad9361_cmos_if.v:38]
INFO: [Synth 8-6157] synthesizing module 'ad_data_in' [/home/dator2/Documents/clean_fw_folder/antsdr-fw-patch/plutosdr-fw/hdl/projects/e200/e200.gen/sources_1/bd/system/ipshared/1506/_1/xilinx/common/ad_data_in.v:38]
INFO: [Synth 8-6157] synthesizing module 'IBUF' [/tools/Xilinx/Vivado/2023.2/scripts/rt/data/unisim_comp.v:73631]
INFO: [Synth 8-6155] done synthesizing module 'IBUF' (0#1) [/tools/Xilinx/Vivado/2023.2/scripts/rt/data/unisim_comp.v:73631]
INFO: [Synth 8-6157] synthesizing module 'IDELAYE2' [/tools/Xilinx/Vivado/2023.2/scripts/rt/data/unisim_comp.v:75740]
INFO: [Synth 8-6155] done synthesizing module 'IDELAYE2' (0#1) [/tools/Xilinx/Vivado/2023.2/scripts/rt/data/unisim_comp.v:75740]
INFO: [Synth 8-6157] synthesizing module 'IDDR' [/tools/Xilinx/Vivado/2023.2/scripts/rt/data/unisim_comp.v:75605]
INFO: [Synth 8-6155] done synthesizing module 'IDDR' (0#1) [/tools/Xilinx/Vivado/2023.2/scripts/rt/data/unisim_comp.v:75605]
INFO: [Synth 8-6155] done synthesizing module 'ad_data_in' (0#1) [/home/dator2/Documents/clean_fw_folder/antsdr-fw-patch/plutosdr-fw/hdl/projects/e200/e200.gen/sources_1/bd/system/ipshared/1506/_1/xilinx/common/ad_data_in.v:38]
INFO: [Synth 8-6157] synthesizing module 'ad_data_out' [/home/dator2/Documents/clean_fw_folder/antsdr-fw-patch/plutosdr-fw/hdl/projects/e200/e200.gen/sources_1/bd/system/ipshared/1506/_1/xilinx/common/ad_data_out.v:38]
INFO: [Synth 8-6157] synthesizing module 'ODDR' [/tools/Xilinx/Vivado/2023.2/scripts/rt/data/unisim_comp.v:96703]
INFO: [Synth 8-6155] done synthesizing module 'ODDR' (0#1) [/tools/Xilinx/Vivado/2023.2/scripts/rt/data/unisim_comp.v:96703]
INFO: [Synth 8-6157] synthesizing module 'OBUF' [/tools/Xilinx/Vivado/2023.2/scripts/rt/data/unisim_comp.v:93059]
INFO: [Synth 8-6155] done synthesizing module 'OBUF' (0#1) [/tools/Xilinx/Vivado/2023.2/scripts/rt/data/unisim_comp.v:93059]
INFO: [Synth 8-6155] done synthesizing module 'ad_data_out' (0#1) [/home/dator2/Documents/clean_fw_folder/antsdr-fw-patch/plutosdr-fw/hdl/projects/e200/e200.gen/sources_1/bd/system/ipshared/1506/_1/xilinx/common/ad_data_out.v:38]
INFO: [Synth 8-6157] synthesizing module 'ad_data_clk' [/home/dator2/Documents/clean_fw_folder/antsdr-fw-patch/plutosdr-fw/hdl/projects/e200/e200.gen/sources_1/bd/system/ipshared/1506/_1/xilinx/common/ad_data_clk.v:38]
INFO: [Synth 8-6157] synthesizing module 'IBUFG' [/tools/Xilinx/Vivado/2023.2/scripts/rt/data/unisim_comp.v:74115]
INFO: [Synth 8-6155] done synthesizing module 'IBUFG' (0#1) [/tools/Xilinx/Vivado/2023.2/scripts/rt/data/unisim_comp.v:74115]
INFO: [Synth 8-6157] synthesizing module 'BUFG' [/tools/Xilinx/Vivado/2023.2/scripts/rt/data/unisim_comp.v:1951]
INFO: [Synth 8-6155] done synthesizing module 'BUFG' (0#1) [/tools/Xilinx/Vivado/2023.2/scripts/rt/data/unisim_comp.v:1951]
INFO: [Synth 8-6155] done synthesizing module 'ad_data_clk' (0#1) [/home/dator2/Documents/clean_fw_folder/antsdr-fw-patch/plutosdr-fw/hdl/projects/e200/e200.gen/sources_1/bd/system/ipshared/1506/_1/xilinx/common/ad_data_clk.v:38]
INFO: [Synth 8-6157] synthesizing module 'ad_data_in__parameterized0' [/home/dator2/Documents/clean_fw_folder/antsdr-fw-patch/plutosdr-fw/hdl/projects/e200/e200.gen/sources_1/bd/system/ipshared/1506/_1/xilinx/common/ad_data_in.v:38]
INFO: [Synth 8-6157] synthesizing module 'IDELAYCTRL' [/tools/Xilinx/Vivado/2023.2/scripts/rt/data/unisim_comp.v:75727]
INFO: [Synth 8-6155] done synthesizing module 'IDELAYCTRL' (0#1) [/tools/Xilinx/Vivado/2023.2/scripts/rt/data/unisim_comp.v:75727]
INFO: [Synth 8-6155] done synthesizing module 'ad_data_in__parameterized0' (0#1) [/home/dator2/Documents/clean_fw_folder/antsdr-fw-patch/plutosdr-fw/hdl/projects/e200/e200.gen/sources_1/bd/system/ipshared/1506/_1/xilinx/common/ad_data_in.v:38]
INFO: [Synth 8-6155] done synthesizing module 'axi_ad9361_cmos_if' (0#1) [/home/dator2/Documents/clean_fw_folder/antsdr-fw-patch/plutosdr-fw/hdl/projects/e200/e200.gen/sources_1/bd/system/ipshared/1506/xilinx/axi_ad9361_cmos_if.v:38]
INFO: [Synth 8-6157] synthesizing module 'axi_ad9361_tdd_if' [/home/dator2/Documents/clean_fw_folder/antsdr-fw-patch/plutosdr-fw/hdl/projects/e200/e200.gen/sources_1/bd/system/ipshared/1506/axi_ad9361_tdd_if.v:38]
INFO: [Synth 8-6155] done synthesizing module 'axi_ad9361_tdd_if' (0#1) [/home/dator2/Documents/clean_fw_folder/antsdr-fw-patch/plutosdr-fw/hdl/projects/e200/e200.gen/sources_1/bd/system/ipshared/1506/axi_ad9361_tdd_if.v:38]
INFO: [Synth 8-6157] synthesizing module 'axi_ad9361_tdd' [/home/dator2/Documents/clean_fw_folder/antsdr-fw-patch/plutosdr-fw/hdl/projects/e200/e200.gen/sources_1/bd/system/ipshared/1506/axi_ad9361_tdd.v:38]
INFO: [Synth 8-6157] synthesizing module 'up_tdd_cntrl' [/home/dator2/Documents/clean_fw_folder/antsdr-fw-patch/plutosdr-fw/hdl/projects/e200/e200.gen/sources_1/bd/system/ipshared/1506/_1/common/up_tdd_cntrl.v:37]
INFO: [Synth 8-6157] synthesizing module 'up_xfer_cntrl' [/home/dator2/Documents/clean_fw_folder/antsdr-fw-patch/plutosdr-fw/hdl/projects/e200/e200.gen/sources_1/bd/system/ipshared/1506/_1/common/up_xfer_cntrl.v:38]
INFO: [Synth 8-6155] done synthesizing module 'up_xfer_cntrl' (0#1) [/home/dator2/Documents/clean_fw_folder/antsdr-fw-patch/plutosdr-fw/hdl/projects/e200/e200.gen/sources_1/bd/system/ipshared/1506/_1/common/up_xfer_cntrl.v:38]
INFO: [Synth 8-6157] synthesizing module 'up_xfer_cntrl__parameterized0' [/home/dator2/Documents/clean_fw_folder/antsdr-fw-patch/plutosdr-fw/hdl/projects/e200/e200.gen/sources_1/bd/system/ipshared/1506/_1/common/up_xfer_cntrl.v:38]
INFO: [Synth 8-6155] done synthesizing module 'up_xfer_cntrl__parameterized0' (0#1) [/home/dator2/Documents/clean_fw_folder/antsdr-fw-patch/plutosdr-fw/hdl/projects/e200/e200.gen/sources_1/bd/system/ipshared/1506/_1/common/up_xfer_cntrl.v:38]
INFO: [Synth 8-6157] synthesizing module 'up_xfer_status' [/home/dator2/Documents/clean_fw_folder/antsdr-fw-patch/plutosdr-fw/hdl/projects/e200/e200.gen/sources_1/bd/system/ipshared/1506/_1/common/up_xfer_status.v:38]
INFO: [Synth 8-6155] done synthesizing module 'up_xfer_status' (0#1) [/home/dator2/Documents/clean_fw_folder/antsdr-fw-patch/plutosdr-fw/hdl/projects/e200/e200.gen/sources_1/bd/system/ipshared/1506/_1/common/up_xfer_status.v:38]
INFO: [Synth 8-6155] done synthesizing module 'up_tdd_cntrl' (0#1) [/home/dator2/Documents/clean_fw_folder/antsdr-fw-patch/plutosdr-fw/hdl/projects/e200/e200.gen/sources_1/bd/system/ipshared/1506/_1/common/up_tdd_cntrl.v:37]
INFO: [Synth 8-6157] synthesizing module 'ad_tdd_control' [/home/dator2/Documents/clean_fw_folder/antsdr-fw-patch/plutosdr-fw/hdl/projects/e200/e200.gen/sources_1/bd/system/ipshared/1506/_1/common/ad_tdd_control.v:38]
INFO: [Synth 8-6157] synthesizing module 'ad_addsub' [/home/dator2/Documents/clean_fw_folder/antsdr-fw-patch/plutosdr-fw/hdl/projects/e200/e200.gen/sources_1/bd/system/ipshared/1506/_1/common/ad_addsub.v:42]
INFO: [Synth 8-6155] done synthesizing module 'ad_addsub' (0#1) [/home/dator2/Documents/clean_fw_folder/antsdr-fw-patch/plutosdr-fw/hdl/projects/e200/e200.gen/sources_1/bd/system/ipshared/1506/_1/common/ad_addsub.v:42]
INFO: [Synth 8-6155] done synthesizing module 'ad_tdd_control' (0#1) [/home/dator2/Documents/clean_fw_folder/antsdr-fw-patch/plutosdr-fw/hdl/projects/e200/e200.gen/sources_1/bd/system/ipshared/1506/_1/common/ad_tdd_control.v:38]
INFO: [Synth 8-6155] done synthesizing module 'axi_ad9361_tdd' (0#1) [/home/dator2/Documents/clean_fw_folder/antsdr-fw-patch/plutosdr-fw/hdl/projects/e200/e200.gen/sources_1/bd/system/ipshared/1506/axi_ad9361_tdd.v:38]
INFO: [Synth 8-6157] synthesizing module 'axi_ad9361_rx' [/home/dator2/Documents/clean_fw_folder/antsdr-fw-patch/plutosdr-fw/hdl/projects/e200/e200.gen/sources_1/bd/system/ipshared/1506/axi_ad9361_rx.v:38]
INFO: [Synth 8-6157] synthesizing module 'axi_ad9361_rx_channel' [/home/dator2/Documents/clean_fw_folder/antsdr-fw-patch/plutosdr-fw/hdl/projects/e200/e200.gen/sources_1/bd/system/ipshared/1506/axi_ad9361_rx_channel.v:38]
INFO: [Synth 8-6157] synthesizing module 'axi_ad9361_rx_pnmon' [/home/dator2/Documents/clean_fw_folder/antsdr-fw-patch/plutosdr-fw/hdl/projects/e200/e200.gen/sources_1/bd/system/ipshared/1506/axi_ad9361_rx_pnmon.v:39]
INFO: [Synth 8-6157] synthesizing module 'ad_pnmon' [/home/dator2/Documents/clean_fw_folder/antsdr-fw-patch/plutosdr-fw/hdl/projects/e200/e200.gen/sources_1/bd/system/ipshared/1506/_1/common/ad_pnmon.v:39]
INFO: [Synth 8-6155] done synthesizing module 'ad_pnmon' (0#1) [/home/dator2/Documents/clean_fw_folder/antsdr-fw-patch/plutosdr-fw/hdl/projects/e200/e200.gen/sources_1/bd/system/ipshared/1506/_1/common/ad_pnmon.v:39]
INFO: [Synth 8-6155] done synthesizing module 'axi_ad9361_rx_pnmon' (0#1) [/home/dator2/Documents/clean_fw_folder/antsdr-fw-patch/plutosdr-fw/hdl/projects/e200/e200.gen/sources_1/bd/system/ipshared/1506/axi_ad9361_rx_pnmon.v:39]
INFO: [Synth 8-6157] synthesizing module 'ad_datafmt' [/home/dator2/Documents/clean_fw_folder/antsdr-fw-patch/plutosdr-fw/hdl/projects/e200/e200.gen/sources_1/bd/system/ipshared/1506/_1/common/ad_datafmt.v:39]
INFO: [Synth 8-6155] done synthesizing module 'ad_datafmt' (0#1) [/home/dator2/Documents/clean_fw_folder/antsdr-fw-patch/plutosdr-fw/hdl/projects/e200/e200.gen/sources_1/bd/system/ipshared/1506/_1/common/ad_datafmt.v:39]
INFO: [Synth 8-6157] synthesizing module 'ad_dcfilter' [/home/dator2/Documents/clean_fw_folder/antsdr-fw-patch/plutosdr-fw/hdl/projects/e200/e200.gen/sources_1/bd/system/ipshared/1506/_1/xilinx/common/ad_dcfilter.v:39]
INFO: [Synth 8-6157] synthesizing module 'DSP48E1' [/tools/Xilinx/Vivado/2023.2/scripts/rt/data/unisim_comp.v:39745]
INFO: [Synth 8-6155] done synthesizing module 'DSP48E1' (0#1) [/tools/Xilinx/Vivado/2023.2/scripts/rt/data/unisim_comp.v:39745]
INFO: [Synth 8-6155] done synthesizing module 'ad_dcfilter' (0#1) [/home/dator2/Documents/clean_fw_folder/antsdr-fw-patch/plutosdr-fw/hdl/projects/e200/e200.gen/sources_1/bd/system/ipshared/1506/_1/xilinx/common/ad_dcfilter.v:39]
INFO: [Synth 8-6157] synthesizing module 'ad_iqcor' [/home/dator2/Documents/clean_fw_folder/antsdr-fw-patch/plutosdr-fw/hdl/projects/e200/e200.gen/sources_1/bd/system/ipshared/1506/_1/common/ad_iqcor.v:43]
INFO: [Synth 8-6157] synthesizing module 'ad_mul' [/home/dator2/Documents/clean_fw_folder/antsdr-fw-patch/plutosdr-fw/hdl/projects/e200/e200.gen/sources_1/bd/system/ipshared/1506/_1/xilinx/common/ad_mul.v:38]
INFO: [Synth 8-6157] synthesizing module 'xil_internal_svlib_MULT_MACRO' [/tools/Xilinx/Vivado/2023.2/data/verilog/src/unimacro/MULT_MACRO.v:24]
INFO: [Synth 8-6157] synthesizing module 'DSP48E' [/tools/Xilinx/Vivado/2023.2/scripts/rt/data/unisim_comp.v:39628]
INFO: [Synth 8-6155] done synthesizing module 'DSP48E' (0#1) [/tools/Xilinx/Vivado/2023.2/scripts/rt/data/unisim_comp.v:39628]
INFO: [Synth 8-6155] done synthesizing module 'xil_internal_svlib_MULT_MACRO' (0#1) [/tools/Xilinx/Vivado/2023.2/data/verilog/src/unimacro/MULT_MACRO.v:24]
INFO: [Synth 8-6155] done synthesizing module 'ad_mul' (0#1) [/home/dator2/Documents/clean_fw_folder/antsdr-fw-patch/plutosdr-fw/hdl/projects/e200/e200.gen/sources_1/bd/system/ipshared/1506/_1/xilinx/common/ad_mul.v:38]
WARNING: [Synth 8-693] zero replication count - replication ignored [/home/dator2/Documents/clean_fw_folder/antsdr-fw-patch/plutosdr-fw/hdl/projects/e200/e200.gen/sources_1/bd/system/ipshared/1506/_1/common/ad_iqcor.v:140]
INFO: [Synth 8-6157] synthesizing module 'ad_mul__parameterized0' [/home/dator2/Documents/clean_fw_folder/antsdr-fw-patch/plutosdr-fw/hdl/projects/e200/e200.gen/sources_1/bd/system/ipshared/1506/_1/xilinx/common/ad_mul.v:38]
INFO: [Synth 8-6155] done synthesizing module 'ad_mul__parameterized0' (0#1) [/home/dator2/Documents/clean_fw_folder/antsdr-fw-patch/plutosdr-fw/hdl/projects/e200/e200.gen/sources_1/bd/system/ipshared/1506/_1/xilinx/common/ad_mul.v:38]
WARNING: [Synth 8-693] zero replication count - replication ignored [/home/dator2/Documents/clean_fw_folder/antsdr-fw-patch/plutosdr-fw/hdl/projects/e200/e200.gen/sources_1/bd/system/ipshared/1506/_1/common/ad_iqcor.v:127]
INFO: [Synth 8-6155] done synthesizing module 'ad_iqcor' (0#1) [/home/dator2/Documents/clean_fw_folder/antsdr-fw-patch/plutosdr-fw/hdl/projects/e200/e200.gen/sources_1/bd/system/ipshared/1506/_1/common/ad_iqcor.v:43]
INFO: [Synth 8-6157] synthesizing module 'up_adc_channel' [/home/dator2/Documents/clean_fw_folder/antsdr-fw-patch/plutosdr-fw/hdl/projects/e200/e200.gen/sources_1/bd/system/ipshared/1506/_1/common/up_adc_channel.v:38]
INFO: [Synth 8-6157] synthesizing module 'up_xfer_cntrl__parameterized1' [/home/dator2/Documents/clean_fw_folder/antsdr-fw-patch/plutosdr-fw/hdl/projects/e200/e200.gen/sources_1/bd/system/ipshared/1506/_1/common/up_xfer_cntrl.v:38]
INFO: [Synth 8-6155] done synthesizing module 'up_xfer_cntrl__parameterized1' (0#1) [/home/dator2/Documents/clean_fw_folder/antsdr-fw-patch/plutosdr-fw/hdl/projects/e200/e200.gen/sources_1/bd/system/ipshared/1506/_1/common/up_xfer_cntrl.v:38]
INFO: [Synth 8-6157] synthesizing module 'up_xfer_status__parameterized0' [/home/dator2/Documents/clean_fw_folder/antsdr-fw-patch/plutosdr-fw/hdl/projects/e200/e200.gen/sources_1/bd/system/ipshared/1506/_1/common/up_xfer_status.v:38]
INFO: [Synth 8-6155] done synthesizing module 'up_xfer_status__parameterized0' (0#1) [/home/dator2/Documents/clean_fw_folder/antsdr-fw-patch/plutosdr-fw/hdl/projects/e200/e200.gen/sources_1/bd/system/ipshared/1506/_1/common/up_xfer_status.v:38]
INFO: [Synth 8-6155] done synthesizing module 'up_adc_channel' (0#1) [/home/dator2/Documents/clean_fw_folder/antsdr-fw-patch/plutosdr-fw/hdl/projects/e200/e200.gen/sources_1/bd/system/ipshared/1506/_1/common/up_adc_channel.v:38]
WARNING: [Synth 8-7071] port 'adc_softspan' of module 'up_adc_channel' is unconnected for instance 'i_up_adc_channel' [/home/dator2/Documents/clean_fw_folder/antsdr-fw-patch/plutosdr-fw/hdl/projects/e200/e200.gen/sources_1/bd/system/ipshared/1506/axi_ad9361_rx_channel.v:189]
WARNING: [Synth 8-7071] port 'up_adc_crc_err' of module 'up_adc_channel' is unconnected for instance 'i_up_adc_channel' [/home/dator2/Documents/clean_fw_folder/antsdr-fw-patch/plutosdr-fw/hdl/projects/e200/e200.gen/sources_1/bd/system/ipshared/1506/axi_ad9361_rx_channel.v:189]
WARNING: [Synth 8-7023] instance 'i_up_adc_channel' of module 'up_adc_channel' has 49 connections declared, but only 47 given [/home/dator2/Documents/clean_fw_folder/antsdr-fw-patch/plutosdr-fw/hdl/projects/e200/e200.gen/sources_1/bd/system/ipshared/1506/axi_ad9361_rx_channel.v:189]
INFO: [Synth 8-6155] done synthesizing module 'axi_ad9361_rx_channel' (0#1) [/home/dator2/Documents/clean_fw_folder/antsdr-fw-patch/plutosdr-fw/hdl/projects/e200/e200.gen/sources_1/bd/system/ipshared/1506/axi_ad9361_rx_channel.v:38]
INFO: [Synth 8-6157] synthesizing module 'axi_ad9361_rx_channel__parameterized0' [/home/dator2/Documents/clean_fw_folder/antsdr-fw-patch/plutosdr-fw/hdl/projects/e200/e200.gen/sources_1/bd/system/ipshared/1506/axi_ad9361_rx_channel.v:38]
INFO: [Synth 8-6157] synthesizing module 'axi_ad9361_rx_pnmon__parameterized0' [/home/dator2/Documents/clean_fw_folder/antsdr-fw-patch/plutosdr-fw/hdl/projects/e200/e200.gen/sources_1/bd/system/ipshared/1506/axi_ad9361_rx_pnmon.v:39]
INFO: [Synth 8-6155] done synthesizing module 'axi_ad9361_rx_pnmon__parameterized0' (0#1) [/home/dator2/Documents/clean_fw_folder/antsdr-fw-patch/plutosdr-fw/hdl/projects/e200/e200.gen/sources_1/bd/system/ipshared/1506/axi_ad9361_rx_pnmon.v:39]
INFO: [Synth 8-6157] synthesizing module 'ad_iqcor__parameterized0' [/home/dator2/Documents/clean_fw_folder/antsdr-fw-patch/plutosdr-fw/hdl/projects/e200/e200.gen/sources_1/bd/system/ipshared/1506/_1/common/ad_iqcor.v:43]
WARNING: [Synth 8-693] zero replication count - replication ignored [/home/dator2/Documents/clean_fw_folder/antsdr-fw-patch/plutosdr-fw/hdl/projects/e200/e200.gen/sources_1/bd/system/ipshared/1506/_1/common/ad_iqcor.v:140]
WARNING: [Synth 8-693] zero replication count - replication ignored [/home/dator2/Documents/clean_fw_folder/antsdr-fw-patch/plutosdr-fw/hdl/projects/e200/e200.gen/sources_1/bd/system/ipshared/1506/_1/common/ad_iqcor.v:127]
INFO: [Synth 8-6155] done synthesizing module 'ad_iqcor__parameterized0' (0#1) [/home/dator2/Documents/clean_fw_folder/antsdr-fw-patch/plutosdr-fw/hdl/projects/e200/e200.gen/sources_1/bd/system/ipshared/1506/_1/common/ad_iqcor.v:43]
INFO: [Synth 8-6157] synthesizing module 'up_adc_channel__parameterized0' [/home/dator2/Documents/clean_fw_folder/antsdr-fw-patch/plutosdr-fw/hdl/projects/e200/e200.gen/sources_1/bd/system/ipshared/1506/_1/common/up_adc_channel.v:38]
INFO: [Synth 8-6155] done synthesizing module 'up_adc_channel__parameterized0' (0#1) [/home/dator2/Documents/clean_fw_folder/antsdr-fw-patch/plutosdr-fw/hdl/projects/e200/e200.gen/sources_1/bd/system/ipshared/1506/_1/common/up_adc_channel.v:38]
WARNING: [Synth 8-7071] port 'adc_softspan' of module 'up_adc_channel' is unconnected for instance 'i_up_adc_channel' [/home/dator2/Documents/clean_fw_folder/antsdr-fw-patch/plutosdr-fw/hdl/projects/e200/e200.gen/sources_1/bd/system/ipshared/1506/axi_ad9361_rx_channel.v:189]
WARNING: [Synth 8-7071] port 'up_adc_crc_err' of module 'up_adc_channel' is unconnected for instance 'i_up_adc_channel' [/home/dator2/Documents/clean_fw_folder/antsdr-fw-patch/plutosdr-fw/hdl/projects/e200/e200.gen/sources_1/bd/system/ipshared/1506/axi_ad9361_rx_channel.v:189]
WARNING: [Synth 8-7023] instance 'i_up_adc_channel' of module 'up_adc_channel' has 49 connections declared, but only 47 given [/home/dator2/Documents/clean_fw_folder/antsdr-fw-patch/plutosdr-fw/hdl/projects/e200/e200.gen/sources_1/bd/system/ipshared/1506/axi_ad9361_rx_channel.v:189]
INFO: [Synth 8-6155] done synthesizing module 'axi_ad9361_rx_channel__parameterized0' (0#1) [/home/dator2/Documents/clean_fw_folder/antsdr-fw-patch/plutosdr-fw/hdl/projects/e200/e200.gen/sources_1/bd/system/ipshared/1506/axi_ad9361_rx_channel.v:38]
INFO: [Synth 8-6157] synthesizing module 'axi_ad9361_rx_channel__parameterized1' [/home/dator2/Documents/clean_fw_folder/antsdr-fw-patch/plutosdr-fw/hdl/projects/e200/e200.gen/sources_1/bd/system/ipshared/1506/axi_ad9361_rx_channel.v:38]
INFO: [Synth 8-6157] synthesizing module 'axi_ad9361_rx_pnmon__parameterized1' [/home/dator2/Documents/clean_fw_folder/antsdr-fw-patch/plutosdr-fw/hdl/projects/e200/e200.gen/sources_1/bd/system/ipshared/1506/axi_ad9361_rx_pnmon.v:39]
INFO: [Synth 8-6155] done synthesizing module 'axi_ad9361_rx_pnmon__parameterized1' (0#1) [/home/dator2/Documents/clean_fw_folder/antsdr-fw-patch/plutosdr-fw/hdl/projects/e200/e200.gen/sources_1/bd/system/ipshared/1506/axi_ad9361_rx_pnmon.v:39]
INFO: [Synth 8-6157] synthesizing module 'up_adc_channel__parameterized1' [/home/dator2/Documents/clean_fw_folder/antsdr-fw-patch/plutosdr-fw/hdl/projects/e200/e200.gen/sources_1/bd/system/ipshared/1506/_1/common/up_adc_channel.v:38]
INFO: [Synth 8-6155] done synthesizing module 'up_adc_channel__parameterized1' (0#1) [/home/dator2/Documents/clean_fw_folder/antsdr-fw-patch/plutosdr-fw/hdl/projects/e200/e200.gen/sources_1/bd/system/ipshared/1506/_1/common/up_adc_channel.v:38]
WARNING: [Synth 8-7071] port 'adc_softspan' of module 'up_adc_channel' is unconnected for instance 'i_up_adc_channel' [/home/dator2/Documents/clean_fw_folder/antsdr-fw-patch/plutosdr-fw/hdl/projects/e200/e200.gen/sources_1/bd/system/ipshared/1506/axi_ad9361_rx_channel.v:189]
WARNING: [Synth 8-7071] port 'up_adc_crc_err' of module 'up_adc_channel' is unconnected for instance 'i_up_adc_channel' [/home/dator2/Documents/clean_fw_folder/antsdr-fw-patch/plutosdr-fw/hdl/projects/e200/e200.gen/sources_1/bd/system/ipshared/1506/axi_ad9361_rx_channel.v:189]
WARNING: [Synth 8-7023] instance 'i_up_adc_channel' of module 'up_adc_channel' has 49 connections declared, but only 47 given [/home/dator2/Documents/clean_fw_folder/antsdr-fw-patch/plutosdr-fw/hdl/projects/e200/e200.gen/sources_1/bd/system/ipshared/1506/axi_ad9361_rx_channel.v:189]
INFO: [Synth 8-6155] done synthesizing module 'axi_ad9361_rx_channel__parameterized1' (0#1) [/home/dator2/Documents/clean_fw_folder/antsdr-fw-patch/plutosdr-fw/hdl/projects/e200/e200.gen/sources_1/bd/system/ipshared/1506/axi_ad9361_rx_channel.v:38]
INFO: [Synth 8-6157] synthesizing module 'axi_ad9361_rx_channel__parameterized2' [/home/dator2/Documents/clean_fw_folder/antsdr-fw-patch/plutosdr-fw/hdl/projects/e200/e200.gen/sources_1/bd/system/ipshared/1506/axi_ad9361_rx_channel.v:38]
INFO: [Synth 8-6157] synthesizing module 'axi_ad9361_rx_pnmon__parameterized2' [/home/dator2/Documents/clean_fw_folder/antsdr-fw-patch/plutosdr-fw/hdl/projects/e200/e200.gen/sources_1/bd/system/ipshared/1506/axi_ad9361_rx_pnmon.v:39]
INFO: [Synth 8-6155] done synthesizing module 'axi_ad9361_rx_pnmon__parameterized2' (0#1) [/home/dator2/Documents/clean_fw_folder/antsdr-fw-patch/plutosdr-fw/hdl/projects/e200/e200.gen/sources_1/bd/system/ipshared/1506/axi_ad9361_rx_pnmon.v:39]
INFO: [Synth 8-6157] synthesizing module 'up_adc_channel__parameterized2' [/home/dator2/Documents/clean_fw_folder/antsdr-fw-patch/plutosdr-fw/hdl/projects/e200/e200.gen/sources_1/bd/system/ipshared/1506/_1/common/up_adc_channel.v:38]
INFO: [Synth 8-6155] done synthesizing module 'up_adc_channel__parameterized2' (0#1) [/home/dator2/Documents/clean_fw_folder/antsdr-fw-patch/plutosdr-fw/hdl/projects/e200/e200.gen/sources_1/bd/system/ipshared/1506/_1/common/up_adc_channel.v:38]
WARNING: [Synth 8-7071] port 'adc_softspan' of module 'up_adc_channel' is unconnected for instance 'i_up_adc_channel' [/home/dator2/Documents/clean_fw_folder/antsdr-fw-patch/plutosdr-fw/hdl/projects/e200/e200.gen/sources_1/bd/system/ipshared/1506/axi_ad9361_rx_channel.v:189]
WARNING: [Synth 8-7071] port 'up_adc_crc_err' of module 'up_adc_channel' is unconnected for instance 'i_up_adc_channel' [/home/dator2/Documents/clean_fw_folder/antsdr-fw-patch/plutosdr-fw/hdl/projects/e200/e200.gen/sources_1/bd/system/ipshared/1506/axi_ad9361_rx_channel.v:189]
WARNING: [Synth 8-7023] instance 'i_up_adc_channel' of module 'up_adc_channel' has 49 connections declared, but only 47 given [/home/dator2/Documents/clean_fw_folder/antsdr-fw-patch/plutosdr-fw/hdl/projects/e200/e200.gen/sources_1/bd/system/ipshared/1506/axi_ad9361_rx_channel.v:189]
INFO: [Synth 8-6155] done synthesizing module 'axi_ad9361_rx_channel__parameterized2' (0#1) [/home/dator2/Documents/clean_fw_folder/antsdr-fw-patch/plutosdr-fw/hdl/projects/e200/e200.gen/sources_1/bd/system/ipshared/1506/axi_ad9361_rx_channel.v:38]
INFO: [Synth 8-6157] synthesizing module 'up_adc_common' [/home/dator2/Documents/clean_fw_folder/antsdr-fw-patch/plutosdr-fw/hdl/projects/e200/e200.gen/sources_1/bd/system/ipshared/1506/_1/common/up_adc_common.v:38]
INFO: [Synth 8-6157] synthesizing module 'ad_rst' [/home/dator2/Documents/clean_fw_folder/antsdr-fw-patch/plutosdr-fw/hdl/projects/e200/e200.gen/sources_1/bd/system/ipshared/1506/_1/common/ad_rst.v:38]
INFO: [Synth 8-6155] done synthesizing module 'ad_rst' (0#1) [/home/dator2/Documents/clean_fw_folder/antsdr-fw-patch/plutosdr-fw/hdl/projects/e200/e200.gen/sources_1/bd/system/ipshared/1506/_1/common/ad_rst.v:38]
INFO: [Synth 8-6157] synthesizing module 'up_xfer_cntrl__parameterized2' [/home/dator2/Documents/clean_fw_folder/antsdr-fw-patch/plutosdr-fw/hdl/projects/e200/e200.gen/sources_1/bd/system/ipshared/1506/_1/common/up_xfer_cntrl.v:38]
INFO: [Synth 8-6155] done synthesizing module 'up_xfer_cntrl__parameterized2' (0#1) [/home/dator2/Documents/clean_fw_folder/antsdr-fw-patch/plutosdr-fw/hdl/projects/e200/e200.gen/sources_1/bd/system/ipshared/1506/_1/common/up_xfer_cntrl.v:38]
INFO: [Synth 8-6157] synthesizing module 'up_xfer_status__parameterized1' [/home/dator2/Documents/clean_fw_folder/antsdr-fw-patch/plutosdr-fw/hdl/projects/e200/e200.gen/sources_1/bd/system/ipshared/1506/_1/common/up_xfer_status.v:38]
INFO: [Synth 8-6155] done synthesizing module 'up_xfer_status__parameterized1' (0#1) [/home/dator2/Documents/clean_fw_folder/antsdr-fw-patch/plutosdr-fw/hdl/projects/e200/e200.gen/sources_1/bd/system/ipshared/1506/_1/common/up_xfer_status.v:38]
INFO: [Synth 8-6157] synthesizing module 'up_clock_mon' [/home/dator2/Documents/clean_fw_folder/antsdr-fw-patch/plutosdr-fw/hdl/projects/e200/e200.gen/sources_1/bd/system/ipshared/1506/_1/common/up_clock_mon.v:38]
INFO: [Synth 8-6155] done synthesizing module 'up_clock_mon' (0#1) [/home/dator2/Documents/clean_fw_folder/antsdr-fw-patch/plutosdr-fw/hdl/projects/e200/e200.gen/sources_1/bd/system/ipshared/1506/_1/common/up_clock_mon.v:38]
INFO: [Synth 8-6155] done synthesizing module 'up_adc_common' (0#1) [/home/dator2/Documents/clean_fw_folder/antsdr-fw-patch/plutosdr-fw/hdl/projects/e200/e200.gen/sources_1/bd/system/ipshared/1506/_1/common/up_adc_common.v:38]
INFO: [Synth 8-6157] synthesizing module 'up_delay_cntrl' [/home/dator2/Documents/clean_fw_folder/antsdr-fw-patch/plutosdr-fw/hdl/projects/e200/e200.gen/sources_1/bd/system/ipshared/1506/_1/common/up_delay_cntrl.v:38]
INFO: [Synth 8-6155] done synthesizing module 'up_delay_cntrl' (0#1) [/home/dator2/Documents/clean_fw_folder/antsdr-fw-patch/plutosdr-fw/hdl/projects/e200/e200.gen/sources_1/bd/system/ipshared/1506/_1/common/up_delay_cntrl.v:38]
INFO: [Synth 8-6155] done synthesizing module 'axi_ad9361_rx' (0#1) [/home/dator2/Documents/clean_fw_folder/antsdr-fw-patch/plutosdr-fw/hdl/projects/e200/e200.gen/sources_1/bd/system/ipshared/1506/axi_ad9361_rx.v:38]
INFO: [Synth 8-6157] synthesizing module 'axi_ad9361_tx' [/home/dator2/Documents/clean_fw_folder/antsdr-fw-patch/plutosdr-fw/hdl/projects/e200/e200.gen/sources_1/bd/system/ipshared/1506/axi_ad9361_tx.v:38]
INFO: [Synth 8-6157] synthesizing module 'axi_ad9361_tx_channel' [/home/dator2/Documents/clean_fw_folder/antsdr-fw-patch/plutosdr-fw/hdl/projects/e200/e200.gen/sources_1/bd/system/ipshared/1506/axi_ad9361_tx_channel.v:38]
INFO: [Synth 8-6157] synthesizing module 'ad_dds' [/home/dator2/Documents/clean_fw_folder/antsdr-fw-patch/plutosdr-fw/hdl/projects/e200/e200.gen/sources_1/bd/system/ipshared/1506/_1/common/ad_dds.v:39]
INFO: [Synth 8-6157] synthesizing module 'ad_dds_2' [/home/dator2/Documents/clean_fw_folder/antsdr-fw-patch/plutosdr-fw/hdl/projects/e200/e200.gen/sources_1/bd/system/ipshared/1506/_1/common/ad_dds_2.v:38]
INFO: [Synth 8-6157] synthesizing module 'ad_dds_1' [/home/dator2/Documents/clean_fw_folder/antsdr-fw-patch/plutosdr-fw/hdl/projects/e200/e200.gen/sources_1/bd/system/ipshared/1506/_1/common/ad_dds_1.v:38]
INFO: [Synth 8-6157] synthesizing module 'ad_dds_sine_cordic' [/home/dator2/Documents/clean_fw_folder/antsdr-fw-patch/plutosdr-fw/hdl/projects/e200/e200.gen/sources_1/bd/system/ipshared/1506/_1/common/ad_dds_sine_cordic.v:38]
INFO: [Synth 8-6157] synthesizing module 'ad_dds_cordic_pipe' [/home/dator2/Documents/clean_fw_folder/antsdr-fw-patch/plutosdr-fw/hdl/projects/e200/e200.gen/sources_1/bd/system/ipshared/1506/_1/common/ad_dds_cordic_pipe.v:38]
WARNING: [Synth 8-693] zero replication count - replication ignored [/home/dator2/Documents/clean_fw_folder/antsdr-fw-patch/plutosdr-fw/hdl/projects/e200/e200.gen/sources_1/bd/system/ipshared/1506/_1/common/ad_dds_cordic_pipe.v:79]
WARNING: [Synth 8-693] zero replication count - replication ignored [/home/dator2/Documents/clean_fw_folder/antsdr-fw-patch/plutosdr-fw/hdl/projects/e200/e200.gen/sources_1/bd/system/ipshared/1506/_1/common/ad_dds_cordic_pipe.v:80]
INFO: [Synth 8-6155] done synthesizing module 'ad_dds_cordic_pipe' (0#1) [/home/dator2/Documents/clean_fw_folder/antsdr-fw-patch/plutosdr-fw/hdl/projects/e200/e200.gen/sources_1/bd/system/ipshared/1506/_1/common/ad_dds_cordic_pipe.v:38]
INFO: [Synth 8-6157] synthesizing module 'ad_dds_cordic_pipe__parameterized0' [/home/dator2/Documents/clean_fw_folder/antsdr-fw-patch/plutosdr-fw/hdl/projects/e200/e200.gen/sources_1/bd/system/ipshared/1506/_1/common/ad_dds_cordic_pipe.v:38]
INFO: [Synth 8-6155] done synthesizing module 'ad_dds_cordic_pipe__parameterized0' (0#1) [/home/dator2/Documents/clean_fw_folder/antsdr-fw-patch/plutosdr-fw/hdl/projects/e200/e200.gen/sources_1/bd/system/ipshared/1506/_1/common/ad_dds_cordic_pipe.v:38]
INFO: [Synth 8-6157] synthesizing module 'ad_dds_cordic_pipe__parameterized1' [/home/dator2/Documents/clean_fw_folder/antsdr-fw-patch/plutosdr-fw/hdl/projects/e200/e200.gen/sources_1/bd/system/ipshared/1506/_1/common/ad_dds_cordic_pipe.v:38]
INFO: [Synth 8-6155] done synthesizing module 'ad_dds_cordic_pipe__parameterized1' (0#1) [/home/dator2/Documents/clean_fw_folder/antsdr-fw-patch/plutosdr-fw/hdl/projects/e200/e200.gen/sources_1/bd/system/ipshared/1506/_1/common/ad_dds_cordic_pipe.v:38]
INFO: [Synth 8-6157] synthesizing module 'ad_dds_cordic_pipe__parameterized2' [/home/dator2/Documents/clean_fw_folder/antsdr-fw-patch/plutosdr-fw/hdl/projects/e200/e200.gen/sources_1/bd/system/ipshared/1506/_1/common/ad_dds_cordic_pipe.v:38]
INFO: [Synth 8-6155] done synthesizing module 'ad_dds_cordic_pipe__parameterized2' (0#1) [/home/dator2/Documents/clean_fw_folder/antsdr-fw-patch/plutosdr-fw/hdl/projects/e200/e200.gen/sources_1/bd/system/ipshared/1506/_1/common/ad_dds_cordic_pipe.v:38]
INFO: [Synth 8-6157] synthesizing module 'ad_dds_cordic_pipe__parameterized3' [/home/dator2/Documents/clean_fw_folder/antsdr-fw-patch/plutosdr-fw/hdl/projects/e200/e200.gen/sources_1/bd/system/ipshared/1506/_1/common/ad_dds_cordic_pipe.v:38]
INFO: [Synth 8-6155] done synthesizing module 'ad_dds_cordic_pipe__parameterized3' (0#1) [/home/dator2/Documents/clean_fw_folder/antsdr-fw-patch/plutosdr-fw/hdl/projects/e200/e200.gen/sources_1/bd/system/ipshared/1506/_1/common/ad_dds_cordic_pipe.v:38]
INFO: [Synth 8-6157] synthesizing module 'ad_dds_cordic_pipe__parameterized4' [/home/dator2/Documents/clean_fw_folder/antsdr-fw-patch/plutosdr-fw/hdl/projects/e200/e200.gen/sources_1/bd/system/ipshared/1506/_1/common/ad_dds_cordic_pipe.v:38]
INFO: [Synth 8-6155] done synthesizing module 'ad_dds_cordic_pipe__parameterized4' (0#1) [/home/dator2/Documents/clean_fw_folder/antsdr-fw-patch/plutosdr-fw/hdl/projects/e200/e200.gen/sources_1/bd/system/ipshared/1506/_1/common/ad_dds_cordic_pipe.v:38]
INFO: [Synth 8-6157] synthesizing module 'ad_dds_cordic_pipe__parameterized5' [/home/dator2/Documents/clean_fw_folder/antsdr-fw-patch/plutosdr-fw/hdl/projects/e200/e200.gen/sources_1/bd/system/ipshared/1506/_1/common/ad_dds_cordic_pipe.v:38]
INFO: [Synth 8-6155] done synthesizing module 'ad_dds_cordic_pipe__parameterized5' (0#1) [/home/dator2/Documents/clean_fw_folder/antsdr-fw-patch/plutosdr-fw/hdl/projects/e200/e200.gen/sources_1/bd/system/ipshared/1506/_1/common/ad_dds_cordic_pipe.v:38]
INFO: [Synth 8-6157] synthesizing module 'ad_dds_cordic_pipe__parameterized6' [/home/dator2/Documents/clean_fw_folder/antsdr-fw-patch/plutosdr-fw/hdl/projects/e200/e200.gen/sources_1/bd/system/ipshared/1506/_1/common/ad_dds_cordic_pipe.v:38]
INFO: [Synth 8-6155] done synthesizing module 'ad_dds_cordic_pipe__parameterized6' (0#1) [/home/dator2/Documents/clean_fw_folder/antsdr-fw-patch/plutosdr-fw/hdl/projects/e200/e200.gen/sources_1/bd/system/ipshared/1506/_1/common/ad_dds_cordic_pipe.v:38]
INFO: [Synth 8-6157] synthesizing module 'ad_dds_cordic_pipe__parameterized7' [/home/dator2/Documents/clean_fw_folder/antsdr-fw-patch/plutosdr-fw/hdl/projects/e200/e200.gen/sources_1/bd/system/ipshared/1506/_1/common/ad_dds_cordic_pipe.v:38]
INFO: [Synth 8-6155] done synthesizing module 'ad_dds_cordic_pipe__parameterized7' (0#1) [/home/dator2/Documents/clean_fw_folder/antsdr-fw-patch/plutosdr-fw/hdl/projects/e200/e200.gen/sources_1/bd/system/ipshared/1506/_1/common/ad_dds_cordic_pipe.v:38]
INFO: [Synth 8-6157] synthesizing module 'ad_dds_cordic_pipe__parameterized8' [/home/dator2/Documents/clean_fw_folder/antsdr-fw-patch/plutosdr-fw/hdl/projects/e200/e200.gen/sources_1/bd/system/ipshared/1506/_1/common/ad_dds_cordic_pipe.v:38]
INFO: [Synth 8-6155] done synthesizing module 'ad_dds_cordic_pipe__parameterized8' (0#1) [/home/dator2/Documents/clean_fw_folder/antsdr-fw-patch/plutosdr-fw/hdl/projects/e200/e200.gen/sources_1/bd/system/ipshared/1506/_1/common/ad_dds_cordic_pipe.v:38]
INFO: [Synth 8-6157] synthesizing module 'ad_dds_cordic_pipe__parameterized9' [/home/dator2/Documents/clean_fw_folder/antsdr-fw-patch/plutosdr-fw/hdl/projects/e200/e200.gen/sources_1/bd/system/ipshared/1506/_1/common/ad_dds_cordic_pipe.v:38]
INFO: [Synth 8-6155] done synthesizing module 'ad_dds_cordic_pipe__parameterized9' (0#1) [/home/dator2/Documents/clean_fw_folder/antsdr-fw-patch/plutosdr-fw/hdl/projects/e200/e200.gen/sources_1/bd/system/ipshared/1506/_1/common/ad_dds_cordic_pipe.v:38]
INFO: [Synth 8-6157] synthesizing module 'ad_dds_cordic_pipe__parameterized10' [/home/dator2/Documents/clean_fw_folder/antsdr-fw-patch/plutosdr-fw/hdl/projects/e200/e200.gen/sources_1/bd/system/ipshared/1506/_1/common/ad_dds_cordic_pipe.v:38]
INFO: [Synth 8-6155] done synthesizing module 'ad_dds_cordic_pipe__parameterized10' (0#1) [/home/dator2/Documents/clean_fw_folder/antsdr-fw-patch/plutosdr-fw/hdl/projects/e200/e200.gen/sources_1/bd/system/ipshared/1506/_1/common/ad_dds_cordic_pipe.v:38]
INFO: [Synth 8-6155] done synthesizing module 'ad_dds_sine_cordic' (0#1) [/home/dator2/Documents/clean_fw_folder/antsdr-fw-patch/plutosdr-fw/hdl/projects/e200/e200.gen/sources_1/bd/system/ipshared/1506/_1/common/ad_dds_sine_cordic.v:38]
INFO: [Synth 8-6157] synthesizing module 'ad_mul__parameterized1' [/home/dator2/Documents/clean_fw_folder/antsdr-fw-patch/plutosdr-fw/hdl/projects/e200/e200.gen/sources_1/bd/system/ipshared/1506/_1/xilinx/common/ad_mul.v:38]
INFO: [Synth 8-6157] synthesizing module 'xil_internal_svlib_MULT_MACRO__parameterized0' [/tools/Xilinx/Vivado/2023.2/data/verilog/src/unimacro/MULT_MACRO.v:24]
INFO: [Synth 8-6155] done synthesizing module 'xil_internal_svlib_MULT_MACRO__parameterized0' (0#1) [/tools/Xilinx/Vivado/2023.2/data/verilog/src/unimacro/MULT_MACRO.v:24]
INFO: [Synth 8-6155] done synthesizing module 'ad_mul__parameterized1' (0#1) [/home/dator2/Documents/clean_fw_folder/antsdr-fw-patch/plutosdr-fw/hdl/projects/e200/e200.gen/sources_1/bd/system/ipshared/1506/_1/xilinx/common/ad_mul.v:38]
INFO: [Synth 8-6155] done synthesizing module 'ad_dds_1' (0#1) [/home/dator2/Documents/clean_fw_folder/antsdr-fw-patch/plutosdr-fw/hdl/projects/e200/e200.gen/sources_1/bd/system/ipshared/1506/_1/common/ad_dds_1.v:38]
INFO: [Synth 8-6155] done synthesizing module 'ad_dds_2' (0#1) [/home/dator2/Documents/clean_fw_folder/antsdr-fw-patch/plutosdr-fw/hdl/projects/e200/e200.gen/sources_1/bd/system/ipshared/1506/_1/common/ad_dds_2.v:38]
INFO: [Synth 8-6155] done synthesizing module 'ad_dds' (0#1) [/home/dator2/Documents/clean_fw_folder/antsdr-fw-patch/plutosdr-fw/hdl/projects/e200/e200.gen/sources_1/bd/system/ipshared/1506/_1/common/ad_dds.v:39]
INFO: [Synth 8-6157] synthesizing module 'up_dac_channel' [/home/dator2/Documents/clean_fw_folder/antsdr-fw-patch/plutosdr-fw/hdl/projects/e200/e200.gen/sources_1/bd/system/ipshared/1506/_1/common/up_dac_channel.v:38]
INFO: [Synth 8-6157] synthesizing module 'up_xfer_cntrl__parameterized3' [/home/dator2/Documents/clean_fw_folder/antsdr-fw-patch/plutosdr-fw/hdl/projects/e200/e200.gen/sources_1/bd/system/ipshared/1506/_1/common/up_xfer_cntrl.v:38]
INFO: [Synth 8-6155] done synthesizing module 'up_xfer_cntrl__parameterized3' (0#1) [/home/dator2/Documents/clean_fw_folder/antsdr-fw-patch/plutosdr-fw/hdl/projects/e200/e200.gen/sources_1/bd/system/ipshared/1506/_1/common/up_xfer_cntrl.v:38]
INFO: [Synth 8-6155] done synthesizing module 'up_dac_channel' (0#1) [/home/dator2/Documents/clean_fw_folder/antsdr-fw-patch/plutosdr-fw/hdl/projects/e200/e200.gen/sources_1/bd/system/ipshared/1506/_1/common/up_dac_channel.v:38]
WARNING: [Synth 8-7071] port 'dac_mask_enable' of module 'up_dac_channel' is unconnected for instance 'i_up_dac_channel' [/home/dator2/Documents/clean_fw_folder/antsdr-fw-patch/plutosdr-fw/hdl/projects/e200/e200.gen/sources_1/bd/system/ipshared/1506/axi_ad9361_tx_channel.v:372]
WARNING: [Synth 8-7071] port 'dac_src_chan_sel' of module 'up_dac_channel' is unconnected for instance 'i_up_dac_channel' [/home/dator2/Documents/clean_fw_folder/antsdr-fw-patch/plutosdr-fw/hdl/projects/e200/e200.gen/sources_1/bd/system/ipshared/1506/axi_ad9361_tx_channel.v:372]
WARNING: [Synth 8-7023] instance 'i_up_dac_channel' of module 'up_dac_channel' has 41 connections declared, but only 39 given [/home/dator2/Documents/clean_fw_folder/antsdr-fw-patch/plutosdr-fw/hdl/projects/e200/e200.gen/sources_1/bd/system/ipshared/1506/axi_ad9361_tx_channel.v:372]
INFO: [Synth 8-6155] done synthesizing module 'axi_ad9361_tx_channel' (0#1) [/home/dator2/Documents/clean_fw_folder/antsdr-fw-patch/plutosdr-fw/hdl/projects/e200/e200.gen/sources_1/bd/system/ipshared/1506/axi_ad9361_tx_channel.v:38]
INFO: [Synth 8-6157] synthesizing module 'axi_ad9361_tx_channel__parameterized0' [/home/dator2/Documents/clean_fw_folder/antsdr-fw-patch/plutosdr-fw/hdl/projects/e200/e200.gen/sources_1/bd/system/ipshared/1506/axi_ad9361_tx_channel.v:38]
INFO: [Synth 8-6157] synthesizing module 'up_dac_channel__parameterized0' [/home/dator2/Documents/clean_fw_folder/antsdr-fw-patch/plutosdr-fw/hdl/projects/e200/e200.gen/sources_1/bd/system/ipshared/1506/_1/common/up_dac_channel.v:38]
INFO: [Synth 8-6155] done synthesizing module 'up_dac_channel__parameterized0' (0#1) [/home/dator2/Documents/clean_fw_folder/antsdr-fw-patch/plutosdr-fw/hdl/projects/e200/e200.gen/sources_1/bd/system/ipshared/1506/_1/common/up_dac_channel.v:38]
WARNING: [Synth 8-7071] port 'dac_mask_enable' of module 'up_dac_channel' is unconnected for instance 'i_up_dac_channel' [/home/dator2/Documents/clean_fw_folder/antsdr-fw-patch/plutosdr-fw/hdl/projects/e200/e200.gen/sources_1/bd/system/ipshared/1506/axi_ad9361_tx_channel.v:372]
WARNING: [Synth 8-7071] port 'dac_src_chan_sel' of module 'up_dac_channel' is unconnected for instance 'i_up_dac_channel' [/home/dator2/Documents/clean_fw_folder/antsdr-fw-patch/plutosdr-fw/hdl/projects/e200/e200.gen/sources_1/bd/system/ipshared/1506/axi_ad9361_tx_channel.v:372]
WARNING: [Synth 8-7023] instance 'i_up_dac_channel' of module 'up_dac_channel' has 41 connections declared, but only 39 given [/home/dator2/Documents/clean_fw_folder/antsdr-fw-patch/plutosdr-fw/hdl/projects/e200/e200.gen/sources_1/bd/system/ipshared/1506/axi_ad9361_tx_channel.v:372]
INFO: [Synth 8-6155] done synthesizing module 'axi_ad9361_tx_channel__parameterized0' (0#1) [/home/dator2/Documents/clean_fw_folder/antsdr-fw-patch/plutosdr-fw/hdl/projects/e200/e200.gen/sources_1/bd/system/ipshared/1506/axi_ad9361_tx_channel.v:38]
INFO: [Synth 8-6157] synthesizing module 'axi_ad9361_tx_channel__parameterized1' [/home/dator2/Documents/clean_fw_folder/antsdr-fw-patch/plutosdr-fw/hdl/projects/e200/e200.gen/sources_1/bd/system/ipshared/1506/axi_ad9361_tx_channel.v:38]
INFO: [Synth 8-6157] synthesizing module 'up_dac_channel__parameterized1' [/home/dator2/Documents/clean_fw_folder/antsdr-fw-patch/plutosdr-fw/hdl/projects/e200/e200.gen/sources_1/bd/system/ipshared/1506/_1/common/up_dac_channel.v:38]
INFO: [Synth 8-6155] done synthesizing module 'up_dac_channel__parameterized1' (0#1) [/home/dator2/Documents/clean_fw_folder/antsdr-fw-patch/plutosdr-fw/hdl/projects/e200/e200.gen/sources_1/bd/system/ipshared/1506/_1/common/up_dac_channel.v:38]
WARNING: [Synth 8-7071] port 'dac_mask_enable' of module 'up_dac_channel' is unconnected for instance 'i_up_dac_channel' [/home/dator2/Documents/clean_fw_folder/antsdr-fw-patch/plutosdr-fw/hdl/projects/e200/e200.gen/sources_1/bd/system/ipshared/1506/axi_ad9361_tx_channel.v:372]
WARNING: [Synth 8-7071] port 'dac_src_chan_sel' of module 'up_dac_channel' is unconnected for instance 'i_up_dac_channel' [/home/dator2/Documents/clean_fw_folder/antsdr-fw-patch/plutosdr-fw/hdl/projects/e200/e200.gen/sources_1/bd/system/ipshared/1506/axi_ad9361_tx_channel.v:372]
WARNING: [Synth 8-7023] instance 'i_up_dac_channel' of module 'up_dac_channel' has 41 connections declared, but only 39 given [/home/dator2/Documents/clean_fw_folder/antsdr-fw-patch/plutosdr-fw/hdl/projects/e200/e200.gen/sources_1/bd/system/ipshared/1506/axi_ad9361_tx_channel.v:372]
INFO: [Synth 8-6155] done synthesizing module 'axi_ad9361_tx_channel__parameterized1' (0#1) [/home/dator2/Documents/clean_fw_folder/antsdr-fw-patch/plutosdr-fw/hdl/projects/e200/e200.gen/sources_1/bd/system/ipshared/1506/axi_ad9361_tx_channel.v:38]
INFO: [Synth 8-6157] synthesizing module 'axi_ad9361_tx_channel__parameterized2' [/home/dator2/Documents/clean_fw_folder/antsdr-fw-patch/plutosdr-fw/hdl/projects/e200/e200.gen/sources_1/bd/system/ipshared/1506/axi_ad9361_tx_channel.v:38]
INFO: [Synth 8-6157] synthesizing module 'up_dac_channel__parameterized2' [/home/dator2/Documents/clean_fw_folder/antsdr-fw-patch/plutosdr-fw/hdl/projects/e200/e200.gen/sources_1/bd/system/ipshared/1506/_1/common/up_dac_channel.v:38]
INFO: [Synth 8-6155] done synthesizing module 'up_dac_channel__parameterized2' (0#1) [/home/dator2/Documents/clean_fw_folder/antsdr-fw-patch/plutosdr-fw/hdl/projects/e200/e200.gen/sources_1/bd/system/ipshared/1506/_1/common/up_dac_channel.v:38]
WARNING: [Synth 8-7071] port 'dac_mask_enable' of module 'up_dac_channel' is unconnected for instance 'i_up_dac_channel' [/home/dator2/Documents/clean_fw_folder/antsdr-fw-patch/plutosdr-fw/hdl/projects/e200/e200.gen/sources_1/bd/system/ipshared/1506/axi_ad9361_tx_channel.v:372]
WARNING: [Synth 8-7071] port 'dac_src_chan_sel' of module 'up_dac_channel' is unconnected for instance 'i_up_dac_channel' [/home/dator2/Documents/clean_fw_folder/antsdr-fw-patch/plutosdr-fw/hdl/projects/e200/e200.gen/sources_1/bd/system/ipshared/1506/axi_ad9361_tx_channel.v:372]
WARNING: [Synth 8-7023] instance 'i_up_dac_channel' of module 'up_dac_channel' has 41 connections declared, but only 39 given [/home/dator2/Documents/clean_fw_folder/antsdr-fw-patch/plutosdr-fw/hdl/projects/e200/e200.gen/sources_1/bd/system/ipshared/1506/axi_ad9361_tx_channel.v:372]
INFO: [Synth 8-6155] done synthesizing module 'axi_ad9361_tx_channel__parameterized2' (0#1) [/home/dator2/Documents/clean_fw_folder/antsdr-fw-patch/plutosdr-fw/hdl/projects/e200/e200.gen/sources_1/bd/system/ipshared/1506/axi_ad9361_tx_channel.v:38]
INFO: [Synth 8-6157] synthesizing module 'up_dac_common' [/home/dator2/Documents/clean_fw_folder/antsdr-fw-patch/plutosdr-fw/hdl/projects/e200/e200.gen/sources_1/bd/system/ipshared/1506/_1/common/up_dac_common.v:38]
INFO: [Synth 8-6157] synthesizing module 'up_xfer_cntrl__parameterized4' [/home/dator2/Documents/clean_fw_folder/antsdr-fw-patch/plutosdr-fw/hdl/projects/e200/e200.gen/sources_1/bd/system/ipshared/1506/_1/common/up_xfer_cntrl.v:38]
INFO: [Synth 8-6155] done synthesizing module 'up_xfer_cntrl__parameterized4' (0#1) [/home/dator2/Documents/clean_fw_folder/antsdr-fw-patch/plutosdr-fw/hdl/projects/e200/e200.gen/sources_1/bd/system/ipshared/1506/_1/common/up_xfer_cntrl.v:38]
INFO: [Synth 8-6155] done synthesizing module 'up_dac_common' (0#1) [/home/dator2/Documents/clean_fw_folder/antsdr-fw-patch/plutosdr-fw/hdl/projects/e200/e200.gen/sources_1/bd/system/ipshared/1506/_1/common/up_dac_common.v:38]
WARNING: [Synth 8-7071] port 'dac_symb_op' of module 'up_dac_common' is unconnected for instance 'i_up_dac_common' [/home/dator2/Documents/clean_fw_folder/antsdr-fw-patch/plutosdr-fw/hdl/projects/e200/e200.gen/sources_1/bd/system/ipshared/1506/axi_ad9361_tx.v:379]
WARNING: [Synth 8-7071] port 'dac_symb_8_16b' of module 'up_dac_common' is unconnected for instance 'i_up_dac_common' [/home/dator2/Documents/clean_fw_folder/antsdr-fw-patch/plutosdr-fw/hdl/projects/e200/e200.gen/sources_1/bd/system/ipshared/1506/axi_ad9361_tx.v:379]
WARNING: [Synth 8-7071] port 'dac_ext_sync_arm' of module 'up_dac_common' is unconnected for instance 'i_up_dac_common' [/home/dator2/Documents/clean_fw_folder/antsdr-fw-patch/plutosdr-fw/hdl/projects/e200/e200.gen/sources_1/bd/system/ipshared/1506/axi_ad9361_tx.v:379]
WARNING: [Synth 8-7071] port 'dac_ext_sync_disarm' of module 'up_dac_common' is unconnected for instance 'i_up_dac_common' [/home/dator2/Documents/clean_fw_folder/antsdr-fw-patch/plutosdr-fw/hdl/projects/e200/e200.gen/sources_1/bd/system/ipshared/1506/axi_ad9361_tx.v:379]
WARNING: [Synth 8-7071] port 'dac_ext_sync_manual_req' of module 'up_dac_common' is unconnected for instance 'i_up_dac_common' [/home/dator2/Documents/clean_fw_folder/antsdr-fw-patch/plutosdr-fw/hdl/projects/e200/e200.gen/sources_1/bd/system/ipshared/1506/axi_ad9361_tx.v:379]
WARNING: [Synth 8-7071] port 'up_dac_r1_mode' of module 'up_dac_common' is unconnected for instance 'i_up_dac_common' [/home/dator2/Documents/clean_fw_folder/antsdr-fw-patch/plutosdr-fw/hdl/projects/e200/e200.gen/sources_1/bd/system/ipshared/1506/axi_ad9361_tx.v:379]
WARNING: [Synth 8-7023] instance 'i_up_dac_common' of module 'up_dac_common' has 52 connections declared, but only 46 given [/home/dator2/Documents/clean_fw_folder/antsdr-fw-patch/plutosdr-fw/hdl/projects/e200/e200.gen/sources_1/bd/system/ipshared/1506/axi_ad9361_tx.v:379]
INFO: [Synth 8-6157] synthesizing module 'up_delay_cntrl__parameterized0' [/home/dator2/Documents/clean_fw_folder/antsdr-fw-patch/plutosdr-fw/hdl/projects/e200/e200.gen/sources_1/bd/system/ipshared/1506/_1/common/up_delay_cntrl.v:38]
INFO: [Synth 8-6155] done synthesizing module 'up_delay_cntrl__parameterized0' (0#1) [/home/dator2/Documents/clean_fw_folder/antsdr-fw-patch/plutosdr-fw/hdl/projects/e200/e200.gen/sources_1/bd/system/ipshared/1506/_1/common/up_delay_cntrl.v:38]
INFO: [Synth 8-6155] done synthesizing module 'axi_ad9361_tx' (0#1) [/home/dator2/Documents/clean_fw_folder/antsdr-fw-patch/plutosdr-fw/hdl/projects/e200/e200.gen/sources_1/bd/system/ipshared/1506/axi_ad9361_tx.v:38]
INFO: [Synth 8-6157] synthesizing module 'up_axi' [/home/dator2/Documents/clean_fw_folder/antsdr-fw-patch/plutosdr-fw/hdl/projects/e200/e200.gen/sources_1/bd/system/ipshared/1506/_1/common/up_axi.v:38]
INFO: [Synth 8-6155] done synthesizing module 'up_axi' (0#1) [/home/dator2/Documents/clean_fw_folder/antsdr-fw-patch/plutosdr-fw/hdl/projects/e200/e200.gen/sources_1/bd/system/ipshared/1506/_1/common/up_axi.v:38]
INFO: [Synth 8-6155] done synthesizing module 'axi_ad9361' (0#1) [/home/dator2/Documents/clean_fw_folder/antsdr-fw-patch/plutosdr-fw/hdl/projects/e200/e200.gen/sources_1/bd/system/ipshared/1506/axi_ad9361.v:38]
INFO: [Synth 8-6155] done synthesizing module 'system_axi_ad9361_0' (0#1) [/home/dator2/Documents/clean_fw_folder/antsdr-fw-patch/plutosdr-fw/hdl/projects/e200/e200.gen/sources_1/bd/system/ip/system_axi_ad9361_0/synth/system_axi_ad9361_0.v:53]
WARNING: [Synth 8-6014] Unused sequential element en_vtc_reg was removed.  [/home/dator2/Documents/clean_fw_folder/antsdr-fw-patch/plutosdr-fw/hdl/projects/e200/e200.gen/sources_1/bd/system/ipshared/1506/_1/xilinx/common/ad_data_in.v:142]
WARNING: [Synth 8-6014] Unused sequential element en_vtc_reg was removed.  [/home/dator2/Documents/clean_fw_folder/antsdr-fw-patch/plutosdr-fw/hdl/projects/e200/e200.gen/sources_1/bd/system/ipshared/1506/_1/xilinx/common/ad_data_out.v:139]
WARNING: [Synth 8-6014] Unused sequential element en_vtc_reg was removed.  [/home/dator2/Documents/clean_fw_folder/antsdr-fw-patch/plutosdr-fw/hdl/projects/e200/e200.gen/sources_1/bd/system/ipshared/1506/_1/xilinx/common/ad_data_in.v:142]
WARNING: [Synth 8-3936] Found unconnected internal register 'out_d2_reg' and it is trimmed from '25' to '24' bits. [/home/dator2/Documents/clean_fw_folder/antsdr-fw-patch/plutosdr-fw/hdl/projects/e200/e200.gen/sources_1/bd/system/ipshared/1506/_1/common/ad_addsub.v:99]
WARNING: [Synth 8-3936] Found unconnected internal register 'g_loop[0].p1_data_p_reg' and it is trimmed from '34' to '30' bits. [/home/dator2/Documents/clean_fw_folder/antsdr-fw-patch/plutosdr-fw/hdl/projects/e200/e200.gen/sources_1/bd/system/ipshared/1506/_1/common/ad_iqcor.v:176]
WARNING: [Synth 8-3936] Found unconnected internal register 'g_loop[0].p1_data_p_reg' and it is trimmed from '34' to '30' bits. [/home/dator2/Documents/clean_fw_folder/antsdr-fw-patch/plutosdr-fw/hdl/projects/e200/e200.gen/sources_1/bd/system/ipshared/1506/_1/common/ad_iqcor.v:176]
WARNING: [Synth 8-6014] Unused sequential element dac_valid_q0_int_reg was removed.  [/home/dator2/Documents/clean_fw_folder/antsdr-fw-patch/plutosdr-fw/hdl/projects/e200/e200.gen/sources_1/bd/system/ipshared/1506/axi_ad9361_tx.v:191]
WARNING: [Synth 8-6014] Unused sequential element dac_valid_q1_int_reg was removed.  [/home/dator2/Documents/clean_fw_folder/antsdr-fw-patch/plutosdr-fw/hdl/projects/e200/e200.gen/sources_1/bd/system/ipshared/1506/axi_ad9361_tx.v:193]
WARNING: [Synth 8-7129] Port up_axi_awaddr[1] in module up_axi is either unconnected or has no load
WARNING: [Synth 8-7129] Port up_axi_awaddr[0] in module up_axi is either unconnected or has no load
WARNING: [Synth 8-7129] Port up_axi_wstrb[3] in module up_axi is either unconnected or has no load
WARNING: [Synth 8-7129] Port up_axi_wstrb[2] in module up_axi is either unconnected or has no load
WARNING: [Synth 8-7129] Port up_axi_wstrb[1] in module up_axi is either unconnected or has no load
WARNING: [Synth 8-7129] Port up_axi_wstrb[0] in module up_axi is either unconnected or has no load
WARNING: [Synth 8-7129] Port up_axi_araddr[1] in module up_axi is either unconnected or has no load
WARNING: [Synth 8-7129] Port up_axi_araddr[0] in module up_axi is either unconnected or has no load
WARNING: [Synth 8-7129] Port delay_clk in module up_delay_cntrl__parameterized0 is either unconnected or has no load
WARNING: [Synth 8-7129] Port delay_locked in module up_delay_cntrl__parameterized0 is either unconnected or has no load
WARNING: [Synth 8-7129] Port up_drdata[79] in module up_delay_cntrl__parameterized0 is either unconnected or has no load
WARNING: [Synth 8-7129] Port up_drdata[78] in module up_delay_cntrl__parameterized0 is either unconnected or has no load
WARNING: [Synth 8-7129] Port up_drdata[77] in module up_delay_cntrl__parameterized0 is either unconnected or has no load
WARNING: [Synth 8-7129] Port up_drdata[76] in module up_delay_cntrl__parameterized0 is either unconnected or has no load
WARNING: [Synth 8-7129] Port up_drdata[75] in module up_delay_cntrl__parameterized0 is either unconnected or has no load
WARNING: [Synth 8-7129] Port up_drdata[74] in module up_delay_cntrl__parameterized0 is either unconnected or has no load
WARNING: [Synth 8-7129] Port up_drdata[73] in module up_delay_cntrl__parameterized0 is either unconnected or has no load
WARNING: [Synth 8-7129] Port up_drdata[72] in module up_delay_cntrl__parameterized0 is either unconnected or has no load
WARNING: [Synth 8-7129] Port up_drdata[71] in module up_delay_cntrl__parameterized0 is either unconnected or has no load
WARNING: [Synth 8-7129] Port up_drdata[70] in module up_delay_cntrl__parameterized0 is either unconnected or has no load
WARNING: [Synth 8-7129] Port up_drdata[69] in module up_delay_cntrl__parameterized0 is either unconnected or has no load
WARNING: [Synth 8-7129] Port up_drdata[68] in module up_delay_cntrl__parameterized0 is either unconnected or has no load
WARNING: [Synth 8-7129] Port up_drdata[67] in module up_delay_cntrl__parameterized0 is either unconnected or has no load
WARNING: [Synth 8-7129] Port up_drdata[66] in module up_delay_cntrl__parameterized0 is either unconnected or has no load
WARNING: [Synth 8-7129] Port up_drdata[65] in module up_delay_cntrl__parameterized0 is either unconnected or has no load
WARNING: [Synth 8-7129] Port up_drdata[64] in module up_delay_cntrl__parameterized0 is either unconnected or has no load
WARNING: [Synth 8-7129] Port up_drdata[63] in module up_delay_cntrl__parameterized0 is either unconnected or has no load
WARNING: [Synth 8-7129] Port up_drdata[62] in module up_delay_cntrl__parameterized0 is either unconnected or has no load
WARNING: [Synth 8-7129] Port up_drdata[61] in module up_delay_cntrl__parameterized0 is either unconnected or has no load
WARNING: [Synth 8-7129] Port up_drdata[60] in module up_delay_cntrl__parameterized0 is either unconnected or has no load
WARNING: [Synth 8-7129] Port up_drdata[59] in module up_delay_cntrl__parameterized0 is either unconnected or has no load
WARNING: [Synth 8-7129] Port up_drdata[58] in module up_delay_cntrl__parameterized0 is either unconnected or has no load
WARNING: [Synth 8-7129] Port up_drdata[57] in module up_delay_cntrl__parameterized0 is either unconnected or has no load
WARNING: [Synth 8-7129] Port up_drdata[56] in module up_delay_cntrl__parameterized0 is either unconnected or has no load
WARNING: [Synth 8-7129] Port up_drdata[55] in module up_delay_cntrl__parameterized0 is either unconnected or has no load
WARNING: [Synth 8-7129] Port up_drdata[54] in module up_delay_cntrl__parameterized0 is either unconnected or has no load
WARNING: [Synth 8-7129] Port up_drdata[53] in module up_delay_cntrl__parameterized0 is either unconnected or has no load
WARNING: [Synth 8-7129] Port up_drdata[52] in module up_delay_cntrl__parameterized0 is either unconnected or has no load
WARNING: [Synth 8-7129] Port up_drdata[51] in module up_delay_cntrl__parameterized0 is either unconnected or has no load
WARNING: [Synth 8-7129] Port up_drdata[50] in module up_delay_cntrl__parameterized0 is either unconnected or has no load
WARNING: [Synth 8-7129] Port up_drdata[49] in module up_delay_cntrl__parameterized0 is either unconnected or has no load
WARNING: [Synth 8-7129] Port up_drdata[48] in module up_delay_cntrl__parameterized0 is either unconnected or has no load
WARNING: [Synth 8-7129] Port up_drdata[47] in module up_delay_cntrl__parameterized0 is either unconnected or has no load
WARNING: [Synth 8-7129] Port up_drdata[46] in module up_delay_cntrl__parameterized0 is either unconnected or has no load
WARNING: [Synth 8-7129] Port up_drdata[45] in module up_delay_cntrl__parameterized0 is either unconnected or has no load
WARNING: [Synth 8-7129] Port up_drdata[44] in module up_delay_cntrl__parameterized0 is either unconnected or has no load
WARNING: [Synth 8-7129] Port up_drdata[43] in module up_delay_cntrl__parameterized0 is either unconnected or has no load
WARNING: [Synth 8-7129] Port up_drdata[42] in module up_delay_cntrl__parameterized0 is either unconnected or has no load
WARNING: [Synth 8-7129] Port up_drdata[41] in module up_delay_cntrl__parameterized0 is either unconnected or has no load
WARNING: [Synth 8-7129] Port up_drdata[40] in module up_delay_cntrl__parameterized0 is either unconnected or has no load
WARNING: [Synth 8-7129] Port up_drdata[39] in module up_delay_cntrl__parameterized0 is either unconnected or has no load
WARNING: [Synth 8-7129] Port up_drdata[38] in module up_delay_cntrl__parameterized0 is either unconnected or has no load
WARNING: [Synth 8-7129] Port up_drdata[37] in module up_delay_cntrl__parameterized0 is either unconnected or has no load
WARNING: [Synth 8-7129] Port up_drdata[36] in module up_delay_cntrl__parameterized0 is either unconnected or has no load
WARNING: [Synth 8-7129] Port up_drdata[35] in module up_delay_cntrl__parameterized0 is either unconnected or has no load
WARNING: [Synth 8-7129] Port up_drdata[34] in module up_delay_cntrl__parameterized0 is either unconnected or has no load
WARNING: [Synth 8-7129] Port up_drdata[33] in module up_delay_cntrl__parameterized0 is either unconnected or has no load
WARNING: [Synth 8-7129] Port up_drdata[32] in module up_delay_cntrl__parameterized0 is either unconnected or has no load
WARNING: [Synth 8-7129] Port up_drdata[31] in module up_delay_cntrl__parameterized0 is either unconnected or has no load
WARNING: [Synth 8-7129] Port up_drdata[30] in module up_delay_cntrl__parameterized0 is either unconnected or has no load
WARNING: [Synth 8-7129] Port up_drdata[29] in module up_delay_cntrl__parameterized0 is either unconnected or has no load
WARNING: [Synth 8-7129] Port up_drdata[28] in module up_delay_cntrl__parameterized0 is either unconnected or has no load
WARNING: [Synth 8-7129] Port up_drdata[27] in module up_delay_cntrl__parameterized0 is either unconnected or has no load
WARNING: [Synth 8-7129] Port up_drdata[26] in module up_delay_cntrl__parameterized0 is either unconnected or has no load
WARNING: [Synth 8-7129] Port up_drdata[25] in module up_delay_cntrl__parameterized0 is either unconnected or has no load
WARNING: [Synth 8-7129] Port up_drdata[24] in module up_delay_cntrl__parameterized0 is either unconnected or has no load
WARNING: [Synth 8-7129] Port up_drdata[23] in module up_delay_cntrl__parameterized0 is either unconnected or has no load
WARNING: [Synth 8-7129] Port up_drdata[22] in module up_delay_cntrl__parameterized0 is either unconnected or has no load
WARNING: [Synth 8-7129] Port up_drdata[21] in module up_delay_cntrl__parameterized0 is either unconnected or has no load
WARNING: [Synth 8-7129] Port up_drdata[20] in module up_delay_cntrl__parameterized0 is either unconnected or has no load
WARNING: [Synth 8-7129] Port up_drdata[19] in module up_delay_cntrl__parameterized0 is either unconnected or has no load
WARNING: [Synth 8-7129] Port up_drdata[18] in module up_delay_cntrl__parameterized0 is either unconnected or has no load
WARNING: [Synth 8-7129] Port up_drdata[17] in module up_delay_cntrl__parameterized0 is either unconnected or has no load
WARNING: [Synth 8-7129] Port up_drdata[16] in module up_delay_cntrl__parameterized0 is either unconnected or has no load
WARNING: [Synth 8-7129] Port up_drdata[15] in module up_delay_cntrl__parameterized0 is either unconnected or has no load
WARNING: [Synth 8-7129] Port up_drdata[14] in module up_delay_cntrl__parameterized0 is either unconnected or has no load
WARNING: [Synth 8-7129] Port up_drdata[13] in module up_delay_cntrl__parameterized0 is either unconnected or has no load
WARNING: [Synth 8-7129] Port up_drdata[12] in module up_delay_cntrl__parameterized0 is either unconnected or has no load
WARNING: [Synth 8-7129] Port up_drdata[11] in module up_delay_cntrl__parameterized0 is either unconnected or has no load
WARNING: [Synth 8-7129] Port up_drdata[10] in module up_delay_cntrl__parameterized0 is either unconnected or has no load
WARNING: [Synth 8-7129] Port up_drdata[9] in module up_delay_cntrl__parameterized0 is either unconnected or has no load
WARNING: [Synth 8-7129] Port up_drdata[8] in module up_delay_cntrl__parameterized0 is either unconnected or has no load
WARNING: [Synth 8-7129] Port up_drdata[7] in module up_delay_cntrl__parameterized0 is either unconnected or has no load
WARNING: [Synth 8-7129] Port up_drdata[6] in module up_delay_cntrl__parameterized0 is either unconnected or has no load
WARNING: [Synth 8-7129] Port up_drdata[5] in module up_delay_cntrl__parameterized0 is either unconnected or has no load
WARNING: [Synth 8-7129] Port up_drdata[4] in module up_delay_cntrl__parameterized0 is either unconnected or has no load
WARNING: [Synth 8-7129] Port up_drdata[3] in module up_delay_cntrl__parameterized0 is either unconnected or has no load
WARNING: [Synth 8-7129] Port up_drdata[2] in module up_delay_cntrl__parameterized0 is either unconnected or has no load
WARNING: [Synth 8-7129] Port up_drdata[1] in module up_delay_cntrl__parameterized0 is either unconnected or has no load
WARNING: [Synth 8-7129] Port up_drdata[0] in module up_delay_cntrl__parameterized0 is either unconnected or has no load
WARNING: [Synth 8-7129] Port up_rstn in module up_delay_cntrl__parameterized0 is either unconnected or has no load
WARNING: [Synth 8-7129] Port up_clk in module up_delay_cntrl__parameterized0 is either unconnected or has no load
WARNING: [Synth 8-7129] Port up_wreq in module up_delay_cntrl__parameterized0 is either unconnected or has no load
WARNING: [Synth 8-7129] Port up_waddr[13] in module up_delay_cntrl__parameterized0 is either unconnected or has no load
WARNING: [Synth 8-7129] Port up_waddr[12] in module up_delay_cntrl__parameterized0 is either unconnected or has no load
WARNING: [Synth 8-7129] Port up_waddr[11] in module up_delay_cntrl__parameterized0 is either unconnected or has no load
WARNING: [Synth 8-7129] Port up_waddr[10] in module up_delay_cntrl__parameterized0 is either unconnected or has no load
WARNING: [Synth 8-7129] Port up_waddr[9] in module up_delay_cntrl__parameterized0 is either unconnected or has no load
WARNING: [Synth 8-7129] Port up_waddr[8] in module up_delay_cntrl__parameterized0 is either unconnected or has no load
WARNING: [Synth 8-7129] Port up_waddr[7] in module up_delay_cntrl__parameterized0 is either unconnected or has no load
WARNING: [Synth 8-7129] Port up_waddr[6] in module up_delay_cntrl__parameterized0 is either unconnected or has no load
WARNING: [Synth 8-7129] Port up_waddr[5] in module up_delay_cntrl__parameterized0 is either unconnected or has no load
WARNING: [Synth 8-7129] Port up_waddr[4] in module up_delay_cntrl__parameterized0 is either unconnected or has no load
WARNING: [Synth 8-7129] Port up_waddr[3] in module up_delay_cntrl__parameterized0 is either unconnected or has no load
WARNING: [Synth 8-7129] Port up_waddr[2] in module up_delay_cntrl__parameterized0 is either unconnected or has no load
WARNING: [Synth 8-7129] Port up_waddr[1] in module up_delay_cntrl__parameterized0 is either unconnected or has no load
WARNING: [Synth 8-7129] Port up_waddr[0] in module up_delay_cntrl__parameterized0 is either unconnected or has no load
WARNING: [Synth 8-7129] Port up_wdata[31] in module up_delay_cntrl__parameterized0 is either unconnected or has no load
WARNING: [Synth 8-7129] Port up_wdata[30] in module up_delay_cntrl__parameterized0 is either unconnected or has no load
WARNING: [Synth 8-7129] Port up_wdata[29] in module up_delay_cntrl__parameterized0 is either unconnected or has no load
WARNING: [Synth 8-7129] Port up_wdata[28] in module up_delay_cntrl__parameterized0 is either unconnected or has no load
WARNING: [Synth 8-7129] Port up_wdata[27] in module up_delay_cntrl__parameterized0 is either unconnected or has no load
WARNING: [Synth 8-7129] Port up_wdata[26] in module up_delay_cntrl__parameterized0 is either unconnected or has no load
WARNING: [Synth 8-7129] Port up_wdata[25] in module up_delay_cntrl__parameterized0 is either unconnected or has no load
WARNING: [Synth 8-7129] Port up_wdata[24] in module up_delay_cntrl__parameterized0 is either unconnected or has no load
WARNING: [Synth 8-7129] Port up_wdata[23] in module up_delay_cntrl__parameterized0 is either unconnected or has no load
WARNING: [Synth 8-7129] Port up_wdata[22] in module up_delay_cntrl__parameterized0 is either unconnected or has no load
WARNING: [Synth 8-7129] Port up_wdata[21] in module up_delay_cntrl__parameterized0 is either unconnected or has no load
WARNING: [Synth 8-7129] Port up_wdata[20] in module up_delay_cntrl__parameterized0 is either unconnected or has no load
WARNING: [Synth 8-7129] Port up_wdata[19] in module up_delay_cntrl__parameterized0 is either unconnected or has no load
WARNING: [Synth 8-7129] Port up_wdata[18] in module up_delay_cntrl__parameterized0 is either unconnected or has no load
WARNING: [Synth 8-7129] Port up_wdata[17] in module up_delay_cntrl__parameterized0 is either unconnected or has no load
WARNING: [Synth 8-7129] Port up_wdata[16] in module up_delay_cntrl__parameterized0 is either unconnected or has no load
WARNING: [Synth 8-7129] Port up_wdata[15] in module up_delay_cntrl__parameterized0 is either unconnected or has no load
WARNING: [Synth 8-7129] Port up_wdata[14] in module up_delay_cntrl__parameterized0 is either unconnected or has no load
WARNING: [Synth 8-7129] Port up_wdata[13] in module up_delay_cntrl__parameterized0 is either unconnected or has no load
WARNING: [Synth 8-7129] Port up_wdata[12] in module up_delay_cntrl__parameterized0 is either unconnected or has no load
WARNING: [Synth 8-7129] Port up_wdata[11] in module up_delay_cntrl__parameterized0 is either unconnected or has no load
WARNING: [Synth 8-7129] Port up_wdata[10] in module up_delay_cntrl__parameterized0 is either unconnected or has no load
WARNING: [Synth 8-7129] Port up_wdata[9] in module up_delay_cntrl__parameterized0 is either unconnected or has no load
WARNING: [Synth 8-7129] Port up_wdata[8] in module up_delay_cntrl__parameterized0 is either unconnected or has no load
WARNING: [Synth 8-7129] Port up_wdata[7] in module up_delay_cntrl__parameterized0 is either unconnected or has no load
WARNING: [Synth 8-7129] Port up_wdata[6] in module up_delay_cntrl__parameterized0 is either unconnected or has no load
WARNING: [Synth 8-7129] Port up_wdata[5] in module up_delay_cntrl__parameterized0 is either unconnected or has no load
WARNING: [Synth 8-7129] Port up_wdata[4] in module up_delay_cntrl__parameterized0 is either unconnected or has no load
WARNING: [Synth 8-7129] Port up_wdata[3] in module up_delay_cntrl__parameterized0 is either unconnected or has no load
WARNING: [Synth 8-7129] Port up_wdata[2] in module up_delay_cntrl__parameterized0 is either unconnected or has no load
WARNING: [Synth 8-7129] Port up_wdata[1] in module up_delay_cntrl__parameterized0 is either unconnected or has no load
WARNING: [Synth 8-7129] Port up_wdata[0] in module up_delay_cntrl__parameterized0 is either unconnected or has no load
WARNING: [Synth 8-7129] Port up_rreq in module up_delay_cntrl__parameterized0 is either unconnected or has no load
WARNING: [Synth 8-7129] Port up_raddr[13] in module up_delay_cntrl__parameterized0 is either unconnected or has no load
WARNING: [Synth 8-7129] Port up_raddr[12] in module up_delay_cntrl__parameterized0 is either unconnected or has no load
WARNING: [Synth 8-7129] Port up_raddr[11] in module up_delay_cntrl__parameterized0 is either unconnected or has no load
WARNING: [Synth 8-7129] Port up_raddr[10] in module up_delay_cntrl__parameterized0 is either unconnected or has no load
WARNING: [Synth 8-7129] Port up_raddr[9] in module up_delay_cntrl__parameterized0 is either unconnected or has no load
WARNING: [Synth 8-7129] Port up_raddr[8] in module up_delay_cntrl__parameterized0 is either unconnected or has no load
WARNING: [Synth 8-7129] Port up_raddr[7] in module up_delay_cntrl__parameterized0 is either unconnected or has no load
WARNING: [Synth 8-7129] Port up_raddr[6] in module up_delay_cntrl__parameterized0 is either unconnected or has no load
WARNING: [Synth 8-7129] Port up_raddr[5] in module up_delay_cntrl__parameterized0 is either unconnected or has no load
WARNING: [Synth 8-7129] Port up_raddr[4] in module up_delay_cntrl__parameterized0 is either unconnected or has no load
WARNING: [Synth 8-7129] Port up_raddr[3] in module up_delay_cntrl__parameterized0 is either unconnected or has no load
WARNING: [Synth 8-7129] Port up_raddr[2] in module up_delay_cntrl__parameterized0 is either unconnected or has no load
WARNING: [Synth 8-7129] Port up_raddr[1] in module up_delay_cntrl__parameterized0 is either unconnected or has no load
WARNING: [Synth 8-7129] Port up_raddr[0] in module up_delay_cntrl__parameterized0 is either unconnected or has no load
WARNING: [Synth 8-7129] Port up_drp_rdata[31] in module up_dac_common is either unconnected or has no load
WARNING: [Synth 8-7129] Port up_drp_rdata[30] in module up_dac_common is either unconnected or has no load
WARNING: [Synth 8-7129] Port up_drp_rdata[29] in module up_dac_common is either unconnected or has no load
WARNING: [Synth 8-7129] Port up_drp_rdata[28] in module up_dac_common is either unconnected or has no load
WARNING: [Synth 8-7129] Port up_drp_rdata[27] in module up_dac_common is either unconnected or has no load
WARNING: [Synth 8-7129] Port up_drp_rdata[26] in module up_dac_common is either unconnected or has no load
WARNING: [Synth 8-7129] Port up_drp_rdata[25] in module up_dac_common is either unconnected or has no load
WARNING: [Synth 8-7129] Port up_drp_rdata[24] in module up_dac_common is either unconnected or has no load
WARNING: [Synth 8-7129] Port up_drp_rdata[23] in module up_dac_common is either unconnected or has no load
WARNING: [Synth 8-7129] Port up_drp_rdata[22] in module up_dac_common is either unconnected or has no load
WARNING: [Synth 8-7129] Port up_drp_rdata[21] in module up_dac_common is either unconnected or has no load
WARNING: [Synth 8-7129] Port up_drp_rdata[20] in module up_dac_common is either unconnected or has no load
WARNING: [Synth 8-7129] Port up_drp_rdata[19] in module up_dac_common is either unconnected or has no load
WARNING: [Synth 8-7129] Port up_drp_rdata[18] in module up_dac_common is either unconnected or has no load
WARNING: [Synth 8-7129] Port up_drp_rdata[17] in module up_dac_common is either unconnected or has no load
WARNING: [Synth 8-7129] Port up_drp_rdata[16] in module up_dac_common is either unconnected or has no load
WARNING: [Synth 8-7129] Port up_drp_rdata[15] in module up_dac_common is either unconnected or has no load
WARNING: [Synth 8-7129] Port up_drp_rdata[14] in module up_dac_common is either unconnected or has no load
WARNING: [Synth 8-7129] Port up_drp_rdata[13] in module up_dac_common is either unconnected or has no load
WARNING: [Synth 8-7129] Port up_drp_rdata[12] in module up_dac_common is either unconnected or has no load
WARNING: [Synth 8-7129] Port up_drp_rdata[11] in module up_dac_common is either unconnected or has no load
WARNING: [Synth 8-7129] Port up_drp_rdata[10] in module up_dac_common is either unconnected or has no load
WARNING: [Synth 8-7129] Port up_drp_rdata[9] in module up_dac_common is either unconnected or has no load
WARNING: [Synth 8-7129] Port up_drp_rdata[8] in module up_dac_common is either unconnected or has no load
WARNING: [Synth 8-7129] Port up_drp_rdata[7] in module up_dac_common is either unconnected or has no load
WARNING: [Synth 8-7129] Port up_drp_rdata[6] in module up_dac_common is either unconnected or has no load
WARNING: [Synth 8-7129] Port up_drp_rdata[5] in module up_dac_common is either unconnected or has no load
WARNING: [Synth 8-7129] Port up_drp_rdata[4] in module up_dac_common is either unconnected or has no load
WARNING: [Synth 8-7129] Port up_drp_rdata[3] in module up_dac_common is either unconnected or has no load
WARNING: [Synth 8-7129] Port up_drp_rdata[2] in module up_dac_common is either unconnected or has no load
WARNING: [Synth 8-7129] Port up_drp_rdata[1] in module up_dac_common is either unconnected or has no load
WARNING: [Synth 8-7129] Port up_drp_rdata[0] in module up_dac_common is either unconnected or has no load
WARNING: [Synth 8-7129] Port up_drp_ready in module up_dac_common is either unconnected or has no load
WARNING: [Synth 8-7129] Port data_delay_in[1] in module ad_dds_cordic_pipe__parameterized10 is either unconnected or has no load
WARNING: [Synth 8-7129] Port data_delay_in[1] in module ad_dds_cordic_pipe__parameterized9 is either unconnected or has no load
WARNING: [Synth 8-7129] Port data_delay_in[1] in module ad_dds_cordic_pipe__parameterized8 is either unconnected or has no load
WARNING: [Synth 8-7129] Port data_delay_in[1] in module ad_dds_cordic_pipe__parameterized7 is either unconnected or has no load
WARNING: [Synth 8-7129] Port data_delay_in[1] in module ad_dds_cordic_pipe__parameterized6 is either unconnected or has no load
WARNING: [Synth 8-7129] Port data_delay_in[1] in module ad_dds_cordic_pipe__parameterized5 is either unconnected or has no load
WARNING: [Synth 8-7129] Port data_delay_in[1] in module ad_dds_cordic_pipe__parameterized4 is either unconnected or has no load
WARNING: [Synth 8-7129] Port data_delay_in[1] in module ad_dds_cordic_pipe__parameterized3 is either unconnected or has no load
WARNING: [Synth 8-7129] Port data_delay_in[1] in module ad_dds_cordic_pipe__parameterized2 is either unconnected or has no load
WARNING: [Synth 8-7129] Port data_delay_in[1] in module ad_dds_cordic_pipe__parameterized1 is either unconnected or has no load
WARNING: [Synth 8-7129] Port data_delay_in[1] in module ad_dds_cordic_pipe__parameterized0 is either unconnected or has no load
WARNING: [Synth 8-7129] Port data_delay_in[1] in module ad_dds_cordic_pipe is either unconnected or has no load
WARNING: [Synth 8-7129] Port dds_phase_0[2] in module ad_dds_2 is either unconnected or has no load
WARNING: [Synth 8-7129] Port dds_phase_0[1] in module ad_dds_2 is either unconnected or has no load
WARNING: [Synth 8-7129] Port dds_phase_0[0] in module ad_dds_2 is either unconnected or has no load
WARNING: [Synth 8-7129] Port dds_phase_1[2] in module ad_dds_2 is either unconnected or has no load
WARNING: [Synth 8-7129] Port dds_phase_1[1] in module ad_dds_2 is either unconnected or has no load
WARNING: [Synth 8-7129] Port dds_phase_1[0] in module ad_dds_2 is either unconnected or has no load
WARNING: [Synth 8-7129] Port dma_data[3] in module axi_ad9361_tx_channel__parameterized2 is either unconnected or has no load
WARNING: [Synth 8-7129] Port dma_data[2] in module axi_ad9361_tx_channel__parameterized2 is either unconnected or has no load
WARNING: [Synth 8-7129] Port dma_data[1] in module axi_ad9361_tx_channel__parameterized2 is either unconnected or has no load
WARNING: [Synth 8-7129] Port dma_data[0] in module axi_ad9361_tx_channel__parameterized2 is either unconnected or has no load
WARNING: [Synth 8-7129] Port dma_data[3] in module axi_ad9361_tx_channel__parameterized1 is either unconnected or has no load
WARNING: [Synth 8-7129] Port dma_data[2] in module axi_ad9361_tx_channel__parameterized1 is either unconnected or has no load
WARNING: [Synth 8-7129] Port dma_data[1] in module axi_ad9361_tx_channel__parameterized1 is either unconnected or has no load
WARNING: [Synth 8-7129] Port dma_data[0] in module axi_ad9361_tx_channel__parameterized1 is either unconnected or has no load
WARNING: [Synth 8-7129] Port dma_data[3] in module axi_ad9361_tx_channel__parameterized0 is either unconnected or has no load
WARNING: [Synth 8-7129] Port dma_data[2] in module axi_ad9361_tx_channel__parameterized0 is either unconnected or has no load
WARNING: [Synth 8-7129] Port dma_data[1] in module axi_ad9361_tx_channel__parameterized0 is either unconnected or has no load
WARNING: [Synth 8-7129] Port dma_data[0] in module axi_ad9361_tx_channel__parameterized0 is either unconnected or has no load
WARNING: [Synth 8-7129] Port dma_data[3] in module axi_ad9361_tx_channel is either unconnected or has no load
WARNING: [Synth 8-7129] Port dma_data[2] in module axi_ad9361_tx_channel is either unconnected or has no load
WARNING: [Synth 8-7129] Port dma_data[1] in module axi_ad9361_tx_channel is either unconnected or has no load
WARNING: [Synth 8-7129] Port dma_data[0] in module axi_ad9361_tx_channel is either unconnected or has no load
WARNING: [Synth 8-7129] Port dac_sync_in in module axi_ad9361_tx is either unconnected or has no load
WARNING: [Synth 8-7129] Port up_wdata[31] in module up_delay_cntrl is either unconnected or has no load
WARNING: [Synth 8-7129] Port up_wdata[30] in module up_delay_cntrl is either unconnected or has no load
WARNING: [Synth 8-7129] Port up_wdata[29] in module up_delay_cntrl is either unconnected or has no load
WARNING: [Synth 8-7129] Port up_wdata[28] in module up_delay_cntrl is either unconnected or has no load
WARNING: [Synth 8-7129] Port up_wdata[27] in module up_delay_cntrl is either unconnected or has no load
WARNING: [Synth 8-7129] Port up_wdata[26] in module up_delay_cntrl is either unconnected or has no load
WARNING: [Synth 8-7129] Port up_wdata[25] in module up_delay_cntrl is either unconnected or has no load
WARNING: [Synth 8-7129] Port up_wdata[24] in module up_delay_cntrl is either unconnected or has no load
WARNING: [Synth 8-7129] Port up_wdata[23] in module up_delay_cntrl is either unconnected or has no load
WARNING: [Synth 8-7129] Port up_wdata[22] in module up_delay_cntrl is either unconnected or has no load
WARNING: [Synth 8-7129] Port up_wdata[21] in module up_delay_cntrl is either unconnected or has no load
WARNING: [Synth 8-7129] Port up_wdata[20] in module up_delay_cntrl is either unconnected or has no load
WARNING: [Synth 8-7129] Port up_wdata[19] in module up_delay_cntrl is either unconnected or has no load
WARNING: [Synth 8-7129] Port up_wdata[18] in module up_delay_cntrl is either unconnected or has no load
WARNING: [Synth 8-7129] Port up_wdata[17] in module up_delay_cntrl is either unconnected or has no load
WARNING: [Synth 8-7129] Port up_wdata[16] in module up_delay_cntrl is either unconnected or has no load
WARNING: [Synth 8-7129] Port up_wdata[15] in module up_delay_cntrl is either unconnected or has no load
WARNING: [Synth 8-7129] Port up_wdata[14] in module up_delay_cntrl is either unconnected or has no load
WARNING: [Synth 8-7129] Port up_wdata[13] in module up_delay_cntrl is either unconnected or has no load
WARNING: [Synth 8-7129] Port up_wdata[12] in module up_delay_cntrl is either unconnected or has no load
WARNING: [Synth 8-7129] Port up_wdata[11] in module up_delay_cntrl is either unconnected or has no load
WARNING: [Synth 8-7129] Port up_wdata[10] in module up_delay_cntrl is either unconnected or has no load
WARNING: [Synth 8-7129] Port up_wdata[9] in module up_delay_cntrl is either unconnected or has no load
WARNING: [Synth 8-7129] Port up_wdata[8] in module up_delay_cntrl is either unconnected or has no load
WARNING: [Synth 8-7129] Port up_wdata[7] in module up_delay_cntrl is either unconnected or has no load
WARNING: [Synth 8-7129] Port up_wdata[6] in module up_delay_cntrl is either unconnected or has no load
WARNING: [Synth 8-7129] Port up_wdata[5] in module up_delay_cntrl is either unconnected or has no load
WARNING: [Synth 8-7129] Port up_drp_rdata[31] in module up_adc_common is either unconnected or has no load
WARNING: [Synth 8-7129] Port up_drp_rdata[30] in module up_adc_common is either unconnected or has no load
WARNING: [Synth 8-7129] Port up_drp_rdata[29] in module up_adc_common is either unconnected or has no load
WARNING: [Synth 8-7129] Port up_drp_rdata[28] in module up_adc_common is either unconnected or has no load
WARNING: [Synth 8-7129] Port up_drp_rdata[27] in module up_adc_common is either unconnected or has no load
WARNING: [Synth 8-7129] Port up_drp_rdata[26] in module up_adc_common is either unconnected or has no load
WARNING: [Synth 8-7129] Port up_drp_rdata[25] in module up_adc_common is either unconnected or has no load
WARNING: [Synth 8-7129] Port up_drp_rdata[24] in module up_adc_common is either unconnected or has no load
WARNING: [Synth 8-7129] Port up_drp_rdata[23] in module up_adc_common is either unconnected or has no load
WARNING: [Synth 8-7129] Port up_drp_rdata[22] in module up_adc_common is either unconnected or has no load
WARNING: [Synth 8-7129] Port up_drp_rdata[21] in module up_adc_common is either unconnected or has no load
WARNING: [Synth 8-7129] Port up_drp_rdata[20] in module up_adc_common is either unconnected or has no load
WARNING: [Synth 8-7129] Port up_drp_rdata[19] in module up_adc_common is either unconnected or has no load
WARNING: [Synth 8-7129] Port up_drp_rdata[18] in module up_adc_common is either unconnected or has no load
WARNING: [Synth 8-7129] Port up_drp_rdata[17] in module up_adc_common is either unconnected or has no load
WARNING: [Synth 8-7129] Port up_drp_rdata[16] in module up_adc_common is either unconnected or has no load
WARNING: [Synth 8-7129] Port up_drp_rdata[15] in module up_adc_common is either unconnected or has no load
WARNING: [Synth 8-7129] Port up_drp_rdata[14] in module up_adc_common is either unconnected or has no load
WARNING: [Synth 8-7129] Port up_drp_rdata[13] in module up_adc_common is either unconnected or has no load
WARNING: [Synth 8-7129] Port up_drp_rdata[12] in module up_adc_common is either unconnected or has no load
WARNING: [Synth 8-7129] Port up_drp_rdata[11] in module up_adc_common is either unconnected or has no load
WARNING: [Synth 8-7129] Port up_drp_rdata[10] in module up_adc_common is either unconnected or has no load
WARNING: [Synth 8-7129] Port up_drp_rdata[9] in module up_adc_common is either unconnected or has no load
WARNING: [Synth 8-7129] Port up_drp_rdata[8] in module up_adc_common is either unconnected or has no load
WARNING: [Synth 8-7129] Port up_drp_rdata[7] in module up_adc_common is either unconnected or has no load
WARNING: [Synth 8-7129] Port up_drp_rdata[6] in module up_adc_common is either unconnected or has no load
WARNING: [Synth 8-7129] Port up_drp_rdata[5] in module up_adc_common is either unconnected or has no load
WARNING: [Synth 8-7129] Port up_drp_rdata[4] in module up_adc_common is either unconnected or has no load
WARNING: [Synth 8-7129] Port up_drp_rdata[3] in module up_adc_common is either unconnected or has no load
WARNING: [Synth 8-7129] Port up_drp_rdata[2] in module up_adc_common is either unconnected or has no load
WARNING: [Synth 8-7129] Port up_drp_rdata[1] in module up_adc_common is either unconnected or has no load
WARNING: [Synth 8-7129] Port up_drp_rdata[0] in module up_adc_common is either unconnected or has no load
WARNING: [Synth 8-7129] Port up_drp_ready in module up_adc_common is either unconnected or has no load
WARNING: [Synth 8-7129] Port adc_pattern_has_zero in module ad_pnmon is either unconnected or has no load
WARNING: [Synth 8-7129] Port tdd_burst_count[7] in module ad_tdd_control is either unconnected or has no load
WARNING: [Synth 8-7129] Port tdd_burst_count[6] in module ad_tdd_control is either unconnected or has no load
WARNING: [Synth 8-7129] Port up_clk in module ad_data_out is either unconnected or has no load
WARNING: [Synth 8-7129] Port up_dld in module ad_data_out is either unconnected or has no load
WARNING: [Synth 8-7129] Port up_dwdata[4] in module ad_data_out is either unconnected or has no load
WARNING: [Synth 8-7129] Port up_dwdata[3] in module ad_data_out is either unconnected or has no load
WARNING: [Synth 8-7129] Port up_dwdata[2] in module ad_data_out is either unconnected or has no load
WARNING: [Synth 8-7129] Port up_dwdata[1] in module ad_data_out is either unconnected or has no load
WARNING: [Synth 8-7129] Port up_dwdata[0] in module ad_data_out is either unconnected or has no load
WARNING: [Synth 8-7129] Port delay_clk in module ad_data_out is either unconnected or has no load
WARNING: [Synth 8-7129] Port delay_rst in module ad_data_out is either unconnected or has no load
WARNING: [Synth 8-7129] Port rx_data_in_n in module ad_data_in__parameterized0 is either unconnected or has no load
WARNING: [Synth 8-7129] Port rst in module ad_data_clk is either unconnected or has no load
WARNING: [Synth 8-7129] Port clk_in_n in module ad_data_clk is either unconnected or has no load
WARNING: [Synth 8-7129] Port rx_data_in_n in module ad_data_in is either unconnected or has no load
WARNING: [Synth 8-7129] Port delay_clk in module ad_data_in is either unconnected or has no load
WARNING: [Synth 8-7129] Port delay_rst in module ad_data_in is either unconnected or has no load
WARNING: [Synth 8-7129] Port adc_ddr_edgesel in module axi_ad9361_cmos_if is either unconnected or has no load
WARNING: [Synth 8-7129] Port mmcm_rst in module axi_ad9361_cmos_if is either unconnected or has no load
WARNING: [Synth 8-7129] Port up_rstn in module axi_ad9361_cmos_if is either unconnected or has no load
WARNING: [Synth 8-7129] Port up_drp_sel in module axi_ad9361_cmos_if is either unconnected or has no load
WARNING: [Synth 8-7129] Port up_drp_wr in module axi_ad9361_cmos_if is either unconnected or has no load
WARNING: [Synth 8-7129] Port up_drp_addr[11] in module axi_ad9361_cmos_if is either unconnected or has no load
WARNING: [Synth 8-7129] Port up_drp_addr[10] in module axi_ad9361_cmos_if is either unconnected or has no load
WARNING: [Synth 8-7129] Port up_drp_addr[9] in module axi_ad9361_cmos_if is either unconnected or has no load
WARNING: [Synth 8-7129] Port up_drp_addr[8] in module axi_ad9361_cmos_if is either unconnected or has no load
WARNING: [Synth 8-7129] Port up_drp_addr[7] in module axi_ad9361_cmos_if is either unconnected or has no load
WARNING: [Synth 8-7129] Port up_drp_addr[6] in module axi_ad9361_cmos_if is either unconnected or has no load
WARNING: [Synth 8-7129] Port up_drp_addr[5] in module axi_ad9361_cmos_if is either unconnected or has no load
WARNING: [Synth 8-7129] Port up_drp_addr[4] in module axi_ad9361_cmos_if is either unconnected or has no load
WARNING: [Synth 8-7129] Port up_drp_addr[3] in module axi_ad9361_cmos_if is either unconnected or has no load
WARNING: [Synth 8-7129] Port up_drp_addr[2] in module axi_ad9361_cmos_if is either unconnected or has no load
WARNING: [Synth 8-7129] Port up_drp_addr[1] in module axi_ad9361_cmos_if is either unconnected or has no load
WARNING: [Synth 8-7129] Port up_drp_addr[0] in module axi_ad9361_cmos_if is either unconnected or has no load
WARNING: [Synth 8-7129] Port up_drp_wdata[31] in module axi_ad9361_cmos_if is either unconnected or has no load
WARNING: [Synth 8-7129] Port up_drp_wdata[30] in module axi_ad9361_cmos_if is either unconnected or has no load
WARNING: [Synth 8-7129] Port up_drp_wdata[29] in module axi_ad9361_cmos_if is either unconnected or has no load
WARNING: [Synth 8-7129] Port up_drp_wdata[28] in module axi_ad9361_cmos_if is either unconnected or has no load
WARNING: [Synth 8-7129] Port up_drp_wdata[27] in module axi_ad9361_cmos_if is either unconnected or has no load
WARNING: [Synth 8-7129] Port up_drp_wdata[26] in module axi_ad9361_cmos_if is either unconnected or has no load
WARNING: [Synth 8-7129] Port up_drp_wdata[25] in module axi_ad9361_cmos_if is either unconnected or has no load
WARNING: [Synth 8-7129] Port up_drp_wdata[24] in module axi_ad9361_cmos_if is either unconnected or has no load
WARNING: [Synth 8-7129] Port up_drp_wdata[23] in module axi_ad9361_cmos_if is either unconnected or has no load
WARNING: [Synth 8-7129] Port up_drp_wdata[22] in module axi_ad9361_cmos_if is either unconnected or has no load
WARNING: [Synth 8-7129] Port up_drp_wdata[21] in module axi_ad9361_cmos_if is either unconnected or has no load
WARNING: [Synth 8-7129] Port up_drp_wdata[20] in module axi_ad9361_cmos_if is either unconnected or has no load
WARNING: [Synth 8-7129] Port up_drp_wdata[19] in module axi_ad9361_cmos_if is either unconnected or has no load
WARNING: [Synth 8-7129] Port up_drp_wdata[18] in module axi_ad9361_cmos_if is either unconnected or has no load
WARNING: [Synth 8-7129] Port up_drp_wdata[17] in module axi_ad9361_cmos_if is either unconnected or has no load
WARNING: [Synth 8-7129] Port up_drp_wdata[16] in module axi_ad9361_cmos_if is either unconnected or has no load
WARNING: [Synth 8-7129] Port up_drp_wdata[15] in module axi_ad9361_cmos_if is either unconnected or has no load
WARNING: [Synth 8-7129] Port up_drp_wdata[14] in module axi_ad9361_cmos_if is either unconnected or has no load
WARNING: [Synth 8-7129] Port up_drp_wdata[13] in module axi_ad9361_cmos_if is either unconnected or has no load
WARNING: [Synth 8-7129] Port up_drp_wdata[12] in module axi_ad9361_cmos_if is either unconnected or has no load
WARNING: [Synth 8-7129] Port up_drp_wdata[11] in module axi_ad9361_cmos_if is either unconnected or has no load
WARNING: [Synth 8-7129] Port up_drp_wdata[10] in module axi_ad9361_cmos_if is either unconnected or has no load
WARNING: [Synth 8-7129] Port up_drp_wdata[9] in module axi_ad9361_cmos_if is either unconnected or has no load
WARNING: [Synth 8-7129] Port up_drp_wdata[8] in module axi_ad9361_cmos_if is either unconnected or has no load
WARNING: [Synth 8-7129] Port up_drp_wdata[7] in module axi_ad9361_cmos_if is either unconnected or has no load
WARNING: [Synth 8-7129] Port up_drp_wdata[6] in module axi_ad9361_cmos_if is either unconnected or has no load
WARNING: [Synth 8-7129] Port up_drp_wdata[5] in module axi_ad9361_cmos_if is either unconnected or has no load
WARNING: [Synth 8-7129] Port up_drp_wdata[4] in module axi_ad9361_cmos_if is either unconnected or has no load
WARNING: [Synth 8-7129] Port up_drp_wdata[3] in module axi_ad9361_cmos_if is either unconnected or has no load
WARNING: [Synth 8-7129] Port up_drp_wdata[2] in module axi_ad9361_cmos_if is either unconnected or has no load
WARNING: [Synth 8-7129] Port up_drp_wdata[1] in module axi_ad9361_cmos_if is either unconnected or has no load
WARNING: [Synth 8-7129] Port up_drp_wdata[0] in module axi_ad9361_cmos_if is either unconnected or has no load
WARNING: [Synth 8-7129] Port rx_clk_in_p in module axi_ad9361 is either unconnected or has no load
WARNING: [Synth 8-7129] Port rx_clk_in_n in module axi_ad9361 is either unconnected or has no load
WARNING: [Synth 8-7129] Port rx_frame_in_p in module axi_ad9361 is either unconnected or has no load
WARNING: [Synth 8-7129] Port rx_frame_in_n in module axi_ad9361 is either unconnected or has no load
WARNING: [Synth 8-7129] Port rx_data_in_p[5] in module axi_ad9361 is either unconnected or has no load
WARNING: [Synth 8-7129] Port rx_data_in_p[4] in module axi_ad9361 is either unconnected or has no load
WARNING: [Synth 8-7129] Port rx_data_in_p[3] in module axi_ad9361 is either unconnected or has no load
WARNING: [Synth 8-7129] Port rx_data_in_p[2] in module axi_ad9361 is either unconnected or has no load
WARNING: [Synth 8-7129] Port rx_data_in_p[1] in module axi_ad9361 is either unconnected or has no load
WARNING: [Synth 8-7129] Port rx_data_in_p[0] in module axi_ad9361 is either unconnected or has no load
WARNING: [Synth 8-7129] Port rx_data_in_n[5] in module axi_ad9361 is either unconnected or has no load
WARNING: [Synth 8-7129] Port rx_data_in_n[4] in module axi_ad9361 is either unconnected or has no load
WARNING: [Synth 8-7129] Port rx_data_in_n[3] in module axi_ad9361 is either unconnected or has no load
WARNING: [Synth 8-7129] Port rx_data_in_n[2] in module axi_ad9361 is either unconnected or has no load
WARNING: [Synth 8-7129] Port rx_data_in_n[1] in module axi_ad9361 is either unconnected or has no load
WARNING: [Synth 8-7129] Port rx_data_in_n[0] in module axi_ad9361 is either unconnected or has no load
WARNING: [Synth 8-7129] Port gps_pps in module axi_ad9361 is either unconnected or has no load
WARNING: [Synth 8-7129] Port s_axi_awprot[2] in module axi_ad9361 is either unconnected or has no load
WARNING: [Synth 8-7129] Port s_axi_awprot[1] in module axi_ad9361 is either unconnected or has no load
WARNING: [Synth 8-7129] Port s_axi_awprot[0] in module axi_ad9361 is either unconnected or has no load
WARNING: [Synth 8-7129] Port s_axi_arprot[2] in module axi_ad9361 is either unconnected or has no load
WARNING: [Synth 8-7129] Port s_axi_arprot[1] in module axi_ad9361 is either unconnected or has no load
WARNING: [Synth 8-7129] Port s_axi_arprot[0] in module axi_ad9361 is either unconnected or has no load
---------------------------------------------------------------------------------
Finished RTL Elaboration : Time (s): cpu = 00:00:08 ; elapsed = 00:00:08 . Memory (MB): peak = 2190.059 ; gain = 542.566 ; free physical = 1117 ; free virtual = 5578
---------------------------------------------------------------------------------
---------------------------------------------------------------------------------
Start Handling Custom Attributes
---------------------------------------------------------------------------------
---------------------------------------------------------------------------------
Finished Handling Custom Attributes : Time (s): cpu = 00:00:08 ; elapsed = 00:00:09 . Memory (MB): peak = 2204.902 ; gain = 557.410 ; free physical = 976 ; free virtual = 5437
---------------------------------------------------------------------------------
---------------------------------------------------------------------------------
Finished RTL Optimization Phase 1 : Time (s): cpu = 00:00:08 ; elapsed = 00:00:09 . Memory (MB): peak = 2204.902 ; gain = 557.410 ; free physical = 976 ; free virtual = 5437
---------------------------------------------------------------------------------
Netlist sorting complete. Time (s): cpu = 00:00:00.36 ; elapsed = 00:00:00.35 . Memory (MB): peak = 2210.840 ; gain = 0.000 ; free physical = 541 ; free virtual = 5002
INFO: [Netlist 29-17] Analyzing 71 Unisim elements for replacement
WARNING: [Netlist 29-432] The IBUFG primitive 'inst/i_dev_if/i_clk/i_rx_clk_ibuf' has been retargeted to an IBUF primitive only. No BUFG will be added. If a global buffer is intended, please instantiate an available global clock primitive from the current architecture.
INFO: [Netlist 29-28] Unisim Transformation completed in 0 CPU seconds
INFO: [Project 1-570] Preparing netlist for logic optimization

Processing XDC Constraints
Initializing timing engine
Parsing XDC File [/home/dator2/Documents/clean_fw_folder/antsdr-fw-patch/plutosdr-fw/hdl/projects/e200/e200.gen/sources_1/bd/system/ip/xilinx/common/up_xfer_cntrl_constr.xdc] for cell 'inst'
Finished Parsing XDC File [/home/dator2/Documents/clean_fw_folder/antsdr-fw-patch/plutosdr-fw/hdl/projects/e200/e200.gen/sources_1/bd/system/ip/xilinx/common/up_xfer_cntrl_constr.xdc] for cell 'inst'
Parsing XDC File [/home/dator2/Documents/clean_fw_folder/antsdr-fw-patch/plutosdr-fw/hdl/projects/e200/e200.gen/sources_1/bd/system/ip/xilinx/common/ad_rst_constr.xdc] for cell 'inst'
Finished Parsing XDC File [/home/dator2/Documents/clean_fw_folder/antsdr-fw-patch/plutosdr-fw/hdl/projects/e200/e200.gen/sources_1/bd/system/ip/xilinx/common/ad_rst_constr.xdc] for cell 'inst'
Parsing XDC File [/home/dator2/Documents/clean_fw_folder/antsdr-fw-patch/plutosdr-fw/hdl/projects/e200/e200.gen/sources_1/bd/system/ip/xilinx/common/up_xfer_status_constr.xdc] for cell 'inst'
Finished Parsing XDC File [/home/dator2/Documents/clean_fw_folder/antsdr-fw-patch/plutosdr-fw/hdl/projects/e200/e200.gen/sources_1/bd/system/ip/xilinx/common/up_xfer_status_constr.xdc] for cell 'inst'
Parsing XDC File [/home/dator2/Documents/clean_fw_folder/antsdr-fw-patch/plutosdr-fw/hdl/projects/e200/e200.gen/sources_1/bd/system/ip/xilinx/common/up_clock_mon_constr.xdc] for cell 'inst'
Finished Parsing XDC File [/home/dator2/Documents/clean_fw_folder/antsdr-fw-patch/plutosdr-fw/hdl/projects/e200/e200.gen/sources_1/bd/system/ip/xilinx/common/up_clock_mon_constr.xdc] for cell 'inst'
Parsing XDC File [/home/dator2/Documents/clean_fw_folder/antsdr-fw-patch/plutosdr-fw/hdl/projects/e200/e200.gen/sources_1/bd/system/ip/system_axi_ad9361_0/axi_ad9361_constr.xdc] for cell 'inst'
Finished Parsing XDC File [/home/dator2/Documents/clean_fw_folder/antsdr-fw-patch/plutosdr-fw/hdl/projects/e200/e200.gen/sources_1/bd/system/ip/system_axi_ad9361_0/axi_ad9361_constr.xdc] for cell 'inst'
Parsing XDC File [/home/dator2/Documents/clean_fw_folder/antsdr-fw-patch/plutosdr-fw/hdl/projects/e200/e200.runs/system_axi_ad9361_0_synth_1/dont_touch.xdc]
Finished Parsing XDC File [/home/dator2/Documents/clean_fw_folder/antsdr-fw-patch/plutosdr-fw/hdl/projects/e200/e200.runs/system_axi_ad9361_0_synth_1/dont_touch.xdc]
Parsing XDC File [/home/dator2/Documents/clean_fw_folder/antsdr-fw-patch/plutosdr-fw/hdl/projects/e200/e200.gen/sources_1/bd/system/ip/system_axi_ad9361_0/system_axi_ad9361_0_pps_constr.xdc] for cell 'inst'
Finished Parsing XDC File [/home/dator2/Documents/clean_fw_folder/antsdr-fw-patch/plutosdr-fw/hdl/projects/e200/e200.gen/sources_1/bd/system/ip/system_axi_ad9361_0/system_axi_ad9361_0_pps_constr.xdc] for cell 'inst'
Completed Processing XDC Constraints

Netlist sorting complete. Time (s): cpu = 00:00:00.01 ; elapsed = 00:00:00.01 . Memory (MB): peak = 2353.652 ; gain = 0.000 ; free physical = 255 ; free virtual = 4719
INFO: [Project 1-111] Unisim Transformation Summary:
  A total of 25 instances were transformed.
  DSP48E => DSP48E1: 24 instances
  IBUFG => IBUF: 1 instance 

Constraint Validation Runtime : Time (s): cpu = 00:00:01 ; elapsed = 00:00:00.34 . Memory (MB): peak = 2353.688 ; gain = 0.000 ; free physical = 255 ; free virtual = 4719
INFO: [Designutils 20-5008] Incremental synthesis strategy off
---------------------------------------------------------------------------------
Finished Constraint Validation : Time (s): cpu = 00:00:21 ; elapsed = 00:00:20 . Memory (MB): peak = 2353.688 ; gain = 706.195 ; free physical = 229 ; free virtual = 4686
---------------------------------------------------------------------------------
---------------------------------------------------------------------------------
Start Loading Part and Timing Information
---------------------------------------------------------------------------------
Loading part: xc7z020clg400-2
---------------------------------------------------------------------------------
Finished Loading Part and Timing Information : Time (s): cpu = 00:00:21 ; elapsed = 00:00:20 . Memory (MB): peak = 2353.688 ; gain = 706.195 ; free physical = 229 ; free virtual = 4686
---------------------------------------------------------------------------------
---------------------------------------------------------------------------------
Start Applying 'set_property' XDC Constraints
---------------------------------------------------------------------------------
Applied set_property ASYNC_REG = true for inst/i_rx/i_rx_channel_0/i_up_adc_channel/i_xfer_cntrl/up_xfer_state_i. (constraint file  /home/dator2/Documents/clean_fw_folder/antsdr-fw-patch/plutosdr-fw/hdl/projects/e200/e200.gen/sources_1/bd/system/ip/xilinx/common/up_xfer_cntrl_constr.xdc, line 6).
Applied set_property ASYNC_REG = true for inst/i_rx/i_rx_channel_0/i_up_adc_channel/i_xfer_cntrl/up_xfer_state_m1_i. (constraint file  /home/dator2/Documents/clean_fw_folder/antsdr-fw-patch/plutosdr-fw/hdl/projects/e200/e200.gen/sources_1/bd/system/ip/xilinx/common/up_xfer_cntrl_constr.xdc, line 6).
Applied set_property ASYNC_REG = true for inst/i_rx/i_rx_channel_0/i_up_adc_channel/i_xfer_cntrl/up_xfer_state_m1_reg. (constraint file  /home/dator2/Documents/clean_fw_folder/antsdr-fw-patch/plutosdr-fw/hdl/projects/e200/e200.gen/sources_1/bd/system/ip/xilinx/common/up_xfer_cntrl_constr.xdc, line 6).
Applied set_property ASYNC_REG = true for inst/i_rx/i_rx_channel_0/i_up_adc_channel/i_xfer_cntrl/up_xfer_state_m2_i. (constraint file  /home/dator2/Documents/clean_fw_folder/antsdr-fw-patch/plutosdr-fw/hdl/projects/e200/e200.gen/sources_1/bd/system/ip/xilinx/common/up_xfer_cntrl_constr.xdc, line 6).
Applied set_property ASYNC_REG = true for inst/i_rx/i_rx_channel_0/i_up_adc_channel/i_xfer_cntrl/up_xfer_state_m2_reg. (constraint file  /home/dator2/Documents/clean_fw_folder/antsdr-fw-patch/plutosdr-fw/hdl/projects/e200/e200.gen/sources_1/bd/system/ip/xilinx/common/up_xfer_cntrl_constr.xdc, line 6).
Applied set_property ASYNC_REG = true for inst/i_rx/i_rx_channel_0/i_up_adc_channel/i_xfer_cntrl/up_xfer_state_reg. (constraint file  /home/dator2/Documents/clean_fw_folder/antsdr-fw-patch/plutosdr-fw/hdl/projects/e200/e200.gen/sources_1/bd/system/ip/xilinx/common/up_xfer_cntrl_constr.xdc, line 6).
Applied set_property ASYNC_REG = true for inst/i_rx/i_rx_channel_1/i_up_adc_channel/i_xfer_cntrl/up_xfer_state_i. (constraint file  /home/dator2/Documents/clean_fw_folder/antsdr-fw-patch/plutosdr-fw/hdl/projects/e200/e200.gen/sources_1/bd/system/ip/xilinx/common/up_xfer_cntrl_constr.xdc, line 6).
Applied set_property ASYNC_REG = true for inst/i_rx/i_rx_channel_1/i_up_adc_channel/i_xfer_cntrl/up_xfer_state_m1_i. (constraint file  /home/dator2/Documents/clean_fw_folder/antsdr-fw-patch/plutosdr-fw/hdl/projects/e200/e200.gen/sources_1/bd/system/ip/xilinx/common/up_xfer_cntrl_constr.xdc, line 6).
Applied set_property ASYNC_REG = true for inst/i_rx/i_rx_channel_1/i_up_adc_channel/i_xfer_cntrl/up_xfer_state_m1_reg. (constraint file  /home/dator2/Documents/clean_fw_folder/antsdr-fw-patch/plutosdr-fw/hdl/projects/e200/e200.gen/sources_1/bd/system/ip/xilinx/common/up_xfer_cntrl_constr.xdc, line 6).
Applied set_property ASYNC_REG = true for inst/i_rx/i_rx_channel_1/i_up_adc_channel/i_xfer_cntrl/up_xfer_state_m2_i. (constraint file  /home/dator2/Documents/clean_fw_folder/antsdr-fw-patch/plutosdr-fw/hdl/projects/e200/e200.gen/sources_1/bd/system/ip/xilinx/common/up_xfer_cntrl_constr.xdc, line 6).
Applied set_property ASYNC_REG = true for inst/i_rx/i_rx_channel_1/i_up_adc_channel/i_xfer_cntrl/up_xfer_state_m2_reg. (constraint file  /home/dator2/Documents/clean_fw_folder/antsdr-fw-patch/plutosdr-fw/hdl/projects/e200/e200.gen/sources_1/bd/system/ip/xilinx/common/up_xfer_cntrl_constr.xdc, line 6).
Applied set_property ASYNC_REG = true for inst/i_rx/i_rx_channel_1/i_up_adc_channel/i_xfer_cntrl/up_xfer_state_reg. (constraint file  /home/dator2/Documents/clean_fw_folder/antsdr-fw-patch/plutosdr-fw/hdl/projects/e200/e200.gen/sources_1/bd/system/ip/xilinx/common/up_xfer_cntrl_constr.xdc, line 6).
Applied set_property ASYNC_REG = true for inst/i_rx/i_rx_channel_2/i_up_adc_channel/i_xfer_cntrl/up_xfer_state_i. (constraint file  /home/dator2/Documents/clean_fw_folder/antsdr-fw-patch/plutosdr-fw/hdl/projects/e200/e200.gen/sources_1/bd/system/ip/xilinx/common/up_xfer_cntrl_constr.xdc, line 6).
Applied set_property ASYNC_REG = true for inst/i_rx/i_rx_channel_2/i_up_adc_channel/i_xfer_cntrl/up_xfer_state_m1_i. (constraint file  /home/dator2/Documents/clean_fw_folder/antsdr-fw-patch/plutosdr-fw/hdl/projects/e200/e200.gen/sources_1/bd/system/ip/xilinx/common/up_xfer_cntrl_constr.xdc, line 6).
Applied set_property ASYNC_REG = true for inst/i_rx/i_rx_channel_2/i_up_adc_channel/i_xfer_cntrl/up_xfer_state_m1_reg. (constraint file  /home/dator2/Documents/clean_fw_folder/antsdr-fw-patch/plutosdr-fw/hdl/projects/e200/e200.gen/sources_1/bd/system/ip/xilinx/common/up_xfer_cntrl_constr.xdc, line 6).
Applied set_property ASYNC_REG = true for inst/i_rx/i_rx_channel_2/i_up_adc_channel/i_xfer_cntrl/up_xfer_state_m2_i. (constraint file  /home/dator2/Documents/clean_fw_folder/antsdr-fw-patch/plutosdr-fw/hdl/projects/e200/e200.gen/sources_1/bd/system/ip/xilinx/common/up_xfer_cntrl_constr.xdc, line 6).
Applied set_property ASYNC_REG = true for inst/i_rx/i_rx_channel_2/i_up_adc_channel/i_xfer_cntrl/up_xfer_state_m2_reg. (constraint file  /home/dator2/Documents/clean_fw_folder/antsdr-fw-patch/plutosdr-fw/hdl/projects/e200/e200.gen/sources_1/bd/system/ip/xilinx/common/up_xfer_cntrl_constr.xdc, line 6).
Applied set_property ASYNC_REG = true for inst/i_rx/i_rx_channel_2/i_up_adc_channel/i_xfer_cntrl/up_xfer_state_reg. (constraint file  /home/dator2/Documents/clean_fw_folder/antsdr-fw-patch/plutosdr-fw/hdl/projects/e200/e200.gen/sources_1/bd/system/ip/xilinx/common/up_xfer_cntrl_constr.xdc, line 6).
Applied set_property ASYNC_REG = true for inst/i_rx/i_rx_channel_3/i_up_adc_channel/i_xfer_cntrl/up_xfer_state_i. (constraint file  /home/dator2/Documents/clean_fw_folder/antsdr-fw-patch/plutosdr-fw/hdl/projects/e200/e200.gen/sources_1/bd/system/ip/xilinx/common/up_xfer_cntrl_constr.xdc, line 6).
Applied set_property ASYNC_REG = true for inst/i_rx/i_rx_channel_3/i_up_adc_channel/i_xfer_cntrl/up_xfer_state_m1_i. (constraint file  /home/dator2/Documents/clean_fw_folder/antsdr-fw-patch/plutosdr-fw/hdl/projects/e200/e200.gen/sources_1/bd/system/ip/xilinx/common/up_xfer_cntrl_constr.xdc, line 6).
Applied set_property ASYNC_REG = true for inst/i_rx/i_rx_channel_3/i_up_adc_channel/i_xfer_cntrl/up_xfer_state_m1_reg. (constraint file  /home/dator2/Documents/clean_fw_folder/antsdr-fw-patch/plutosdr-fw/hdl/projects/e200/e200.gen/sources_1/bd/system/ip/xilinx/common/up_xfer_cntrl_constr.xdc, line 6).
Applied set_property ASYNC_REG = true for inst/i_rx/i_rx_channel_3/i_up_adc_channel/i_xfer_cntrl/up_xfer_state_m2_i. (constraint file  /home/dator2/Documents/clean_fw_folder/antsdr-fw-patch/plutosdr-fw/hdl/projects/e200/e200.gen/sources_1/bd/system/ip/xilinx/common/up_xfer_cntrl_constr.xdc, line 6).
Applied set_property ASYNC_REG = true for inst/i_rx/i_rx_channel_3/i_up_adc_channel/i_xfer_cntrl/up_xfer_state_m2_reg. (constraint file  /home/dator2/Documents/clean_fw_folder/antsdr-fw-patch/plutosdr-fw/hdl/projects/e200/e200.gen/sources_1/bd/system/ip/xilinx/common/up_xfer_cntrl_constr.xdc, line 6).
Applied set_property ASYNC_REG = true for inst/i_rx/i_rx_channel_3/i_up_adc_channel/i_xfer_cntrl/up_xfer_state_reg. (constraint file  /home/dator2/Documents/clean_fw_folder/antsdr-fw-patch/plutosdr-fw/hdl/projects/e200/e200.gen/sources_1/bd/system/ip/xilinx/common/up_xfer_cntrl_constr.xdc, line 6).
Applied set_property ASYNC_REG = true for inst/i_rx/i_up_adc_common/i_xfer_cntrl/up_xfer_state_i. (constraint file  /home/dator2/Documents/clean_fw_folder/antsdr-fw-patch/plutosdr-fw/hdl/projects/e200/e200.gen/sources_1/bd/system/ip/xilinx/common/up_xfer_cntrl_constr.xdc, line 6).
Applied set_property ASYNC_REG = true for inst/i_rx/i_up_adc_common/i_xfer_cntrl/up_xfer_state_m1_i. (constraint file  /home/dator2/Documents/clean_fw_folder/antsdr-fw-patch/plutosdr-fw/hdl/projects/e200/e200.gen/sources_1/bd/system/ip/xilinx/common/up_xfer_cntrl_constr.xdc, line 6).
Applied set_property ASYNC_REG = true for inst/i_rx/i_up_adc_common/i_xfer_cntrl/up_xfer_state_m1_reg. (constraint file  /home/dator2/Documents/clean_fw_folder/antsdr-fw-patch/plutosdr-fw/hdl/projects/e200/e200.gen/sources_1/bd/system/ip/xilinx/common/up_xfer_cntrl_constr.xdc, line 6).
Applied set_property ASYNC_REG = true for inst/i_rx/i_up_adc_common/i_xfer_cntrl/up_xfer_state_m2_i. (constraint file  /home/dator2/Documents/clean_fw_folder/antsdr-fw-patch/plutosdr-fw/hdl/projects/e200/e200.gen/sources_1/bd/system/ip/xilinx/common/up_xfer_cntrl_constr.xdc, line 6).
Applied set_property ASYNC_REG = true for inst/i_rx/i_up_adc_common/i_xfer_cntrl/up_xfer_state_m2_reg. (constraint file  /home/dator2/Documents/clean_fw_folder/antsdr-fw-patch/plutosdr-fw/hdl/projects/e200/e200.gen/sources_1/bd/system/ip/xilinx/common/up_xfer_cntrl_constr.xdc, line 6).
Applied set_property ASYNC_REG = true for inst/i_rx/i_up_adc_common/i_xfer_cntrl/up_xfer_state_reg. (constraint file  /home/dator2/Documents/clean_fw_folder/antsdr-fw-patch/plutosdr-fw/hdl/projects/e200/e200.gen/sources_1/bd/system/ip/xilinx/common/up_xfer_cntrl_constr.xdc, line 6).
Applied set_property ASYNC_REG = true for inst/i_tdd/i_up_tdd_cntrl/i_xfer_tdd_control/up_xfer_state_i. (constraint file  /home/dator2/Documents/clean_fw_folder/antsdr-fw-patch/plutosdr-fw/hdl/projects/e200/e200.gen/sources_1/bd/system/ip/xilinx/common/up_xfer_cntrl_constr.xdc, line 6).
Applied set_property ASYNC_REG = true for inst/i_tdd/i_up_tdd_cntrl/i_xfer_tdd_control/up_xfer_state_m1_i. (constraint file  /home/dator2/Documents/clean_fw_folder/antsdr-fw-patch/plutosdr-fw/hdl/projects/e200/e200.gen/sources_1/bd/system/ip/xilinx/common/up_xfer_cntrl_constr.xdc, line 6).
Applied set_property ASYNC_REG = true for inst/i_tdd/i_up_tdd_cntrl/i_xfer_tdd_control/up_xfer_state_m1_reg. (constraint file  /home/dator2/Documents/clean_fw_folder/antsdr-fw-patch/plutosdr-fw/hdl/projects/e200/e200.gen/sources_1/bd/system/ip/xilinx/common/up_xfer_cntrl_constr.xdc, line 6).
Applied set_property ASYNC_REG = true for inst/i_tdd/i_up_tdd_cntrl/i_xfer_tdd_control/up_xfer_state_m2_i. (constraint file  /home/dator2/Documents/clean_fw_folder/antsdr-fw-patch/plutosdr-fw/hdl/projects/e200/e200.gen/sources_1/bd/system/ip/xilinx/common/up_xfer_cntrl_constr.xdc, line 6).
Applied set_property ASYNC_REG = true for inst/i_tdd/i_up_tdd_cntrl/i_xfer_tdd_control/up_xfer_state_m2_reg. (constraint file  /home/dator2/Documents/clean_fw_folder/antsdr-fw-patch/plutosdr-fw/hdl/projects/e200/e200.gen/sources_1/bd/system/ip/xilinx/common/up_xfer_cntrl_constr.xdc, line 6).
Applied set_property ASYNC_REG = true for inst/i_tdd/i_up_tdd_cntrl/i_xfer_tdd_control/up_xfer_state_reg. (constraint file  /home/dator2/Documents/clean_fw_folder/antsdr-fw-patch/plutosdr-fw/hdl/projects/e200/e200.gen/sources_1/bd/system/ip/xilinx/common/up_xfer_cntrl_constr.xdc, line 6).
Applied set_property ASYNC_REG = true for inst/i_tdd/i_up_tdd_cntrl/i_xfer_tdd_counter_values_rx_1/up_xfer_state_i. (constraint file  /home/dator2/Documents/clean_fw_folder/antsdr-fw-patch/plutosdr-fw/hdl/projects/e200/e200.gen/sources_1/bd/system/ip/xilinx/common/up_xfer_cntrl_constr.xdc, line 6).
Applied set_property ASYNC_REG = true for inst/i_tdd/i_up_tdd_cntrl/i_xfer_tdd_counter_values_rx_1/up_xfer_state_m1_i. (constraint file  /home/dator2/Documents/clean_fw_folder/antsdr-fw-patch/plutosdr-fw/hdl/projects/e200/e200.gen/sources_1/bd/system/ip/xilinx/common/up_xfer_cntrl_constr.xdc, line 6).
Applied set_property ASYNC_REG = true for inst/i_tdd/i_up_tdd_cntrl/i_xfer_tdd_counter_values_rx_1/up_xfer_state_m1_reg. (constraint file  /home/dator2/Documents/clean_fw_folder/antsdr-fw-patch/plutosdr-fw/hdl/projects/e200/e200.gen/sources_1/bd/system/ip/xilinx/common/up_xfer_cntrl_constr.xdc, line 6).
Applied set_property ASYNC_REG = true for inst/i_tdd/i_up_tdd_cntrl/i_xfer_tdd_counter_values_rx_1/up_xfer_state_m2_i. (constraint file  /home/dator2/Documents/clean_fw_folder/antsdr-fw-patch/plutosdr-fw/hdl/projects/e200/e200.gen/sources_1/bd/system/ip/xilinx/common/up_xfer_cntrl_constr.xdc, line 6).
Applied set_property ASYNC_REG = true for inst/i_tdd/i_up_tdd_cntrl/i_xfer_tdd_counter_values_rx_1/up_xfer_state_m2_reg. (constraint file  /home/dator2/Documents/clean_fw_folder/antsdr-fw-patch/plutosdr-fw/hdl/projects/e200/e200.gen/sources_1/bd/system/ip/xilinx/common/up_xfer_cntrl_constr.xdc, line 6).
Applied set_property ASYNC_REG = true for inst/i_tdd/i_up_tdd_cntrl/i_xfer_tdd_counter_values_rx_1/up_xfer_state_reg. (constraint file  /home/dator2/Documents/clean_fw_folder/antsdr-fw-patch/plutosdr-fw/hdl/projects/e200/e200.gen/sources_1/bd/system/ip/xilinx/common/up_xfer_cntrl_constr.xdc, line 6).
Applied set_property ASYNC_REG = true for inst/i_tdd/i_up_tdd_cntrl/i_xfer_tdd_counter_values_rx_2/up_xfer_state_i. (constraint file  /home/dator2/Documents/clean_fw_folder/antsdr-fw-patch/plutosdr-fw/hdl/projects/e200/e200.gen/sources_1/bd/system/ip/xilinx/common/up_xfer_cntrl_constr.xdc, line 6).
Applied set_property ASYNC_REG = true for inst/i_tdd/i_up_tdd_cntrl/i_xfer_tdd_counter_values_rx_2/up_xfer_state_m1_i. (constraint file  /home/dator2/Documents/clean_fw_folder/antsdr-fw-patch/plutosdr-fw/hdl/projects/e200/e200.gen/sources_1/bd/system/ip/xilinx/common/up_xfer_cntrl_constr.xdc, line 6).
Applied set_property ASYNC_REG = true for inst/i_tdd/i_up_tdd_cntrl/i_xfer_tdd_counter_values_rx_2/up_xfer_state_m1_reg. (constraint file  /home/dator2/Documents/clean_fw_folder/antsdr-fw-patch/plutosdr-fw/hdl/projects/e200/e200.gen/sources_1/bd/system/ip/xilinx/common/up_xfer_cntrl_constr.xdc, line 6).
Applied set_property ASYNC_REG = true for inst/i_tdd/i_up_tdd_cntrl/i_xfer_tdd_counter_values_rx_2/up_xfer_state_m2_i. (constraint file  /home/dator2/Documents/clean_fw_folder/antsdr-fw-patch/plutosdr-fw/hdl/projects/e200/e200.gen/sources_1/bd/system/ip/xilinx/common/up_xfer_cntrl_constr.xdc, line 6).
Applied set_property ASYNC_REG = true for inst/i_tdd/i_up_tdd_cntrl/i_xfer_tdd_counter_values_rx_2/up_xfer_state_m2_reg. (constraint file  /home/dator2/Documents/clean_fw_folder/antsdr-fw-patch/plutosdr-fw/hdl/projects/e200/e200.gen/sources_1/bd/system/ip/xilinx/common/up_xfer_cntrl_constr.xdc, line 6).
Applied set_property ASYNC_REG = true for inst/i_tdd/i_up_tdd_cntrl/i_xfer_tdd_counter_values_rx_2/up_xfer_state_reg. (constraint file  /home/dator2/Documents/clean_fw_folder/antsdr-fw-patch/plutosdr-fw/hdl/projects/e200/e200.gen/sources_1/bd/system/ip/xilinx/common/up_xfer_cntrl_constr.xdc, line 6).
Applied set_property ASYNC_REG = true for inst/i_tdd/i_up_tdd_cntrl/i_xfer_tdd_counter_values_tx_1/up_xfer_state_i. (constraint file  /home/dator2/Documents/clean_fw_folder/antsdr-fw-patch/plutosdr-fw/hdl/projects/e200/e200.gen/sources_1/bd/system/ip/xilinx/common/up_xfer_cntrl_constr.xdc, line 6).
Applied set_property ASYNC_REG = true for inst/i_tdd/i_up_tdd_cntrl/i_xfer_tdd_counter_values_tx_1/up_xfer_state_m1_i. (constraint file  /home/dator2/Documents/clean_fw_folder/antsdr-fw-patch/plutosdr-fw/hdl/projects/e200/e200.gen/sources_1/bd/system/ip/xilinx/common/up_xfer_cntrl_constr.xdc, line 6).
Applied set_property ASYNC_REG = true for inst/i_tdd/i_up_tdd_cntrl/i_xfer_tdd_counter_values_tx_1/up_xfer_state_m1_reg. (constraint file  /home/dator2/Documents/clean_fw_folder/antsdr-fw-patch/plutosdr-fw/hdl/projects/e200/e200.gen/sources_1/bd/system/ip/xilinx/common/up_xfer_cntrl_constr.xdc, line 6).
Applied set_property ASYNC_REG = true for inst/i_tdd/i_up_tdd_cntrl/i_xfer_tdd_counter_values_tx_1/up_xfer_state_m2_i. (constraint file  /home/dator2/Documents/clean_fw_folder/antsdr-fw-patch/plutosdr-fw/hdl/projects/e200/e200.gen/sources_1/bd/system/ip/xilinx/common/up_xfer_cntrl_constr.xdc, line 6).
Applied set_property ASYNC_REG = true for inst/i_tdd/i_up_tdd_cntrl/i_xfer_tdd_counter_values_tx_1/up_xfer_state_m2_reg. (constraint file  /home/dator2/Documents/clean_fw_folder/antsdr-fw-patch/plutosdr-fw/hdl/projects/e200/e200.gen/sources_1/bd/system/ip/xilinx/common/up_xfer_cntrl_constr.xdc, line 6).
Applied set_property ASYNC_REG = true for inst/i_tdd/i_up_tdd_cntrl/i_xfer_tdd_counter_values_tx_1/up_xfer_state_reg. (constraint file  /home/dator2/Documents/clean_fw_folder/antsdr-fw-patch/plutosdr-fw/hdl/projects/e200/e200.gen/sources_1/bd/system/ip/xilinx/common/up_xfer_cntrl_constr.xdc, line 6).
Applied set_property ASYNC_REG = true for inst/i_tdd/i_up_tdd_cntrl/i_xfer_tdd_counter_values_tx_2/up_xfer_state_i. (constraint file  /home/dator2/Documents/clean_fw_folder/antsdr-fw-patch/plutosdr-fw/hdl/projects/e200/e200.gen/sources_1/bd/system/ip/xilinx/common/up_xfer_cntrl_constr.xdc, line 6).
Applied set_property ASYNC_REG = true for inst/i_tdd/i_up_tdd_cntrl/i_xfer_tdd_counter_values_tx_2/up_xfer_state_m1_i. (constraint file  /home/dator2/Documents/clean_fw_folder/antsdr-fw-patch/plutosdr-fw/hdl/projects/e200/e200.gen/sources_1/bd/system/ip/xilinx/common/up_xfer_cntrl_constr.xdc, line 6).
Applied set_property ASYNC_REG = true for inst/i_tdd/i_up_tdd_cntrl/i_xfer_tdd_counter_values_tx_2/up_xfer_state_m1_reg. (constraint file  /home/dator2/Documents/clean_fw_folder/antsdr-fw-patch/plutosdr-fw/hdl/projects/e200/e200.gen/sources_1/bd/system/ip/xilinx/common/up_xfer_cntrl_constr.xdc, line 6).
Applied set_property ASYNC_REG = true for inst/i_tdd/i_up_tdd_cntrl/i_xfer_tdd_counter_values_tx_2/up_xfer_state_m2_i. (constraint file  /home/dator2/Documents/clean_fw_folder/antsdr-fw-patch/plutosdr-fw/hdl/projects/e200/e200.gen/sources_1/bd/system/ip/xilinx/common/up_xfer_cntrl_constr.xdc, line 6).
Applied set_property ASYNC_REG = true for inst/i_tdd/i_up_tdd_cntrl/i_xfer_tdd_counter_values_tx_2/up_xfer_state_m2_reg. (constraint file  /home/dator2/Documents/clean_fw_folder/antsdr-fw-patch/plutosdr-fw/hdl/projects/e200/e200.gen/sources_1/bd/system/ip/xilinx/common/up_xfer_cntrl_constr.xdc, line 6).
Applied set_property ASYNC_REG = true for inst/i_tdd/i_up_tdd_cntrl/i_xfer_tdd_counter_values_tx_2/up_xfer_state_reg. (constraint file  /home/dator2/Documents/clean_fw_folder/antsdr-fw-patch/plutosdr-fw/hdl/projects/e200/e200.gen/sources_1/bd/system/ip/xilinx/common/up_xfer_cntrl_constr.xdc, line 6).
Applied set_property ASYNC_REG = true for inst/i_tx/i_tx_channel_0/i_up_dac_channel/i_xfer_cntrl/up_xfer_state_i. (constraint file  /home/dator2/Documents/clean_fw_folder/antsdr-fw-patch/plutosdr-fw/hdl/projects/e200/e200.gen/sources_1/bd/system/ip/xilinx/common/up_xfer_cntrl_constr.xdc, line 6).
Applied set_property ASYNC_REG = true for inst/i_tx/i_tx_channel_0/i_up_dac_channel/i_xfer_cntrl/up_xfer_state_m1_i. (constraint file  /home/dator2/Documents/clean_fw_folder/antsdr-fw-patch/plutosdr-fw/hdl/projects/e200/e200.gen/sources_1/bd/system/ip/xilinx/common/up_xfer_cntrl_constr.xdc, line 6).
Applied set_property ASYNC_REG = true for inst/i_tx/i_tx_channel_0/i_up_dac_channel/i_xfer_cntrl/up_xfer_state_m1_reg. (constraint file  /home/dator2/Documents/clean_fw_folder/antsdr-fw-patch/plutosdr-fw/hdl/projects/e200/e200.gen/sources_1/bd/system/ip/xilinx/common/up_xfer_cntrl_constr.xdc, line 6).
Applied set_property ASYNC_REG = true for inst/i_tx/i_tx_channel_0/i_up_dac_channel/i_xfer_cntrl/up_xfer_state_m2_i. (constraint file  /home/dator2/Documents/clean_fw_folder/antsdr-fw-patch/plutosdr-fw/hdl/projects/e200/e200.gen/sources_1/bd/system/ip/xilinx/common/up_xfer_cntrl_constr.xdc, line 6).
Applied set_property ASYNC_REG = true for inst/i_tx/i_tx_channel_0/i_up_dac_channel/i_xfer_cntrl/up_xfer_state_m2_reg. (constraint file  /home/dator2/Documents/clean_fw_folder/antsdr-fw-patch/plutosdr-fw/hdl/projects/e200/e200.gen/sources_1/bd/system/ip/xilinx/common/up_xfer_cntrl_constr.xdc, line 6).
Applied set_property ASYNC_REG = true for inst/i_tx/i_tx_channel_0/i_up_dac_channel/i_xfer_cntrl/up_xfer_state_reg. (constraint file  /home/dator2/Documents/clean_fw_folder/antsdr-fw-patch/plutosdr-fw/hdl/projects/e200/e200.gen/sources_1/bd/system/ip/xilinx/common/up_xfer_cntrl_constr.xdc, line 6).
Applied set_property ASYNC_REG = true for inst/i_tx/i_tx_channel_1/i_up_dac_channel/i_xfer_cntrl/up_xfer_state_i. (constraint file  /home/dator2/Documents/clean_fw_folder/antsdr-fw-patch/plutosdr-fw/hdl/projects/e200/e200.gen/sources_1/bd/system/ip/xilinx/common/up_xfer_cntrl_constr.xdc, line 6).
Applied set_property ASYNC_REG = true for inst/i_tx/i_tx_channel_1/i_up_dac_channel/i_xfer_cntrl/up_xfer_state_m1_i. (constraint file  /home/dator2/Documents/clean_fw_folder/antsdr-fw-patch/plutosdr-fw/hdl/projects/e200/e200.gen/sources_1/bd/system/ip/xilinx/common/up_xfer_cntrl_constr.xdc, line 6).
Applied set_property ASYNC_REG = true for inst/i_tx/i_tx_channel_1/i_up_dac_channel/i_xfer_cntrl/up_xfer_state_m1_reg. (constraint file  /home/dator2/Documents/clean_fw_folder/antsdr-fw-patch/plutosdr-fw/hdl/projects/e200/e200.gen/sources_1/bd/system/ip/xilinx/common/up_xfer_cntrl_constr.xdc, line 6).
Applied set_property ASYNC_REG = true for inst/i_tx/i_tx_channel_1/i_up_dac_channel/i_xfer_cntrl/up_xfer_state_m2_i. (constraint file  /home/dator2/Documents/clean_fw_folder/antsdr-fw-patch/plutosdr-fw/hdl/projects/e200/e200.gen/sources_1/bd/system/ip/xilinx/common/up_xfer_cntrl_constr.xdc, line 6).
Applied set_property ASYNC_REG = true for inst/i_tx/i_tx_channel_1/i_up_dac_channel/i_xfer_cntrl/up_xfer_state_m2_reg. (constraint file  /home/dator2/Documents/clean_fw_folder/antsdr-fw-patch/plutosdr-fw/hdl/projects/e200/e200.gen/sources_1/bd/system/ip/xilinx/common/up_xfer_cntrl_constr.xdc, line 6).
Applied set_property ASYNC_REG = true for inst/i_tx/i_tx_channel_1/i_up_dac_channel/i_xfer_cntrl/up_xfer_state_reg. (constraint file  /home/dator2/Documents/clean_fw_folder/antsdr-fw-patch/plutosdr-fw/hdl/projects/e200/e200.gen/sources_1/bd/system/ip/xilinx/common/up_xfer_cntrl_constr.xdc, line 6).
Applied set_property ASYNC_REG = true for inst/i_tx/i_tx_channel_2/i_up_dac_channel/i_xfer_cntrl/up_xfer_state_i. (constraint file  /home/dator2/Documents/clean_fw_folder/antsdr-fw-patch/plutosdr-fw/hdl/projects/e200/e200.gen/sources_1/bd/system/ip/xilinx/common/up_xfer_cntrl_constr.xdc, line 6).
Applied set_property ASYNC_REG = true for inst/i_tx/i_tx_channel_2/i_up_dac_channel/i_xfer_cntrl/up_xfer_state_m1_i. (constraint file  /home/dator2/Documents/clean_fw_folder/antsdr-fw-patch/plutosdr-fw/hdl/projects/e200/e200.gen/sources_1/bd/system/ip/xilinx/common/up_xfer_cntrl_constr.xdc, line 6).
Applied set_property ASYNC_REG = true for inst/i_tx/i_tx_channel_2/i_up_dac_channel/i_xfer_cntrl/up_xfer_state_m1_reg. (constraint file  /home/dator2/Documents/clean_fw_folder/antsdr-fw-patch/plutosdr-fw/hdl/projects/e200/e200.gen/sources_1/bd/system/ip/xilinx/common/up_xfer_cntrl_constr.xdc, line 6).
Applied set_property ASYNC_REG = true for inst/i_tx/i_tx_channel_2/i_up_dac_channel/i_xfer_cntrl/up_xfer_state_m2_i. (constraint file  /home/dator2/Documents/clean_fw_folder/antsdr-fw-patch/plutosdr-fw/hdl/projects/e200/e200.gen/sources_1/bd/system/ip/xilinx/common/up_xfer_cntrl_constr.xdc, line 6).
Applied set_property ASYNC_REG = true for inst/i_tx/i_tx_channel_2/i_up_dac_channel/i_xfer_cntrl/up_xfer_state_m2_reg. (constraint file  /home/dator2/Documents/clean_fw_folder/antsdr-fw-patch/plutosdr-fw/hdl/projects/e200/e200.gen/sources_1/bd/system/ip/xilinx/common/up_xfer_cntrl_constr.xdc, line 6).
Applied set_property ASYNC_REG = true for inst/i_tx/i_tx_channel_2/i_up_dac_channel/i_xfer_cntrl/up_xfer_state_reg. (constraint file  /home/dator2/Documents/clean_fw_folder/antsdr-fw-patch/plutosdr-fw/hdl/projects/e200/e200.gen/sources_1/bd/system/ip/xilinx/common/up_xfer_cntrl_constr.xdc, line 6).
Applied set_property ASYNC_REG = true for inst/i_tx/i_tx_channel_3/i_up_dac_channel/i_xfer_cntrl/up_xfer_state_i. (constraint file  /home/dator2/Documents/clean_fw_folder/antsdr-fw-patch/plutosdr-fw/hdl/projects/e200/e200.gen/sources_1/bd/system/ip/xilinx/common/up_xfer_cntrl_constr.xdc, line 6).
Applied set_property ASYNC_REG = true for inst/i_tx/i_tx_channel_3/i_up_dac_channel/i_xfer_cntrl/up_xfer_state_m1_i. (constraint file  /home/dator2/Documents/clean_fw_folder/antsdr-fw-patch/plutosdr-fw/hdl/projects/e200/e200.gen/sources_1/bd/system/ip/xilinx/common/up_xfer_cntrl_constr.xdc, line 6).
Applied set_property ASYNC_REG = true for inst/i_tx/i_tx_channel_3/i_up_dac_channel/i_xfer_cntrl/up_xfer_state_m1_reg. (constraint file  /home/dator2/Documents/clean_fw_folder/antsdr-fw-patch/plutosdr-fw/hdl/projects/e200/e200.gen/sources_1/bd/system/ip/xilinx/common/up_xfer_cntrl_constr.xdc, line 6).
Applied set_property ASYNC_REG = true for inst/i_tx/i_tx_channel_3/i_up_dac_channel/i_xfer_cntrl/up_xfer_state_m2_i. (constraint file  /home/dator2/Documents/clean_fw_folder/antsdr-fw-patch/plutosdr-fw/hdl/projects/e200/e200.gen/sources_1/bd/system/ip/xilinx/common/up_xfer_cntrl_constr.xdc, line 6).
Applied set_property ASYNC_REG = true for inst/i_tx/i_tx_channel_3/i_up_dac_channel/i_xfer_cntrl/up_xfer_state_m2_reg. (constraint file  /home/dator2/Documents/clean_fw_folder/antsdr-fw-patch/plutosdr-fw/hdl/projects/e200/e200.gen/sources_1/bd/system/ip/xilinx/common/up_xfer_cntrl_constr.xdc, line 6).
Applied set_property ASYNC_REG = true for inst/i_tx/i_tx_channel_3/i_up_dac_channel/i_xfer_cntrl/up_xfer_state_reg. (constraint file  /home/dator2/Documents/clean_fw_folder/antsdr-fw-patch/plutosdr-fw/hdl/projects/e200/e200.gen/sources_1/bd/system/ip/xilinx/common/up_xfer_cntrl_constr.xdc, line 6).
Applied set_property ASYNC_REG = true for inst/i_tx/i_up_dac_common/i_xfer_cntrl/up_xfer_state_i. (constraint file  /home/dator2/Documents/clean_fw_folder/antsdr-fw-patch/plutosdr-fw/hdl/projects/e200/e200.gen/sources_1/bd/system/ip/xilinx/common/up_xfer_cntrl_constr.xdc, line 6).
Applied set_property ASYNC_REG = true for inst/i_tx/i_up_dac_common/i_xfer_cntrl/up_xfer_state_m1_i. (constraint file  /home/dator2/Documents/clean_fw_folder/antsdr-fw-patch/plutosdr-fw/hdl/projects/e200/e200.gen/sources_1/bd/system/ip/xilinx/common/up_xfer_cntrl_constr.xdc, line 6).
Applied set_property ASYNC_REG = true for inst/i_tx/i_up_dac_common/i_xfer_cntrl/up_xfer_state_m1_reg. (constraint file  /home/dator2/Documents/clean_fw_folder/antsdr-fw-patch/plutosdr-fw/hdl/projects/e200/e200.gen/sources_1/bd/system/ip/xilinx/common/up_xfer_cntrl_constr.xdc, line 6).
Applied set_property ASYNC_REG = true for inst/i_tx/i_up_dac_common/i_xfer_cntrl/up_xfer_state_m2_i. (constraint file  /home/dator2/Documents/clean_fw_folder/antsdr-fw-patch/plutosdr-fw/hdl/projects/e200/e200.gen/sources_1/bd/system/ip/xilinx/common/up_xfer_cntrl_constr.xdc, line 6).
Applied set_property ASYNC_REG = true for inst/i_tx/i_up_dac_common/i_xfer_cntrl/up_xfer_state_m2_reg. (constraint file  /home/dator2/Documents/clean_fw_folder/antsdr-fw-patch/plutosdr-fw/hdl/projects/e200/e200.gen/sources_1/bd/system/ip/xilinx/common/up_xfer_cntrl_constr.xdc, line 6).
Applied set_property ASYNC_REG = true for inst/i_tx/i_up_dac_common/i_xfer_cntrl/up_xfer_state_reg. (constraint file  /home/dator2/Documents/clean_fw_folder/antsdr-fw-patch/plutosdr-fw/hdl/projects/e200/e200.gen/sources_1/bd/system/ip/xilinx/common/up_xfer_cntrl_constr.xdc, line 6).
Applied set_property ASYNC_REG = true for inst/i_rx/i_rx_channel_0/i_up_adc_channel/i_xfer_cntrl/d_xfer_toggle_m1_reg. (constraint file  /home/dator2/Documents/clean_fw_folder/antsdr-fw-patch/plutosdr-fw/hdl/projects/e200/e200.gen/sources_1/bd/system/ip/xilinx/common/up_xfer_cntrl_constr.xdc, line 7).
Applied set_property ASYNC_REG = true for inst/i_rx/i_rx_channel_0/i_up_adc_channel/i_xfer_cntrl/d_xfer_toggle_m2_reg. (constraint file  /home/dator2/Documents/clean_fw_folder/antsdr-fw-patch/plutosdr-fw/hdl/projects/e200/e200.gen/sources_1/bd/system/ip/xilinx/common/up_xfer_cntrl_constr.xdc, line 7).
Applied set_property ASYNC_REG = true for inst/i_rx/i_rx_channel_0/i_up_adc_channel/i_xfer_cntrl/d_xfer_toggle_m3_reg. (constraint file  /home/dator2/Documents/clean_fw_folder/antsdr-fw-patch/plutosdr-fw/hdl/projects/e200/e200.gen/sources_1/bd/system/ip/xilinx/common/up_xfer_cntrl_constr.xdc, line 7).
Applied set_property ASYNC_REG = true for inst/i_rx/i_rx_channel_1/i_up_adc_channel/i_xfer_cntrl/d_xfer_toggle_m1_reg. (constraint file  /home/dator2/Documents/clean_fw_folder/antsdr-fw-patch/plutosdr-fw/hdl/projects/e200/e200.gen/sources_1/bd/system/ip/xilinx/common/up_xfer_cntrl_constr.xdc, line 7).
Applied set_property ASYNC_REG = true for inst/i_rx/i_rx_channel_1/i_up_adc_channel/i_xfer_cntrl/d_xfer_toggle_m2_reg. (constraint file  /home/dator2/Documents/clean_fw_folder/antsdr-fw-patch/plutosdr-fw/hdl/projects/e200/e200.gen/sources_1/bd/system/ip/xilinx/common/up_xfer_cntrl_constr.xdc, line 7).
Applied set_property ASYNC_REG = true for inst/i_rx/i_rx_channel_1/i_up_adc_channel/i_xfer_cntrl/d_xfer_toggle_m3_reg. (constraint file  /home/dator2/Documents/clean_fw_folder/antsdr-fw-patch/plutosdr-fw/hdl/projects/e200/e200.gen/sources_1/bd/system/ip/xilinx/common/up_xfer_cntrl_constr.xdc, line 7).
Applied set_property ASYNC_REG = true for inst/i_rx/i_rx_channel_2/i_up_adc_channel/i_xfer_cntrl/d_xfer_toggle_m1_reg. (constraint file  /home/dator2/Documents/clean_fw_folder/antsdr-fw-patch/plutosdr-fw/hdl/projects/e200/e200.gen/sources_1/bd/system/ip/xilinx/common/up_xfer_cntrl_constr.xdc, line 7).
Applied set_property ASYNC_REG = true for inst/i_rx/i_rx_channel_2/i_up_adc_channel/i_xfer_cntrl/d_xfer_toggle_m2_reg. (constraint file  /home/dator2/Documents/clean_fw_folder/antsdr-fw-patch/plutosdr-fw/hdl/projects/e200/e200.gen/sources_1/bd/system/ip/xilinx/common/up_xfer_cntrl_constr.xdc, line 7).
Applied set_property ASYNC_REG = true for inst/i_rx/i_rx_channel_2/i_up_adc_channel/i_xfer_cntrl/d_xfer_toggle_m3_reg. (constraint file  /home/dator2/Documents/clean_fw_folder/antsdr-fw-patch/plutosdr-fw/hdl/projects/e200/e200.gen/sources_1/bd/system/ip/xilinx/common/up_xfer_cntrl_constr.xdc, line 7).
Applied set_property ASYNC_REG = true for inst/i_rx/i_rx_channel_3/i_up_adc_channel/i_xfer_cntrl/d_xfer_toggle_m1_reg. (constraint file  /home/dator2/Documents/clean_fw_folder/antsdr-fw-patch/plutosdr-fw/hdl/projects/e200/e200.gen/sources_1/bd/system/ip/xilinx/common/up_xfer_cntrl_constr.xdc, line 7).
Applied set_property ASYNC_REG = true for inst/i_rx/i_rx_channel_3/i_up_adc_channel/i_xfer_cntrl/d_xfer_toggle_m2_reg. (constraint file  /home/dator2/Documents/clean_fw_folder/antsdr-fw-patch/plutosdr-fw/hdl/projects/e200/e200.gen/sources_1/bd/system/ip/xilinx/common/up_xfer_cntrl_constr.xdc, line 7).
Applied set_property ASYNC_REG = true for inst/i_rx/i_rx_channel_3/i_up_adc_channel/i_xfer_cntrl/d_xfer_toggle_m3_reg. (constraint file  /home/dator2/Documents/clean_fw_folder/antsdr-fw-patch/plutosdr-fw/hdl/projects/e200/e200.gen/sources_1/bd/system/ip/xilinx/common/up_xfer_cntrl_constr.xdc, line 7).
Applied set_property ASYNC_REG = true for inst/i_rx/i_up_adc_common/i_xfer_cntrl/d_xfer_toggle_m1_reg. (constraint file  /home/dator2/Documents/clean_fw_folder/antsdr-fw-patch/plutosdr-fw/hdl/projects/e200/e200.gen/sources_1/bd/system/ip/xilinx/common/up_xfer_cntrl_constr.xdc, line 7).
Applied set_property ASYNC_REG = true for inst/i_rx/i_up_adc_common/i_xfer_cntrl/d_xfer_toggle_m2_reg. (constraint file  /home/dator2/Documents/clean_fw_folder/antsdr-fw-patch/plutosdr-fw/hdl/projects/e200/e200.gen/sources_1/bd/system/ip/xilinx/common/up_xfer_cntrl_constr.xdc, line 7).
Applied set_property ASYNC_REG = true for inst/i_rx/i_up_adc_common/i_xfer_cntrl/d_xfer_toggle_m3_reg. (constraint file  /home/dator2/Documents/clean_fw_folder/antsdr-fw-patch/plutosdr-fw/hdl/projects/e200/e200.gen/sources_1/bd/system/ip/xilinx/common/up_xfer_cntrl_constr.xdc, line 7).
Applied set_property ASYNC_REG = true for inst/i_tdd/i_up_tdd_cntrl/i_xfer_tdd_control/d_xfer_toggle_m1_reg. (constraint file  /home/dator2/Documents/clean_fw_folder/antsdr-fw-patch/plutosdr-fw/hdl/projects/e200/e200.gen/sources_1/bd/system/ip/xilinx/common/up_xfer_cntrl_constr.xdc, line 7).
Applied set_property ASYNC_REG = true for inst/i_tdd/i_up_tdd_cntrl/i_xfer_tdd_control/d_xfer_toggle_m2_reg. (constraint file  /home/dator2/Documents/clean_fw_folder/antsdr-fw-patch/plutosdr-fw/hdl/projects/e200/e200.gen/sources_1/bd/system/ip/xilinx/common/up_xfer_cntrl_constr.xdc, line 7).
Applied set_property ASYNC_REG = true for inst/i_tdd/i_up_tdd_cntrl/i_xfer_tdd_control/d_xfer_toggle_m3_reg. (constraint file  /home/dator2/Documents/clean_fw_folder/antsdr-fw-patch/plutosdr-fw/hdl/projects/e200/e200.gen/sources_1/bd/system/ip/xilinx/common/up_xfer_cntrl_constr.xdc, line 7).
Applied set_property ASYNC_REG = true for inst/i_tdd/i_up_tdd_cntrl/i_xfer_tdd_counter_values_rx_1/d_xfer_toggle_m1_reg. (constraint file  /home/dator2/Documents/clean_fw_folder/antsdr-fw-patch/plutosdr-fw/hdl/projects/e200/e200.gen/sources_1/bd/system/ip/xilinx/common/up_xfer_cntrl_constr.xdc, line 7).
Applied set_property ASYNC_REG = true for inst/i_tdd/i_up_tdd_cntrl/i_xfer_tdd_counter_values_rx_1/d_xfer_toggle_m2_reg. (constraint file  /home/dator2/Documents/clean_fw_folder/antsdr-fw-patch/plutosdr-fw/hdl/projects/e200/e200.gen/sources_1/bd/system/ip/xilinx/common/up_xfer_cntrl_constr.xdc, line 7).
Applied set_property ASYNC_REG = true for inst/i_tdd/i_up_tdd_cntrl/i_xfer_tdd_counter_values_rx_1/d_xfer_toggle_m3_reg. (constraint file  /home/dator2/Documents/clean_fw_folder/antsdr-fw-patch/plutosdr-fw/hdl/projects/e200/e200.gen/sources_1/bd/system/ip/xilinx/common/up_xfer_cntrl_constr.xdc, line 7).
Applied set_property ASYNC_REG = true for inst/i_tdd/i_up_tdd_cntrl/i_xfer_tdd_counter_values_rx_2/d_xfer_toggle_m1_reg. (constraint file  /home/dator2/Documents/clean_fw_folder/antsdr-fw-patch/plutosdr-fw/hdl/projects/e200/e200.gen/sources_1/bd/system/ip/xilinx/common/up_xfer_cntrl_constr.xdc, line 7).
Applied set_property ASYNC_REG = true for inst/i_tdd/i_up_tdd_cntrl/i_xfer_tdd_counter_values_rx_2/d_xfer_toggle_m2_reg. (constraint file  /home/dator2/Documents/clean_fw_folder/antsdr-fw-patch/plutosdr-fw/hdl/projects/e200/e200.gen/sources_1/bd/system/ip/xilinx/common/up_xfer_cntrl_constr.xdc, line 7).
Applied set_property ASYNC_REG = true for inst/i_tdd/i_up_tdd_cntrl/i_xfer_tdd_counter_values_rx_2/d_xfer_toggle_m3_reg. (constraint file  /home/dator2/Documents/clean_fw_folder/antsdr-fw-patch/plutosdr-fw/hdl/projects/e200/e200.gen/sources_1/bd/system/ip/xilinx/common/up_xfer_cntrl_constr.xdc, line 7).
Applied set_property ASYNC_REG = true for inst/i_tdd/i_up_tdd_cntrl/i_xfer_tdd_counter_values_tx_1/d_xfer_toggle_m1_reg. (constraint file  /home/dator2/Documents/clean_fw_folder/antsdr-fw-patch/plutosdr-fw/hdl/projects/e200/e200.gen/sources_1/bd/system/ip/xilinx/common/up_xfer_cntrl_constr.xdc, line 7).
Applied set_property ASYNC_REG = true for inst/i_tdd/i_up_tdd_cntrl/i_xfer_tdd_counter_values_tx_1/d_xfer_toggle_m2_reg. (constraint file  /home/dator2/Documents/clean_fw_folder/antsdr-fw-patch/plutosdr-fw/hdl/projects/e200/e200.gen/sources_1/bd/system/ip/xilinx/common/up_xfer_cntrl_constr.xdc, line 7).
Applied set_property ASYNC_REG = true for inst/i_tdd/i_up_tdd_cntrl/i_xfer_tdd_counter_values_tx_1/d_xfer_toggle_m3_reg. (constraint file  /home/dator2/Documents/clean_fw_folder/antsdr-fw-patch/plutosdr-fw/hdl/projects/e200/e200.gen/sources_1/bd/system/ip/xilinx/common/up_xfer_cntrl_constr.xdc, line 7).
Applied set_property ASYNC_REG = true for inst/i_tdd/i_up_tdd_cntrl/i_xfer_tdd_counter_values_tx_2/d_xfer_toggle_m1_reg. (constraint file  /home/dator2/Documents/clean_fw_folder/antsdr-fw-patch/plutosdr-fw/hdl/projects/e200/e200.gen/sources_1/bd/system/ip/xilinx/common/up_xfer_cntrl_constr.xdc, line 7).
Applied set_property ASYNC_REG = true for inst/i_tdd/i_up_tdd_cntrl/i_xfer_tdd_counter_values_tx_2/d_xfer_toggle_m2_reg. (constraint file  /home/dator2/Documents/clean_fw_folder/antsdr-fw-patch/plutosdr-fw/hdl/projects/e200/e200.gen/sources_1/bd/system/ip/xilinx/common/up_xfer_cntrl_constr.xdc, line 7).
Applied set_property ASYNC_REG = true for inst/i_tdd/i_up_tdd_cntrl/i_xfer_tdd_counter_values_tx_2/d_xfer_toggle_m3_reg. (constraint file  /home/dator2/Documents/clean_fw_folder/antsdr-fw-patch/plutosdr-fw/hdl/projects/e200/e200.gen/sources_1/bd/system/ip/xilinx/common/up_xfer_cntrl_constr.xdc, line 7).
Applied set_property ASYNC_REG = true for inst/i_tx/i_tx_channel_0/i_up_dac_channel/i_xfer_cntrl/d_xfer_toggle_m1_reg. (constraint file  /home/dator2/Documents/clean_fw_folder/antsdr-fw-patch/plutosdr-fw/hdl/projects/e200/e200.gen/sources_1/bd/system/ip/xilinx/common/up_xfer_cntrl_constr.xdc, line 7).
Applied set_property ASYNC_REG = true for inst/i_tx/i_tx_channel_0/i_up_dac_channel/i_xfer_cntrl/d_xfer_toggle_m2_reg. (constraint file  /home/dator2/Documents/clean_fw_folder/antsdr-fw-patch/plutosdr-fw/hdl/projects/e200/e200.gen/sources_1/bd/system/ip/xilinx/common/up_xfer_cntrl_constr.xdc, line 7).
Applied set_property ASYNC_REG = true for inst/i_tx/i_tx_channel_0/i_up_dac_channel/i_xfer_cntrl/d_xfer_toggle_m3_reg. (constraint file  /home/dator2/Documents/clean_fw_folder/antsdr-fw-patch/plutosdr-fw/hdl/projects/e200/e200.gen/sources_1/bd/system/ip/xilinx/common/up_xfer_cntrl_constr.xdc, line 7).
Applied set_property ASYNC_REG = true for inst/i_tx/i_tx_channel_1/i_up_dac_channel/i_xfer_cntrl/d_xfer_toggle_m1_reg. (constraint file  /home/dator2/Documents/clean_fw_folder/antsdr-fw-patch/plutosdr-fw/hdl/projects/e200/e200.gen/sources_1/bd/system/ip/xilinx/common/up_xfer_cntrl_constr.xdc, line 7).
Applied set_property ASYNC_REG = true for inst/i_tx/i_tx_channel_1/i_up_dac_channel/i_xfer_cntrl/d_xfer_toggle_m2_reg. (constraint file  /home/dator2/Documents/clean_fw_folder/antsdr-fw-patch/plutosdr-fw/hdl/projects/e200/e200.gen/sources_1/bd/system/ip/xilinx/common/up_xfer_cntrl_constr.xdc, line 7).
Applied set_property ASYNC_REG = true for inst/i_tx/i_tx_channel_1/i_up_dac_channel/i_xfer_cntrl/d_xfer_toggle_m3_reg. (constraint file  /home/dator2/Documents/clean_fw_folder/antsdr-fw-patch/plutosdr-fw/hdl/projects/e200/e200.gen/sources_1/bd/system/ip/xilinx/common/up_xfer_cntrl_constr.xdc, line 7).
Applied set_property ASYNC_REG = true for inst/i_tx/i_tx_channel_2/i_up_dac_channel/i_xfer_cntrl/d_xfer_toggle_m1_reg. (constraint file  /home/dator2/Documents/clean_fw_folder/antsdr-fw-patch/plutosdr-fw/hdl/projects/e200/e200.gen/sources_1/bd/system/ip/xilinx/common/up_xfer_cntrl_constr.xdc, line 7).
Applied set_property ASYNC_REG = true for inst/i_tx/i_tx_channel_2/i_up_dac_channel/i_xfer_cntrl/d_xfer_toggle_m2_reg. (constraint file  /home/dator2/Documents/clean_fw_folder/antsdr-fw-patch/plutosdr-fw/hdl/projects/e200/e200.gen/sources_1/bd/system/ip/xilinx/common/up_xfer_cntrl_constr.xdc, line 7).
Applied set_property ASYNC_REG = true for inst/i_tx/i_tx_channel_2/i_up_dac_channel/i_xfer_cntrl/d_xfer_toggle_m3_reg. (constraint file  /home/dator2/Documents/clean_fw_folder/antsdr-fw-patch/plutosdr-fw/hdl/projects/e200/e200.gen/sources_1/bd/system/ip/xilinx/common/up_xfer_cntrl_constr.xdc, line 7).
Applied set_property ASYNC_REG = true for inst/i_tx/i_tx_channel_3/i_up_dac_channel/i_xfer_cntrl/d_xfer_toggle_m1_reg. (constraint file  /home/dator2/Documents/clean_fw_folder/antsdr-fw-patch/plutosdr-fw/hdl/projects/e200/e200.gen/sources_1/bd/system/ip/xilinx/common/up_xfer_cntrl_constr.xdc, line 7).
Applied set_property ASYNC_REG = true for inst/i_tx/i_tx_channel_3/i_up_dac_channel/i_xfer_cntrl/d_xfer_toggle_m2_reg. (constraint file  /home/dator2/Documents/clean_fw_folder/antsdr-fw-patch/plutosdr-fw/hdl/projects/e200/e200.gen/sources_1/bd/system/ip/xilinx/common/up_xfer_cntrl_constr.xdc, line 7).
Applied set_property ASYNC_REG = true for inst/i_tx/i_tx_channel_3/i_up_dac_channel/i_xfer_cntrl/d_xfer_toggle_m3_reg. (constraint file  /home/dator2/Documents/clean_fw_folder/antsdr-fw-patch/plutosdr-fw/hdl/projects/e200/e200.gen/sources_1/bd/system/ip/xilinx/common/up_xfer_cntrl_constr.xdc, line 7).
Applied set_property ASYNC_REG = true for inst/i_tx/i_up_dac_common/i_xfer_cntrl/d_xfer_toggle_m1_reg. (constraint file  /home/dator2/Documents/clean_fw_folder/antsdr-fw-patch/plutosdr-fw/hdl/projects/e200/e200.gen/sources_1/bd/system/ip/xilinx/common/up_xfer_cntrl_constr.xdc, line 7).
Applied set_property ASYNC_REG = true for inst/i_tx/i_up_dac_common/i_xfer_cntrl/d_xfer_toggle_m2_reg. (constraint file  /home/dator2/Documents/clean_fw_folder/antsdr-fw-patch/plutosdr-fw/hdl/projects/e200/e200.gen/sources_1/bd/system/ip/xilinx/common/up_xfer_cntrl_constr.xdc, line 7).
Applied set_property ASYNC_REG = true for inst/i_tx/i_up_dac_common/i_xfer_cntrl/d_xfer_toggle_m3_reg. (constraint file  /home/dator2/Documents/clean_fw_folder/antsdr-fw-patch/plutosdr-fw/hdl/projects/e200/e200.gen/sources_1/bd/system/ip/xilinx/common/up_xfer_cntrl_constr.xdc, line 7).
Applied set_property ASYNC_REG = true for inst/i_rx/i_delay_cntrl/i_delay_rst_reg/rst_async_d1_reg. (constraint file  /home/dator2/Documents/clean_fw_folder/antsdr-fw-patch/plutosdr-fw/hdl/projects/e200/e200.gen/sources_1/bd/system/ip/xilinx/common/ad_rst_constr.xdc, line 9).
Applied set_property ASYNC_REG = true for inst/i_rx/i_delay_cntrl/i_delay_rst_reg/rst_async_d2_reg. (constraint file  /home/dator2/Documents/clean_fw_folder/antsdr-fw-patch/plutosdr-fw/hdl/projects/e200/e200.gen/sources_1/bd/system/ip/xilinx/common/ad_rst_constr.xdc, line 9).
Applied set_property ASYNC_REG = true for inst/i_rx/i_up_adc_common/i_core_rst_reg/rst_async_d1_reg. (constraint file  /home/dator2/Documents/clean_fw_folder/antsdr-fw-patch/plutosdr-fw/hdl/projects/e200/e200.gen/sources_1/bd/system/ip/xilinx/common/ad_rst_constr.xdc, line 9).
Applied set_property ASYNC_REG = true for inst/i_rx/i_up_adc_common/i_core_rst_reg/rst_async_d2_reg. (constraint file  /home/dator2/Documents/clean_fw_folder/antsdr-fw-patch/plutosdr-fw/hdl/projects/e200/e200.gen/sources_1/bd/system/ip/xilinx/common/ad_rst_constr.xdc, line 9).
Applied set_property ASYNC_REG = true for inst/i_rx/i_up_adc_common/i_mmcm_rst_reg/rst_async_d1_reg. (constraint file  /home/dator2/Documents/clean_fw_folder/antsdr-fw-patch/plutosdr-fw/hdl/projects/e200/e200.gen/sources_1/bd/system/ip/xilinx/common/ad_rst_constr.xdc, line 9).
Applied set_property ASYNC_REG = true for inst/i_rx/i_up_adc_common/i_mmcm_rst_reg/rst_async_d2_reg. (constraint file  /home/dator2/Documents/clean_fw_folder/antsdr-fw-patch/plutosdr-fw/hdl/projects/e200/e200.gen/sources_1/bd/system/ip/xilinx/common/ad_rst_constr.xdc, line 9).
Applied set_property ASYNC_REG = true for inst/i_tx/i_up_dac_common/i_core_rst_reg/rst_async_d1_reg. (constraint file  /home/dator2/Documents/clean_fw_folder/antsdr-fw-patch/plutosdr-fw/hdl/projects/e200/e200.gen/sources_1/bd/system/ip/xilinx/common/ad_rst_constr.xdc, line 9).
Applied set_property ASYNC_REG = true for inst/i_tx/i_up_dac_common/i_core_rst_reg/rst_async_d2_reg. (constraint file  /home/dator2/Documents/clean_fw_folder/antsdr-fw-patch/plutosdr-fw/hdl/projects/e200/e200.gen/sources_1/bd/system/ip/xilinx/common/ad_rst_constr.xdc, line 9).
Applied set_property ASYNC_REG = true for inst/i_tx/i_up_dac_common/i_mmcm_rst_reg/rst_async_d1_reg. (constraint file  /home/dator2/Documents/clean_fw_folder/antsdr-fw-patch/plutosdr-fw/hdl/projects/e200/e200.gen/sources_1/bd/system/ip/xilinx/common/ad_rst_constr.xdc, line 9).
Applied set_property ASYNC_REG = true for inst/i_tx/i_up_dac_common/i_mmcm_rst_reg/rst_async_d2_reg. (constraint file  /home/dator2/Documents/clean_fw_folder/antsdr-fw-patch/plutosdr-fw/hdl/projects/e200/e200.gen/sources_1/bd/system/ip/xilinx/common/ad_rst_constr.xdc, line 9).
Applied set_property ASYNC_REG = true for inst/i_rx/i_delay_cntrl/i_delay_rst_reg/rst_sync_reg. (constraint file  /home/dator2/Documents/clean_fw_folder/antsdr-fw-patch/plutosdr-fw/hdl/projects/e200/e200.gen/sources_1/bd/system/ip/xilinx/common/ad_rst_constr.xdc, line 10).
Applied set_property ASYNC_REG = true for inst/i_rx/i_up_adc_common/i_core_rst_reg/rst_sync_reg. (constraint file  /home/dator2/Documents/clean_fw_folder/antsdr-fw-patch/plutosdr-fw/hdl/projects/e200/e200.gen/sources_1/bd/system/ip/xilinx/common/ad_rst_constr.xdc, line 10).
Applied set_property ASYNC_REG = true for inst/i_rx/i_up_adc_common/i_mmcm_rst_reg/rst_sync_reg. (constraint file  /home/dator2/Documents/clean_fw_folder/antsdr-fw-patch/plutosdr-fw/hdl/projects/e200/e200.gen/sources_1/bd/system/ip/xilinx/common/ad_rst_constr.xdc, line 10).
Applied set_property ASYNC_REG = true for inst/i_tx/i_up_dac_common/i_core_rst_reg/rst_sync_reg. (constraint file  /home/dator2/Documents/clean_fw_folder/antsdr-fw-patch/plutosdr-fw/hdl/projects/e200/e200.gen/sources_1/bd/system/ip/xilinx/common/ad_rst_constr.xdc, line 10).
Applied set_property ASYNC_REG = true for inst/i_tx/i_up_dac_common/i_mmcm_rst_reg/rst_sync_reg. (constraint file  /home/dator2/Documents/clean_fw_folder/antsdr-fw-patch/plutosdr-fw/hdl/projects/e200/e200.gen/sources_1/bd/system/ip/xilinx/common/ad_rst_constr.xdc, line 10).
Applied set_property ASYNC_REG = true for inst/i_rx/i_rx_channel_0/i_up_adc_channel/i_xfer_status/d_xfer_state_m1_reg. (constraint file  /home/dator2/Documents/clean_fw_folder/antsdr-fw-patch/plutosdr-fw/hdl/projects/e200/e200.gen/sources_1/bd/system/ip/xilinx/common/up_xfer_status_constr.xdc, line 6).
Applied set_property ASYNC_REG = true for inst/i_rx/i_rx_channel_0/i_up_adc_channel/i_xfer_status/d_xfer_state_m2_reg. (constraint file  /home/dator2/Documents/clean_fw_folder/antsdr-fw-patch/plutosdr-fw/hdl/projects/e200/e200.gen/sources_1/bd/system/ip/xilinx/common/up_xfer_status_constr.xdc, line 6).
Applied set_property ASYNC_REG = true for inst/i_rx/i_rx_channel_0/i_up_adc_channel/i_xfer_status/d_xfer_state_reg. (constraint file  /home/dator2/Documents/clean_fw_folder/antsdr-fw-patch/plutosdr-fw/hdl/projects/e200/e200.gen/sources_1/bd/system/ip/xilinx/common/up_xfer_status_constr.xdc, line 6).
Applied set_property ASYNC_REG = true for inst/i_rx/i_rx_channel_1/i_up_adc_channel/i_xfer_status/d_xfer_state_m1_reg. (constraint file  /home/dator2/Documents/clean_fw_folder/antsdr-fw-patch/plutosdr-fw/hdl/projects/e200/e200.gen/sources_1/bd/system/ip/xilinx/common/up_xfer_status_constr.xdc, line 6).
Applied set_property ASYNC_REG = true for inst/i_rx/i_rx_channel_1/i_up_adc_channel/i_xfer_status/d_xfer_state_m2_reg. (constraint file  /home/dator2/Documents/clean_fw_folder/antsdr-fw-patch/plutosdr-fw/hdl/projects/e200/e200.gen/sources_1/bd/system/ip/xilinx/common/up_xfer_status_constr.xdc, line 6).
Applied set_property ASYNC_REG = true for inst/i_rx/i_rx_channel_1/i_up_adc_channel/i_xfer_status/d_xfer_state_reg. (constraint file  /home/dator2/Documents/clean_fw_folder/antsdr-fw-patch/plutosdr-fw/hdl/projects/e200/e200.gen/sources_1/bd/system/ip/xilinx/common/up_xfer_status_constr.xdc, line 6).
Applied set_property ASYNC_REG = true for inst/i_rx/i_rx_channel_2/i_up_adc_channel/i_xfer_status/d_xfer_state_m1_reg. (constraint file  /home/dator2/Documents/clean_fw_folder/antsdr-fw-patch/plutosdr-fw/hdl/projects/e200/e200.gen/sources_1/bd/system/ip/xilinx/common/up_xfer_status_constr.xdc, line 6).
Applied set_property ASYNC_REG = true for inst/i_rx/i_rx_channel_2/i_up_adc_channel/i_xfer_status/d_xfer_state_m2_reg. (constraint file  /home/dator2/Documents/clean_fw_folder/antsdr-fw-patch/plutosdr-fw/hdl/projects/e200/e200.gen/sources_1/bd/system/ip/xilinx/common/up_xfer_status_constr.xdc, line 6).
Applied set_property ASYNC_REG = true for inst/i_rx/i_rx_channel_2/i_up_adc_channel/i_xfer_status/d_xfer_state_reg. (constraint file  /home/dator2/Documents/clean_fw_folder/antsdr-fw-patch/plutosdr-fw/hdl/projects/e200/e200.gen/sources_1/bd/system/ip/xilinx/common/up_xfer_status_constr.xdc, line 6).
Applied set_property ASYNC_REG = true for inst/i_rx/i_rx_channel_3/i_up_adc_channel/i_xfer_status/d_xfer_state_m1_reg. (constraint file  /home/dator2/Documents/clean_fw_folder/antsdr-fw-patch/plutosdr-fw/hdl/projects/e200/e200.gen/sources_1/bd/system/ip/xilinx/common/up_xfer_status_constr.xdc, line 6).
Applied set_property ASYNC_REG = true for inst/i_rx/i_rx_channel_3/i_up_adc_channel/i_xfer_status/d_xfer_state_m2_reg. (constraint file  /home/dator2/Documents/clean_fw_folder/antsdr-fw-patch/plutosdr-fw/hdl/projects/e200/e200.gen/sources_1/bd/system/ip/xilinx/common/up_xfer_status_constr.xdc, line 6).
Applied set_property ASYNC_REG = true for inst/i_rx/i_rx_channel_3/i_up_adc_channel/i_xfer_status/d_xfer_state_reg. (constraint file  /home/dator2/Documents/clean_fw_folder/antsdr-fw-patch/plutosdr-fw/hdl/projects/e200/e200.gen/sources_1/bd/system/ip/xilinx/common/up_xfer_status_constr.xdc, line 6).
Applied set_property ASYNC_REG = true for inst/i_rx/i_up_adc_common/i_xfer_status/d_xfer_state_m1_reg. (constraint file  /home/dator2/Documents/clean_fw_folder/antsdr-fw-patch/plutosdr-fw/hdl/projects/e200/e200.gen/sources_1/bd/system/ip/xilinx/common/up_xfer_status_constr.xdc, line 6).
Applied set_property ASYNC_REG = true for inst/i_rx/i_up_adc_common/i_xfer_status/d_xfer_state_m2_reg. (constraint file  /home/dator2/Documents/clean_fw_folder/antsdr-fw-patch/plutosdr-fw/hdl/projects/e200/e200.gen/sources_1/bd/system/ip/xilinx/common/up_xfer_status_constr.xdc, line 6).
Applied set_property ASYNC_REG = true for inst/i_rx/i_up_adc_common/i_xfer_status/d_xfer_state_reg. (constraint file  /home/dator2/Documents/clean_fw_folder/antsdr-fw-patch/plutosdr-fw/hdl/projects/e200/e200.gen/sources_1/bd/system/ip/xilinx/common/up_xfer_status_constr.xdc, line 6).
Applied set_property ASYNC_REG = true for inst/i_tdd/i_up_tdd_cntrl/i_xfer_tdd_status/d_xfer_state_m1_reg. (constraint file  /home/dator2/Documents/clean_fw_folder/antsdr-fw-patch/plutosdr-fw/hdl/projects/e200/e200.gen/sources_1/bd/system/ip/xilinx/common/up_xfer_status_constr.xdc, line 6).
Applied set_property ASYNC_REG = true for inst/i_tdd/i_up_tdd_cntrl/i_xfer_tdd_status/d_xfer_state_m2_reg. (constraint file  /home/dator2/Documents/clean_fw_folder/antsdr-fw-patch/plutosdr-fw/hdl/projects/e200/e200.gen/sources_1/bd/system/ip/xilinx/common/up_xfer_status_constr.xdc, line 6).
Applied set_property ASYNC_REG = true for inst/i_tdd/i_up_tdd_cntrl/i_xfer_tdd_status/d_xfer_state_reg. (constraint file  /home/dator2/Documents/clean_fw_folder/antsdr-fw-patch/plutosdr-fw/hdl/projects/e200/e200.gen/sources_1/bd/system/ip/xilinx/common/up_xfer_status_constr.xdc, line 6).
Applied set_property ASYNC_REG = true for inst/i_tx/i_up_dac_common/i_xfer_status/d_xfer_state_m1_reg. (constraint file  /home/dator2/Documents/clean_fw_folder/antsdr-fw-patch/plutosdr-fw/hdl/projects/e200/e200.gen/sources_1/bd/system/ip/xilinx/common/up_xfer_status_constr.xdc, line 6).
Applied set_property ASYNC_REG = true for inst/i_tx/i_up_dac_common/i_xfer_status/d_xfer_state_m2_reg. (constraint file  /home/dator2/Documents/clean_fw_folder/antsdr-fw-patch/plutosdr-fw/hdl/projects/e200/e200.gen/sources_1/bd/system/ip/xilinx/common/up_xfer_status_constr.xdc, line 6).
Applied set_property ASYNC_REG = true for inst/i_tx/i_up_dac_common/i_xfer_status/d_xfer_state_reg. (constraint file  /home/dator2/Documents/clean_fw_folder/antsdr-fw-patch/plutosdr-fw/hdl/projects/e200/e200.gen/sources_1/bd/system/ip/xilinx/common/up_xfer_status_constr.xdc, line 6).
Applied set_property ASYNC_REG = true for inst/i_rx/i_rx_channel_0/i_up_adc_channel/i_xfer_status/up_xfer_toggle_m1_i. (constraint file  /home/dator2/Documents/clean_fw_folder/antsdr-fw-patch/plutosdr-fw/hdl/projects/e200/e200.gen/sources_1/bd/system/ip/xilinx/common/up_xfer_status_constr.xdc, line 7).
Applied set_property ASYNC_REG = true for inst/i_rx/i_rx_channel_0/i_up_adc_channel/i_xfer_status/up_xfer_toggle_m1_reg. (constraint file  /home/dator2/Documents/clean_fw_folder/antsdr-fw-patch/plutosdr-fw/hdl/projects/e200/e200.gen/sources_1/bd/system/ip/xilinx/common/up_xfer_status_constr.xdc, line 7).
Applied set_property ASYNC_REG = true for inst/i_rx/i_rx_channel_0/i_up_adc_channel/i_xfer_status/up_xfer_toggle_m2_i. (constraint file  /home/dator2/Documents/clean_fw_folder/antsdr-fw-patch/plutosdr-fw/hdl/projects/e200/e200.gen/sources_1/bd/system/ip/xilinx/common/up_xfer_status_constr.xdc, line 7).
Applied set_property ASYNC_REG = true for inst/i_rx/i_rx_channel_0/i_up_adc_channel/i_xfer_status/up_xfer_toggle_m2_reg. (constraint file  /home/dator2/Documents/clean_fw_folder/antsdr-fw-patch/plutosdr-fw/hdl/projects/e200/e200.gen/sources_1/bd/system/ip/xilinx/common/up_xfer_status_constr.xdc, line 7).
Applied set_property ASYNC_REG = true for inst/i_rx/i_rx_channel_0/i_up_adc_channel/i_xfer_status/up_xfer_toggle_m3_i. (constraint file  /home/dator2/Documents/clean_fw_folder/antsdr-fw-patch/plutosdr-fw/hdl/projects/e200/e200.gen/sources_1/bd/system/ip/xilinx/common/up_xfer_status_constr.xdc, line 7).
Applied set_property ASYNC_REG = true for inst/i_rx/i_rx_channel_0/i_up_adc_channel/i_xfer_status/up_xfer_toggle_m3_reg. (constraint file  /home/dator2/Documents/clean_fw_folder/antsdr-fw-patch/plutosdr-fw/hdl/projects/e200/e200.gen/sources_1/bd/system/ip/xilinx/common/up_xfer_status_constr.xdc, line 7).
Applied set_property ASYNC_REG = true for inst/i_rx/i_rx_channel_1/i_up_adc_channel/i_xfer_status/up_xfer_toggle_m1_i. (constraint file  /home/dator2/Documents/clean_fw_folder/antsdr-fw-patch/plutosdr-fw/hdl/projects/e200/e200.gen/sources_1/bd/system/ip/xilinx/common/up_xfer_status_constr.xdc, line 7).
Applied set_property ASYNC_REG = true for inst/i_rx/i_rx_channel_1/i_up_adc_channel/i_xfer_status/up_xfer_toggle_m1_reg. (constraint file  /home/dator2/Documents/clean_fw_folder/antsdr-fw-patch/plutosdr-fw/hdl/projects/e200/e200.gen/sources_1/bd/system/ip/xilinx/common/up_xfer_status_constr.xdc, line 7).
Applied set_property ASYNC_REG = true for inst/i_rx/i_rx_channel_1/i_up_adc_channel/i_xfer_status/up_xfer_toggle_m2_i. (constraint file  /home/dator2/Documents/clean_fw_folder/antsdr-fw-patch/plutosdr-fw/hdl/projects/e200/e200.gen/sources_1/bd/system/ip/xilinx/common/up_xfer_status_constr.xdc, line 7).
Applied set_property ASYNC_REG = true for inst/i_rx/i_rx_channel_1/i_up_adc_channel/i_xfer_status/up_xfer_toggle_m2_reg. (constraint file  /home/dator2/Documents/clean_fw_folder/antsdr-fw-patch/plutosdr-fw/hdl/projects/e200/e200.gen/sources_1/bd/system/ip/xilinx/common/up_xfer_status_constr.xdc, line 7).
Applied set_property ASYNC_REG = true for inst/i_rx/i_rx_channel_1/i_up_adc_channel/i_xfer_status/up_xfer_toggle_m3_i. (constraint file  /home/dator2/Documents/clean_fw_folder/antsdr-fw-patch/plutosdr-fw/hdl/projects/e200/e200.gen/sources_1/bd/system/ip/xilinx/common/up_xfer_status_constr.xdc, line 7).
Applied set_property ASYNC_REG = true for inst/i_rx/i_rx_channel_1/i_up_adc_channel/i_xfer_status/up_xfer_toggle_m3_reg. (constraint file  /home/dator2/Documents/clean_fw_folder/antsdr-fw-patch/plutosdr-fw/hdl/projects/e200/e200.gen/sources_1/bd/system/ip/xilinx/common/up_xfer_status_constr.xdc, line 7).
Applied set_property ASYNC_REG = true for inst/i_rx/i_rx_channel_2/i_up_adc_channel/i_xfer_status/up_xfer_toggle_m1_i. (constraint file  /home/dator2/Documents/clean_fw_folder/antsdr-fw-patch/plutosdr-fw/hdl/projects/e200/e200.gen/sources_1/bd/system/ip/xilinx/common/up_xfer_status_constr.xdc, line 7).
Applied set_property ASYNC_REG = true for inst/i_rx/i_rx_channel_2/i_up_adc_channel/i_xfer_status/up_xfer_toggle_m1_reg. (constraint file  /home/dator2/Documents/clean_fw_folder/antsdr-fw-patch/plutosdr-fw/hdl/projects/e200/e200.gen/sources_1/bd/system/ip/xilinx/common/up_xfer_status_constr.xdc, line 7).
Applied set_property ASYNC_REG = true for inst/i_rx/i_rx_channel_2/i_up_adc_channel/i_xfer_status/up_xfer_toggle_m2_i. (constraint file  /home/dator2/Documents/clean_fw_folder/antsdr-fw-patch/plutosdr-fw/hdl/projects/e200/e200.gen/sources_1/bd/system/ip/xilinx/common/up_xfer_status_constr.xdc, line 7).
Applied set_property ASYNC_REG = true for inst/i_rx/i_rx_channel_2/i_up_adc_channel/i_xfer_status/up_xfer_toggle_m2_reg. (constraint file  /home/dator2/Documents/clean_fw_folder/antsdr-fw-patch/plutosdr-fw/hdl/projects/e200/e200.gen/sources_1/bd/system/ip/xilinx/common/up_xfer_status_constr.xdc, line 7).
Applied set_property ASYNC_REG = true for inst/i_rx/i_rx_channel_2/i_up_adc_channel/i_xfer_status/up_xfer_toggle_m3_i. (constraint file  /home/dator2/Documents/clean_fw_folder/antsdr-fw-patch/plutosdr-fw/hdl/projects/e200/e200.gen/sources_1/bd/system/ip/xilinx/common/up_xfer_status_constr.xdc, line 7).
Applied set_property ASYNC_REG = true for inst/i_rx/i_rx_channel_2/i_up_adc_channel/i_xfer_status/up_xfer_toggle_m3_reg. (constraint file  /home/dator2/Documents/clean_fw_folder/antsdr-fw-patch/plutosdr-fw/hdl/projects/e200/e200.gen/sources_1/bd/system/ip/xilinx/common/up_xfer_status_constr.xdc, line 7).
Applied set_property ASYNC_REG = true for inst/i_rx/i_rx_channel_3/i_up_adc_channel/i_xfer_status/up_xfer_toggle_m1_i. (constraint file  /home/dator2/Documents/clean_fw_folder/antsdr-fw-patch/plutosdr-fw/hdl/projects/e200/e200.gen/sources_1/bd/system/ip/xilinx/common/up_xfer_status_constr.xdc, line 7).
Applied set_property ASYNC_REG = true for inst/i_rx/i_rx_channel_3/i_up_adc_channel/i_xfer_status/up_xfer_toggle_m1_reg. (constraint file  /home/dator2/Documents/clean_fw_folder/antsdr-fw-patch/plutosdr-fw/hdl/projects/e200/e200.gen/sources_1/bd/system/ip/xilinx/common/up_xfer_status_constr.xdc, line 7).
Applied set_property ASYNC_REG = true for inst/i_rx/i_rx_channel_3/i_up_adc_channel/i_xfer_status/up_xfer_toggle_m2_i. (constraint file  /home/dator2/Documents/clean_fw_folder/antsdr-fw-patch/plutosdr-fw/hdl/projects/e200/e200.gen/sources_1/bd/system/ip/xilinx/common/up_xfer_status_constr.xdc, line 7).
Applied set_property ASYNC_REG = true for inst/i_rx/i_rx_channel_3/i_up_adc_channel/i_xfer_status/up_xfer_toggle_m2_reg. (constraint file  /home/dator2/Documents/clean_fw_folder/antsdr-fw-patch/plutosdr-fw/hdl/projects/e200/e200.gen/sources_1/bd/system/ip/xilinx/common/up_xfer_status_constr.xdc, line 7).
Applied set_property ASYNC_REG = true for inst/i_rx/i_rx_channel_3/i_up_adc_channel/i_xfer_status/up_xfer_toggle_m3_i. (constraint file  /home/dator2/Documents/clean_fw_folder/antsdr-fw-patch/plutosdr-fw/hdl/projects/e200/e200.gen/sources_1/bd/system/ip/xilinx/common/up_xfer_status_constr.xdc, line 7).
Applied set_property ASYNC_REG = true for inst/i_rx/i_rx_channel_3/i_up_adc_channel/i_xfer_status/up_xfer_toggle_m3_reg. (constraint file  /home/dator2/Documents/clean_fw_folder/antsdr-fw-patch/plutosdr-fw/hdl/projects/e200/e200.gen/sources_1/bd/system/ip/xilinx/common/up_xfer_status_constr.xdc, line 7).
Applied set_property ASYNC_REG = true for inst/i_rx/i_up_adc_common/i_xfer_status/up_xfer_toggle_m1_i. (constraint file  /home/dator2/Documents/clean_fw_folder/antsdr-fw-patch/plutosdr-fw/hdl/projects/e200/e200.gen/sources_1/bd/system/ip/xilinx/common/up_xfer_status_constr.xdc, line 7).
Applied set_property ASYNC_REG = true for inst/i_rx/i_up_adc_common/i_xfer_status/up_xfer_toggle_m1_reg. (constraint file  /home/dator2/Documents/clean_fw_folder/antsdr-fw-patch/plutosdr-fw/hdl/projects/e200/e200.gen/sources_1/bd/system/ip/xilinx/common/up_xfer_status_constr.xdc, line 7).
Applied set_property ASYNC_REG = true for inst/i_rx/i_up_adc_common/i_xfer_status/up_xfer_toggle_m2_i. (constraint file  /home/dator2/Documents/clean_fw_folder/antsdr-fw-patch/plutosdr-fw/hdl/projects/e200/e200.gen/sources_1/bd/system/ip/xilinx/common/up_xfer_status_constr.xdc, line 7).
Applied set_property ASYNC_REG = true for inst/i_rx/i_up_adc_common/i_xfer_status/up_xfer_toggle_m2_reg. (constraint file  /home/dator2/Documents/clean_fw_folder/antsdr-fw-patch/plutosdr-fw/hdl/projects/e200/e200.gen/sources_1/bd/system/ip/xilinx/common/up_xfer_status_constr.xdc, line 7).
Applied set_property ASYNC_REG = true for inst/i_rx/i_up_adc_common/i_xfer_status/up_xfer_toggle_m3_i. (constraint file  /home/dator2/Documents/clean_fw_folder/antsdr-fw-patch/plutosdr-fw/hdl/projects/e200/e200.gen/sources_1/bd/system/ip/xilinx/common/up_xfer_status_constr.xdc, line 7).
Applied set_property ASYNC_REG = true for inst/i_rx/i_up_adc_common/i_xfer_status/up_xfer_toggle_m3_reg. (constraint file  /home/dator2/Documents/clean_fw_folder/antsdr-fw-patch/plutosdr-fw/hdl/projects/e200/e200.gen/sources_1/bd/system/ip/xilinx/common/up_xfer_status_constr.xdc, line 7).
Applied set_property ASYNC_REG = true for inst/i_tdd/i_up_tdd_cntrl/i_xfer_tdd_status/up_xfer_toggle_m1_i. (constraint file  /home/dator2/Documents/clean_fw_folder/antsdr-fw-patch/plutosdr-fw/hdl/projects/e200/e200.gen/sources_1/bd/system/ip/xilinx/common/up_xfer_status_constr.xdc, line 7).
Applied set_property ASYNC_REG = true for inst/i_tdd/i_up_tdd_cntrl/i_xfer_tdd_status/up_xfer_toggle_m1_reg. (constraint file  /home/dator2/Documents/clean_fw_folder/antsdr-fw-patch/plutosdr-fw/hdl/projects/e200/e200.gen/sources_1/bd/system/ip/xilinx/common/up_xfer_status_constr.xdc, line 7).
Applied set_property ASYNC_REG = true for inst/i_tdd/i_up_tdd_cntrl/i_xfer_tdd_status/up_xfer_toggle_m2_i. (constraint file  /home/dator2/Documents/clean_fw_folder/antsdr-fw-patch/plutosdr-fw/hdl/projects/e200/e200.gen/sources_1/bd/system/ip/xilinx/common/up_xfer_status_constr.xdc, line 7).
Applied set_property ASYNC_REG = true for inst/i_tdd/i_up_tdd_cntrl/i_xfer_tdd_status/up_xfer_toggle_m2_reg. (constraint file  /home/dator2/Documents/clean_fw_folder/antsdr-fw-patch/plutosdr-fw/hdl/projects/e200/e200.gen/sources_1/bd/system/ip/xilinx/common/up_xfer_status_constr.xdc, line 7).
Applied set_property ASYNC_REG = true for inst/i_tdd/i_up_tdd_cntrl/i_xfer_tdd_status/up_xfer_toggle_m3_i. (constraint file  /home/dator2/Documents/clean_fw_folder/antsdr-fw-patch/plutosdr-fw/hdl/projects/e200/e200.gen/sources_1/bd/system/ip/xilinx/common/up_xfer_status_constr.xdc, line 7).
Applied set_property ASYNC_REG = true for inst/i_tdd/i_up_tdd_cntrl/i_xfer_tdd_status/up_xfer_toggle_m3_reg. (constraint file  /home/dator2/Documents/clean_fw_folder/antsdr-fw-patch/plutosdr-fw/hdl/projects/e200/e200.gen/sources_1/bd/system/ip/xilinx/common/up_xfer_status_constr.xdc, line 7).
Applied set_property ASYNC_REG = true for inst/i_tx/i_up_dac_common/i_xfer_status/up_xfer_toggle_m1_i. (constraint file  /home/dator2/Documents/clean_fw_folder/antsdr-fw-patch/plutosdr-fw/hdl/projects/e200/e200.gen/sources_1/bd/system/ip/xilinx/common/up_xfer_status_constr.xdc, line 7).
Applied set_property ASYNC_REG = true for inst/i_tx/i_up_dac_common/i_xfer_status/up_xfer_toggle_m1_reg. (constraint file  /home/dator2/Documents/clean_fw_folder/antsdr-fw-patch/plutosdr-fw/hdl/projects/e200/e200.gen/sources_1/bd/system/ip/xilinx/common/up_xfer_status_constr.xdc, line 7).
Applied set_property ASYNC_REG = true for inst/i_tx/i_up_dac_common/i_xfer_status/up_xfer_toggle_m2_i. (constraint file  /home/dator2/Documents/clean_fw_folder/antsdr-fw-patch/plutosdr-fw/hdl/projects/e200/e200.gen/sources_1/bd/system/ip/xilinx/common/up_xfer_status_constr.xdc, line 7).
Applied set_property ASYNC_REG = true for inst/i_tx/i_up_dac_common/i_xfer_status/up_xfer_toggle_m2_reg. (constraint file  /home/dator2/Documents/clean_fw_folder/antsdr-fw-patch/plutosdr-fw/hdl/projects/e200/e200.gen/sources_1/bd/system/ip/xilinx/common/up_xfer_status_constr.xdc, line 7).
Applied set_property ASYNC_REG = true for inst/i_tx/i_up_dac_common/i_xfer_status/up_xfer_toggle_m3_i. (constraint file  /home/dator2/Documents/clean_fw_folder/antsdr-fw-patch/plutosdr-fw/hdl/projects/e200/e200.gen/sources_1/bd/system/ip/xilinx/common/up_xfer_status_constr.xdc, line 7).
Applied set_property ASYNC_REG = true for inst/i_tx/i_up_dac_common/i_xfer_status/up_xfer_toggle_m3_reg. (constraint file  /home/dator2/Documents/clean_fw_folder/antsdr-fw-patch/plutosdr-fw/hdl/projects/e200/e200.gen/sources_1/bd/system/ip/xilinx/common/up_xfer_status_constr.xdc, line 7).
Applied set_property ASYNC_REG = true for inst/i_rx/i_up_adc_common/i_clock_mon/up_count_running_m1_i. (constraint file  /home/dator2/Documents/clean_fw_folder/antsdr-fw-patch/plutosdr-fw/hdl/projects/e200/e200.gen/sources_1/bd/system/ip/xilinx/common/up_clock_mon_constr.xdc, line 6).
Applied set_property ASYNC_REG = true for inst/i_rx/i_up_adc_common/i_clock_mon/up_count_running_m1_reg. (constraint file  /home/dator2/Documents/clean_fw_folder/antsdr-fw-patch/plutosdr-fw/hdl/projects/e200/e200.gen/sources_1/bd/system/ip/xilinx/common/up_clock_mon_constr.xdc, line 6).
Applied set_property ASYNC_REG = true for inst/i_rx/i_up_adc_common/i_clock_mon/up_count_running_m2_i. (constraint file  /home/dator2/Documents/clean_fw_folder/antsdr-fw-patch/plutosdr-fw/hdl/projects/e200/e200.gen/sources_1/bd/system/ip/xilinx/common/up_clock_mon_constr.xdc, line 6).
Applied set_property ASYNC_REG = true for inst/i_rx/i_up_adc_common/i_clock_mon/up_count_running_m2_reg. (constraint file  /home/dator2/Documents/clean_fw_folder/antsdr-fw-patch/plutosdr-fw/hdl/projects/e200/e200.gen/sources_1/bd/system/ip/xilinx/common/up_clock_mon_constr.xdc, line 6).
Applied set_property ASYNC_REG = true for inst/i_rx/i_up_adc_common/i_clock_mon/up_count_running_m3_i. (constraint file  /home/dator2/Documents/clean_fw_folder/antsdr-fw-patch/plutosdr-fw/hdl/projects/e200/e200.gen/sources_1/bd/system/ip/xilinx/common/up_clock_mon_constr.xdc, line 6).
Applied set_property ASYNC_REG = true for inst/i_rx/i_up_adc_common/i_clock_mon/up_count_running_m3_reg. (constraint file  /home/dator2/Documents/clean_fw_folder/antsdr-fw-patch/plutosdr-fw/hdl/projects/e200/e200.gen/sources_1/bd/system/ip/xilinx/common/up_clock_mon_constr.xdc, line 6).
Applied set_property ASYNC_REG = true for inst/i_tx/i_up_dac_common/i_clock_mon/up_count_running_m1_i. (constraint file  /home/dator2/Documents/clean_fw_folder/antsdr-fw-patch/plutosdr-fw/hdl/projects/e200/e200.gen/sources_1/bd/system/ip/xilinx/common/up_clock_mon_constr.xdc, line 6).
Applied set_property ASYNC_REG = true for inst/i_tx/i_up_dac_common/i_clock_mon/up_count_running_m1_reg. (constraint file  /home/dator2/Documents/clean_fw_folder/antsdr-fw-patch/plutosdr-fw/hdl/projects/e200/e200.gen/sources_1/bd/system/ip/xilinx/common/up_clock_mon_constr.xdc, line 6).
Applied set_property ASYNC_REG = true for inst/i_tx/i_up_dac_common/i_clock_mon/up_count_running_m2_i. (constraint file  /home/dator2/Documents/clean_fw_folder/antsdr-fw-patch/plutosdr-fw/hdl/projects/e200/e200.gen/sources_1/bd/system/ip/xilinx/common/up_clock_mon_constr.xdc, line 6).
Applied set_property ASYNC_REG = true for inst/i_tx/i_up_dac_common/i_clock_mon/up_count_running_m2_reg. (constraint file  /home/dator2/Documents/clean_fw_folder/antsdr-fw-patch/plutosdr-fw/hdl/projects/e200/e200.gen/sources_1/bd/system/ip/xilinx/common/up_clock_mon_constr.xdc, line 6).
Applied set_property ASYNC_REG = true for inst/i_tx/i_up_dac_common/i_clock_mon/up_count_running_m3_i. (constraint file  /home/dator2/Documents/clean_fw_folder/antsdr-fw-patch/plutosdr-fw/hdl/projects/e200/e200.gen/sources_1/bd/system/ip/xilinx/common/up_clock_mon_constr.xdc, line 6).
Applied set_property ASYNC_REG = true for inst/i_tx/i_up_dac_common/i_clock_mon/up_count_running_m3_reg. (constraint file  /home/dator2/Documents/clean_fw_folder/antsdr-fw-patch/plutosdr-fw/hdl/projects/e200/e200.gen/sources_1/bd/system/ip/xilinx/common/up_clock_mon_constr.xdc, line 6).
Applied set_property ASYNC_REG = true for inst/i_rx/i_up_adc_common/i_clock_mon/d_count_run_m1_reg. (constraint file  /home/dator2/Documents/clean_fw_folder/antsdr-fw-patch/plutosdr-fw/hdl/projects/e200/e200.gen/sources_1/bd/system/ip/xilinx/common/up_clock_mon_constr.xdc, line 7).
Applied set_property ASYNC_REG = true for inst/i_rx/i_up_adc_common/i_clock_mon/d_count_run_m2_reg. (constraint file  /home/dator2/Documents/clean_fw_folder/antsdr-fw-patch/plutosdr-fw/hdl/projects/e200/e200.gen/sources_1/bd/system/ip/xilinx/common/up_clock_mon_constr.xdc, line 7).
Applied set_property ASYNC_REG = true for inst/i_rx/i_up_adc_common/i_clock_mon/d_count_run_m3_reg. (constraint file  /home/dator2/Documents/clean_fw_folder/antsdr-fw-patch/plutosdr-fw/hdl/projects/e200/e200.gen/sources_1/bd/system/ip/xilinx/common/up_clock_mon_constr.xdc, line 7).
Applied set_property ASYNC_REG = true for inst/i_tx/i_up_dac_common/i_clock_mon/d_count_run_m1_reg. (constraint file  /home/dator2/Documents/clean_fw_folder/antsdr-fw-patch/plutosdr-fw/hdl/projects/e200/e200.gen/sources_1/bd/system/ip/xilinx/common/up_clock_mon_constr.xdc, line 7).
Applied set_property ASYNC_REG = true for inst/i_tx/i_up_dac_common/i_clock_mon/d_count_run_m2_reg. (constraint file  /home/dator2/Documents/clean_fw_folder/antsdr-fw-patch/plutosdr-fw/hdl/projects/e200/e200.gen/sources_1/bd/system/ip/xilinx/common/up_clock_mon_constr.xdc, line 7).
Applied set_property ASYNC_REG = true for inst/i_tx/i_up_dac_common/i_clock_mon/d_count_run_m3_reg. (constraint file  /home/dator2/Documents/clean_fw_folder/antsdr-fw-patch/plutosdr-fw/hdl/projects/e200/e200.gen/sources_1/bd/system/ip/xilinx/common/up_clock_mon_constr.xdc, line 7).
Applied set_property ASYNC_REG = true for inst/i_rx/i_up_adc_common/i_clock_mon/up_d_count_reg. (constraint file  /home/dator2/Documents/clean_fw_folder/antsdr-fw-patch/plutosdr-fw/hdl/projects/e200/e200.gen/sources_1/bd/system/ip/xilinx/common/up_clock_mon_constr.xdc, line 8).
Applied set_property ASYNC_REG = true for inst/i_rx/i_up_adc_common/i_clock_mon/up_d_count_reg. (constraint file  /home/dator2/Documents/clean_fw_folder/antsdr-fw-patch/plutosdr-fw/hdl/projects/e200/e200.gen/sources_1/bd/system/ip/xilinx/common/up_clock_mon_constr.xdc, line 8).
Applied set_property ASYNC_REG = true for inst/i_rx/i_up_adc_common/i_clock_mon/up_d_count_reg. (constraint file  /home/dator2/Documents/clean_fw_folder/antsdr-fw-patch/plutosdr-fw/hdl/projects/e200/e200.gen/sources_1/bd/system/ip/xilinx/common/up_clock_mon_constr.xdc, line 8).
Applied set_property ASYNC_REG = true for inst/i_rx/i_up_adc_common/i_clock_mon/up_d_count_reg. (constraint file  /home/dator2/Documents/clean_fw_folder/antsdr-fw-patch/plutosdr-fw/hdl/projects/e200/e200.gen/sources_1/bd/system/ip/xilinx/common/up_clock_mon_constr.xdc, line 8).
Applied set_property ASYNC_REG = true for inst/i_rx/i_up_adc_common/i_clock_mon/up_d_count_reg. (constraint file  /home/dator2/Documents/clean_fw_folder/antsdr-fw-patch/plutosdr-fw/hdl/projects/e200/e200.gen/sources_1/bd/system/ip/xilinx/common/up_clock_mon_constr.xdc, line 8).
Applied set_property ASYNC_REG = true for inst/i_rx/i_up_adc_common/i_clock_mon/up_d_count_reg. (constraint file  /home/dator2/Documents/clean_fw_folder/antsdr-fw-patch/plutosdr-fw/hdl/projects/e200/e200.gen/sources_1/bd/system/ip/xilinx/common/up_clock_mon_constr.xdc, line 8).
Applied set_property ASYNC_REG = true for inst/i_rx/i_up_adc_common/i_clock_mon/up_d_count_reg. (constraint file  /home/dator2/Documents/clean_fw_folder/antsdr-fw-patch/plutosdr-fw/hdl/projects/e200/e200.gen/sources_1/bd/system/ip/xilinx/common/up_clock_mon_constr.xdc, line 8).
Applied set_property ASYNC_REG = true for inst/i_rx/i_up_adc_common/i_clock_mon/up_d_count_reg. (constraint file  /home/dator2/Documents/clean_fw_folder/antsdr-fw-patch/plutosdr-fw/hdl/projects/e200/e200.gen/sources_1/bd/system/ip/xilinx/common/up_clock_mon_constr.xdc, line 8).
Applied set_property ASYNC_REG = true for inst/i_rx/i_up_adc_common/i_clock_mon/up_d_count_reg. (constraint file  /home/dator2/Documents/clean_fw_folder/antsdr-fw-patch/plutosdr-fw/hdl/projects/e200/e200.gen/sources_1/bd/system/ip/xilinx/common/up_clock_mon_constr.xdc, line 8).
Applied set_property ASYNC_REG = true for inst/i_rx/i_up_adc_common/i_clock_mon/up_d_count_reg. (constraint file  /home/dator2/Documents/clean_fw_folder/antsdr-fw-patch/plutosdr-fw/hdl/projects/e200/e200.gen/sources_1/bd/system/ip/xilinx/common/up_clock_mon_constr.xdc, line 8).
Applied set_property ASYNC_REG = true for inst/i_rx/i_up_adc_common/i_clock_mon/up_d_count_reg. (constraint file  /home/dator2/Documents/clean_fw_folder/antsdr-fw-patch/plutosdr-fw/hdl/projects/e200/e200.gen/sources_1/bd/system/ip/xilinx/common/up_clock_mon_constr.xdc, line 8).
Applied set_property ASYNC_REG = true for inst/i_rx/i_up_adc_common/i_clock_mon/up_d_count_reg. (constraint file  /home/dator2/Documents/clean_fw_folder/antsdr-fw-patch/plutosdr-fw/hdl/projects/e200/e200.gen/sources_1/bd/system/ip/xilinx/common/up_clock_mon_constr.xdc, line 8).
Applied set_property ASYNC_REG = true for inst/i_rx/i_up_adc_common/i_clock_mon/up_d_count_reg. (constraint file  /home/dator2/Documents/clean_fw_folder/antsdr-fw-patch/plutosdr-fw/hdl/projects/e200/e200.gen/sources_1/bd/system/ip/xilinx/common/up_clock_mon_constr.xdc, line 8).
Applied set_property ASYNC_REG = true for inst/i_rx/i_up_adc_common/i_clock_mon/up_d_count_reg. (constraint file  /home/dator2/Documents/clean_fw_folder/antsdr-fw-patch/plutosdr-fw/hdl/projects/e200/e200.gen/sources_1/bd/system/ip/xilinx/common/up_clock_mon_constr.xdc, line 8).
Applied set_property ASYNC_REG = true for inst/i_rx/i_up_adc_common/i_clock_mon/up_d_count_reg. (constraint file  /home/dator2/Documents/clean_fw_folder/antsdr-fw-patch/plutosdr-fw/hdl/projects/e200/e200.gen/sources_1/bd/system/ip/xilinx/common/up_clock_mon_constr.xdc, line 8).
Applied set_property ASYNC_REG = true for inst/i_rx/i_up_adc_common/i_clock_mon/up_d_count_reg. (constraint file  /home/dator2/Documents/clean_fw_folder/antsdr-fw-patch/plutosdr-fw/hdl/projects/e200/e200.gen/sources_1/bd/system/ip/xilinx/common/up_clock_mon_constr.xdc, line 8).
Applied set_property ASYNC_REG = true for inst/i_rx/i_up_adc_common/i_clock_mon/up_d_count_reg. (constraint file  /home/dator2/Documents/clean_fw_folder/antsdr-fw-patch/plutosdr-fw/hdl/projects/e200/e200.gen/sources_1/bd/system/ip/xilinx/common/up_clock_mon_constr.xdc, line 8).
Applied set_property ASYNC_REG = true for inst/i_rx/i_up_adc_common/i_clock_mon/up_d_count_reg. (constraint file  /home/dator2/Documents/clean_fw_folder/antsdr-fw-patch/plutosdr-fw/hdl/projects/e200/e200.gen/sources_1/bd/system/ip/xilinx/common/up_clock_mon_constr.xdc, line 8).
Applied set_property ASYNC_REG = true for inst/i_rx/i_up_adc_common/i_clock_mon/up_d_count_reg. (constraint file  /home/dator2/Documents/clean_fw_folder/antsdr-fw-patch/plutosdr-fw/hdl/projects/e200/e200.gen/sources_1/bd/system/ip/xilinx/common/up_clock_mon_constr.xdc, line 8).
Applied set_property ASYNC_REG = true for inst/i_rx/i_up_adc_common/i_clock_mon/up_d_count_reg. (constraint file  /home/dator2/Documents/clean_fw_folder/antsdr-fw-patch/plutosdr-fw/hdl/projects/e200/e200.gen/sources_1/bd/system/ip/xilinx/common/up_clock_mon_constr.xdc, line 8).
Applied set_property ASYNC_REG = true for inst/i_rx/i_up_adc_common/i_clock_mon/up_d_count_reg. (constraint file  /home/dator2/Documents/clean_fw_folder/antsdr-fw-patch/plutosdr-fw/hdl/projects/e200/e200.gen/sources_1/bd/system/ip/xilinx/common/up_clock_mon_constr.xdc, line 8).
Applied set_property ASYNC_REG = true for inst/i_rx/i_up_adc_common/i_clock_mon/up_d_count_reg. (constraint file  /home/dator2/Documents/clean_fw_folder/antsdr-fw-patch/plutosdr-fw/hdl/projects/e200/e200.gen/sources_1/bd/system/ip/xilinx/common/up_clock_mon_constr.xdc, line 8).
Applied set_property ASYNC_REG = true for inst/i_rx/i_up_adc_common/i_clock_mon/up_d_count_reg. (constraint file  /home/dator2/Documents/clean_fw_folder/antsdr-fw-patch/plutosdr-fw/hdl/projects/e200/e200.gen/sources_1/bd/system/ip/xilinx/common/up_clock_mon_constr.xdc, line 8).
Applied set_property ASYNC_REG = true for inst/i_rx/i_up_adc_common/i_clock_mon/up_d_count_reg. (constraint file  /home/dator2/Documents/clean_fw_folder/antsdr-fw-patch/plutosdr-fw/hdl/projects/e200/e200.gen/sources_1/bd/system/ip/xilinx/common/up_clock_mon_constr.xdc, line 8).
Applied set_property ASYNC_REG = true for inst/i_rx/i_up_adc_common/i_clock_mon/up_d_count_reg. (constraint file  /home/dator2/Documents/clean_fw_folder/antsdr-fw-patch/plutosdr-fw/hdl/projects/e200/e200.gen/sources_1/bd/system/ip/xilinx/common/up_clock_mon_constr.xdc, line 8).
Applied set_property ASYNC_REG = true for inst/i_rx/i_up_adc_common/i_clock_mon/up_d_count_reg. (constraint file  /home/dator2/Documents/clean_fw_folder/antsdr-fw-patch/plutosdr-fw/hdl/projects/e200/e200.gen/sources_1/bd/system/ip/xilinx/common/up_clock_mon_constr.xdc, line 8).
Applied set_property ASYNC_REG = true for inst/i_rx/i_up_adc_common/i_clock_mon/up_d_count_reg. (constraint file  /home/dator2/Documents/clean_fw_folder/antsdr-fw-patch/plutosdr-fw/hdl/projects/e200/e200.gen/sources_1/bd/system/ip/xilinx/common/up_clock_mon_constr.xdc, line 8).
Applied set_property ASYNC_REG = true for inst/i_rx/i_up_adc_common/i_clock_mon/up_d_count_reg. (constraint file  /home/dator2/Documents/clean_fw_folder/antsdr-fw-patch/plutosdr-fw/hdl/projects/e200/e200.gen/sources_1/bd/system/ip/xilinx/common/up_clock_mon_constr.xdc, line 8).
Applied set_property ASYNC_REG = true for inst/i_rx/i_up_adc_common/i_clock_mon/up_d_count_reg. (constraint file  /home/dator2/Documents/clean_fw_folder/antsdr-fw-patch/plutosdr-fw/hdl/projects/e200/e200.gen/sources_1/bd/system/ip/xilinx/common/up_clock_mon_constr.xdc, line 8).
Applied set_property ASYNC_REG = true for inst/i_rx/i_up_adc_common/i_clock_mon/up_d_count_reg. (constraint file  /home/dator2/Documents/clean_fw_folder/antsdr-fw-patch/plutosdr-fw/hdl/projects/e200/e200.gen/sources_1/bd/system/ip/xilinx/common/up_clock_mon_constr.xdc, line 8).
Applied set_property ASYNC_REG = true for inst/i_rx/i_up_adc_common/i_clock_mon/up_d_count_reg. (constraint file  /home/dator2/Documents/clean_fw_folder/antsdr-fw-patch/plutosdr-fw/hdl/projects/e200/e200.gen/sources_1/bd/system/ip/xilinx/common/up_clock_mon_constr.xdc, line 8).
Applied set_property ASYNC_REG = true for inst/i_rx/i_up_adc_common/i_clock_mon/up_d_count_reg. (constraint file  /home/dator2/Documents/clean_fw_folder/antsdr-fw-patch/plutosdr-fw/hdl/projects/e200/e200.gen/sources_1/bd/system/ip/xilinx/common/up_clock_mon_constr.xdc, line 8).
Applied set_property ASYNC_REG = true for inst/i_tx/i_up_dac_common/i_clock_mon/up_d_count_reg. (constraint file  /home/dator2/Documents/clean_fw_folder/antsdr-fw-patch/plutosdr-fw/hdl/projects/e200/e200.gen/sources_1/bd/system/ip/xilinx/common/up_clock_mon_constr.xdc, line 8).
Applied set_property ASYNC_REG = true for inst/i_tx/i_up_dac_common/i_clock_mon/up_d_count_reg. (constraint file  /home/dator2/Documents/clean_fw_folder/antsdr-fw-patch/plutosdr-fw/hdl/projects/e200/e200.gen/sources_1/bd/system/ip/xilinx/common/up_clock_mon_constr.xdc, line 8).
Applied set_property ASYNC_REG = true for inst/i_tx/i_up_dac_common/i_clock_mon/up_d_count_reg. (constraint file  /home/dator2/Documents/clean_fw_folder/antsdr-fw-patch/plutosdr-fw/hdl/projects/e200/e200.gen/sources_1/bd/system/ip/xilinx/common/up_clock_mon_constr.xdc, line 8).
Applied set_property ASYNC_REG = true for inst/i_tx/i_up_dac_common/i_clock_mon/up_d_count_reg. (constraint file  /home/dator2/Documents/clean_fw_folder/antsdr-fw-patch/plutosdr-fw/hdl/projects/e200/e200.gen/sources_1/bd/system/ip/xilinx/common/up_clock_mon_constr.xdc, line 8).
Applied set_property ASYNC_REG = true for inst/i_tx/i_up_dac_common/i_clock_mon/up_d_count_reg. (constraint file  /home/dator2/Documents/clean_fw_folder/antsdr-fw-patch/plutosdr-fw/hdl/projects/e200/e200.gen/sources_1/bd/system/ip/xilinx/common/up_clock_mon_constr.xdc, line 8).
Applied set_property ASYNC_REG = true for inst/i_tx/i_up_dac_common/i_clock_mon/up_d_count_reg. (constraint file  /home/dator2/Documents/clean_fw_folder/antsdr-fw-patch/plutosdr-fw/hdl/projects/e200/e200.gen/sources_1/bd/system/ip/xilinx/common/up_clock_mon_constr.xdc, line 8).
Applied set_property ASYNC_REG = true for inst/i_tx/i_up_dac_common/i_clock_mon/up_d_count_reg. (constraint file  /home/dator2/Documents/clean_fw_folder/antsdr-fw-patch/plutosdr-fw/hdl/projects/e200/e200.gen/sources_1/bd/system/ip/xilinx/common/up_clock_mon_constr.xdc, line 8).
Applied set_property ASYNC_REG = true for inst/i_tx/i_up_dac_common/i_clock_mon/up_d_count_reg. (constraint file  /home/dator2/Documents/clean_fw_folder/antsdr-fw-patch/plutosdr-fw/hdl/projects/e200/e200.gen/sources_1/bd/system/ip/xilinx/common/up_clock_mon_constr.xdc, line 8).
Applied set_property ASYNC_REG = true for inst/i_tx/i_up_dac_common/i_clock_mon/up_d_count_reg. (constraint file  /home/dator2/Documents/clean_fw_folder/antsdr-fw-patch/plutosdr-fw/hdl/projects/e200/e200.gen/sources_1/bd/system/ip/xilinx/common/up_clock_mon_constr.xdc, line 8).
Applied set_property ASYNC_REG = true for inst/i_tx/i_up_dac_common/i_clock_mon/up_d_count_reg. (constraint file  /home/dator2/Documents/clean_fw_folder/antsdr-fw-patch/plutosdr-fw/hdl/projects/e200/e200.gen/sources_1/bd/system/ip/xilinx/common/up_clock_mon_constr.xdc, line 8).
Applied set_property ASYNC_REG = true for inst/i_tx/i_up_dac_common/i_clock_mon/up_d_count_reg. (constraint file  /home/dator2/Documents/clean_fw_folder/antsdr-fw-patch/plutosdr-fw/hdl/projects/e200/e200.gen/sources_1/bd/system/ip/xilinx/common/up_clock_mon_constr.xdc, line 8).
Applied set_property ASYNC_REG = true for inst/i_tx/i_up_dac_common/i_clock_mon/up_d_count_reg. (constraint file  /home/dator2/Documents/clean_fw_folder/antsdr-fw-patch/plutosdr-fw/hdl/projects/e200/e200.gen/sources_1/bd/system/ip/xilinx/common/up_clock_mon_constr.xdc, line 8).
Applied set_property ASYNC_REG = true for inst/i_tx/i_up_dac_common/i_clock_mon/up_d_count_reg. (constraint file  /home/dator2/Documents/clean_fw_folder/antsdr-fw-patch/plutosdr-fw/hdl/projects/e200/e200.gen/sources_1/bd/system/ip/xilinx/common/up_clock_mon_constr.xdc, line 8).
Applied set_property ASYNC_REG = true for inst/i_tx/i_up_dac_common/i_clock_mon/up_d_count_reg. (constraint file  /home/dator2/Documents/clean_fw_folder/antsdr-fw-patch/plutosdr-fw/hdl/projects/e200/e200.gen/sources_1/bd/system/ip/xilinx/common/up_clock_mon_constr.xdc, line 8).
Applied set_property ASYNC_REG = true for inst/i_tx/i_up_dac_common/i_clock_mon/up_d_count_reg. (constraint file  /home/dator2/Documents/clean_fw_folder/antsdr-fw-patch/plutosdr-fw/hdl/projects/e200/e200.gen/sources_1/bd/system/ip/xilinx/common/up_clock_mon_constr.xdc, line 8).
Applied set_property ASYNC_REG = true for inst/i_tx/i_up_dac_common/i_clock_mon/up_d_count_reg. (constraint file  /home/dator2/Documents/clean_fw_folder/antsdr-fw-patch/plutosdr-fw/hdl/projects/e200/e200.gen/sources_1/bd/system/ip/xilinx/common/up_clock_mon_constr.xdc, line 8).
Applied set_property ASYNC_REG = true for inst/i_tx/i_up_dac_common/i_clock_mon/up_d_count_reg. (constraint file  /home/dator2/Documents/clean_fw_folder/antsdr-fw-patch/plutosdr-fw/hdl/projects/e200/e200.gen/sources_1/bd/system/ip/xilinx/common/up_clock_mon_constr.xdc, line 8).
Applied set_property ASYNC_REG = true for inst/i_tx/i_up_dac_common/i_clock_mon/up_d_count_reg. (constraint file  /home/dator2/Documents/clean_fw_folder/antsdr-fw-patch/plutosdr-fw/hdl/projects/e200/e200.gen/sources_1/bd/system/ip/xilinx/common/up_clock_mon_constr.xdc, line 8).
Applied set_property ASYNC_REG = true for inst/i_tx/i_up_dac_common/i_clock_mon/up_d_count_reg. (constraint file  /home/dator2/Documents/clean_fw_folder/antsdr-fw-patch/plutosdr-fw/hdl/projects/e200/e200.gen/sources_1/bd/system/ip/xilinx/common/up_clock_mon_constr.xdc, line 8).
Applied set_property ASYNC_REG = true for inst/i_tx/i_up_dac_common/i_clock_mon/up_d_count_reg. (constraint file  /home/dator2/Documents/clean_fw_folder/antsdr-fw-patch/plutosdr-fw/hdl/projects/e200/e200.gen/sources_1/bd/system/ip/xilinx/common/up_clock_mon_constr.xdc, line 8).
Applied set_property ASYNC_REG = true for inst/i_tx/i_up_dac_common/i_clock_mon/up_d_count_reg. (constraint file  /home/dator2/Documents/clean_fw_folder/antsdr-fw-patch/plutosdr-fw/hdl/projects/e200/e200.gen/sources_1/bd/system/ip/xilinx/common/up_clock_mon_constr.xdc, line 8).
Applied set_property ASYNC_REG = true for inst/i_tx/i_up_dac_common/i_clock_mon/up_d_count_reg. (constraint file  /home/dator2/Documents/clean_fw_folder/antsdr-fw-patch/plutosdr-fw/hdl/projects/e200/e200.gen/sources_1/bd/system/ip/xilinx/common/up_clock_mon_constr.xdc, line 8).
Applied set_property ASYNC_REG = true for inst/i_tx/i_up_dac_common/i_clock_mon/up_d_count_reg. (constraint file  /home/dator2/Documents/clean_fw_folder/antsdr-fw-patch/plutosdr-fw/hdl/projects/e200/e200.gen/sources_1/bd/system/ip/xilinx/common/up_clock_mon_constr.xdc, line 8).
Applied set_property ASYNC_REG = true for inst/i_tx/i_up_dac_common/i_clock_mon/up_d_count_reg. (constraint file  /home/dator2/Documents/clean_fw_folder/antsdr-fw-patch/plutosdr-fw/hdl/projects/e200/e200.gen/sources_1/bd/system/ip/xilinx/common/up_clock_mon_constr.xdc, line 8).
Applied set_property ASYNC_REG = true for inst/i_tx/i_up_dac_common/i_clock_mon/up_d_count_reg. (constraint file  /home/dator2/Documents/clean_fw_folder/antsdr-fw-patch/plutosdr-fw/hdl/projects/e200/e200.gen/sources_1/bd/system/ip/xilinx/common/up_clock_mon_constr.xdc, line 8).
Applied set_property ASYNC_REG = true for inst/i_tx/i_up_dac_common/i_clock_mon/up_d_count_reg. (constraint file  /home/dator2/Documents/clean_fw_folder/antsdr-fw-patch/plutosdr-fw/hdl/projects/e200/e200.gen/sources_1/bd/system/ip/xilinx/common/up_clock_mon_constr.xdc, line 8).
Applied set_property ASYNC_REG = true for inst/i_tx/i_up_dac_common/i_clock_mon/up_d_count_reg. (constraint file  /home/dator2/Documents/clean_fw_folder/antsdr-fw-patch/plutosdr-fw/hdl/projects/e200/e200.gen/sources_1/bd/system/ip/xilinx/common/up_clock_mon_constr.xdc, line 8).
Applied set_property ASYNC_REG = true for inst/i_tx/i_up_dac_common/i_clock_mon/up_d_count_reg. (constraint file  /home/dator2/Documents/clean_fw_folder/antsdr-fw-patch/plutosdr-fw/hdl/projects/e200/e200.gen/sources_1/bd/system/ip/xilinx/common/up_clock_mon_constr.xdc, line 8).
Applied set_property ASYNC_REG = true for inst/i_tx/i_up_dac_common/i_clock_mon/up_d_count_reg. (constraint file  /home/dator2/Documents/clean_fw_folder/antsdr-fw-patch/plutosdr-fw/hdl/projects/e200/e200.gen/sources_1/bd/system/ip/xilinx/common/up_clock_mon_constr.xdc, line 8).
Applied set_property ASYNC_REG = true for inst/i_tx/i_up_dac_common/i_clock_mon/up_d_count_reg. (constraint file  /home/dator2/Documents/clean_fw_folder/antsdr-fw-patch/plutosdr-fw/hdl/projects/e200/e200.gen/sources_1/bd/system/ip/xilinx/common/up_clock_mon_constr.xdc, line 8).
Applied set_property ASYNC_REG = true for inst/i_tx/i_up_dac_common/i_clock_mon/up_d_count_reg. (constraint file  /home/dator2/Documents/clean_fw_folder/antsdr-fw-patch/plutosdr-fw/hdl/projects/e200/e200.gen/sources_1/bd/system/ip/xilinx/common/up_clock_mon_constr.xdc, line 8).
Applied set_property ASYNC_REG = true for inst/i_tx/i_up_dac_common/i_clock_mon/up_d_count_reg. (constraint file  /home/dator2/Documents/clean_fw_folder/antsdr-fw-patch/plutosdr-fw/hdl/projects/e200/e200.gen/sources_1/bd/system/ip/xilinx/common/up_clock_mon_constr.xdc, line 8).
Applied set_property ASYNC_REG = true for inst/i_dev_if/enable_up_m1_reg. (constraint file  /home/dator2/Documents/clean_fw_folder/antsdr-fw-patch/plutosdr-fw/hdl/projects/e200/e200.gen/sources_1/bd/system/ip/system_axi_ad9361_0/axi_ad9361_constr.xdc, line 6).
Applied set_property ASYNC_REG = true for inst/i_dev_if/enable_up_reg. (constraint file  /home/dator2/Documents/clean_fw_folder/antsdr-fw-patch/plutosdr-fw/hdl/projects/e200/e200.gen/sources_1/bd/system/ip/system_axi_ad9361_0/axi_ad9361_constr.xdc, line 6).
Applied set_property ASYNC_REG = true for inst/i_dev_if/txnrx_up_m1_reg. (constraint file  /home/dator2/Documents/clean_fw_folder/antsdr-fw-patch/plutosdr-fw/hdl/projects/e200/e200.gen/sources_1/bd/system/ip/system_axi_ad9361_0/axi_ad9361_constr.xdc, line 6).
Applied set_property ASYNC_REG = true for inst/i_dev_if/txnrx_up_reg. (constraint file  /home/dator2/Documents/clean_fw_folder/antsdr-fw-patch/plutosdr-fw/hdl/projects/e200/e200.gen/sources_1/bd/system/ip/system_axi_ad9361_0/axi_ad9361_constr.xdc, line 6).
Applied set_property ASYNC_REG = true for inst/i_tdd/i_tdd_control/tdd_sync_d1_reg. (constraint file  /home/dator2/Documents/clean_fw_folder/antsdr-fw-patch/plutosdr-fw/hdl/projects/e200/e200.gen/sources_1/bd/system/ip/system_axi_ad9361_0/axi_ad9361_constr.xdc, line 6).
Applied set_property ASYNC_REG = true for inst/i_tdd/i_tdd_control/tdd_sync_d2_reg. (constraint file  /home/dator2/Documents/clean_fw_folder/antsdr-fw-patch/plutosdr-fw/hdl/projects/e200/e200.gen/sources_1/bd/system/ip/system_axi_ad9361_0/axi_ad9361_constr.xdc, line 6).
Applied set_property ASYNC_REG = true for inst/i_tdd/i_tdd_control/tdd_sync_d3_reg. (constraint file  /home/dator2/Documents/clean_fw_folder/antsdr-fw-patch/plutosdr-fw/hdl/projects/e200/e200.gen/sources_1/bd/system/ip/system_axi_ad9361_0/axi_ad9361_constr.xdc, line 6).
Applied set_property KEEP_HIERARCHY = SOFT for inst. (constraint file  /home/dator2/Documents/clean_fw_folder/antsdr-fw-patch/plutosdr-fw/hdl/projects/e200/e200.runs/system_axi_ad9361_0_synth_1/dont_touch.xdc, line 9).
---------------------------------------------------------------------------------
Finished applying 'set_property' XDC Constraints : Time (s): cpu = 00:00:21 ; elapsed = 00:00:20 . Memory (MB): peak = 2353.688 ; gain = 706.195 ; free physical = 225 ; free virtual = 4686
---------------------------------------------------------------------------------
---------------------------------------------------------------------------------
Finished RTL Optimization Phase 2 : Time (s): cpu = 00:00:25 ; elapsed = 00:00:24 . Memory (MB): peak = 2353.688 ; gain = 706.195 ; free physical = 481 ; free virtual = 4778
---------------------------------------------------------------------------------
---------------------------------------------------------------------------------
Start RTL Component Statistics 
---------------------------------------------------------------------------------
Detailed RTL Component Info : 
+---Adders : 
	   2 Input   30 Bit       Adders := 8     
	   2 Input   24 Bit       Adders := 22    
	   2 Input   16 Bit       Adders := 28    
	   3 Input   16 Bit       Adders := 4     
	   3 Input   14 Bit       Adders := 192   
	   2 Input   14 Bit       Adders := 8     
	   3 Input   13 Bit       Adders := 96    
	   2 Input    6 Bit       Adders := 24    
	   2 Input    5 Bit       Adders := 2     
	   2 Input    4 Bit       Adders := 4     
+---XORs : 
	   2 Input     14 Bit         XORs := 192   
	   2 Input     13 Bit         XORs := 96    
	   2 Input      1 Bit         XORs := 209   
	   3 Input      1 Bit         XORs := 24    
	   4 Input      1 Bit         XORs := 12    
	   6 Input      1 Bit         XORs := 6     
	   5 Input      1 Bit         XORs := 6     
	   7 Input      1 Bit         XORs := 10    
+---XORs : 
	               12 Bit    Wide XORs := 4     
	                2 Bit    Wide XORs := 4     
+---Registers : 
	              240 Bit    Registers := 8     
	              144 Bit    Registers := 8     
	              122 Bit    Registers := 2     
	               99 Bit    Registers := 2     
	               81 Bit    Registers := 8     
	               65 Bit    Registers := 1     
	               63 Bit    Registers := 2     
	               48 Bit    Registers := 10    
	               44 Bit    Registers := 12    
	               36 Bit    Registers := 6     
	               32 Bit    Registers := 30    
	               30 Bit    Registers := 8     
	               24 Bit    Registers := 167   
	               17 Bit    Registers := 24    
	               16 Bit    Registers := 237   
	               14 Bit    Registers := 242   
	               13 Bit    Registers := 105   
	               12 Bit    Registers := 33    
	                8 Bit    Registers := 35    
	                6 Bit    Registers := 24    
	                5 Bit    Registers := 4     
	                4 Bit    Registers := 28    
	                3 Bit    Registers := 4     
	                2 Bit    Registers := 9     
	                1 Bit    Registers := 611   
+---Muxes : 
	   2 Input   65 Bit        Muxes := 5     
	   7 Input   48 Bit        Muxes := 2     
	   2 Input   44 Bit        Muxes := 4     
	   2 Input   36 Bit        Muxes := 2     
	   2 Input   32 Bit        Muxes := 11    
	  30 Input   32 Bit        Muxes := 2     
	   2 Input   24 Bit        Muxes := 12    
	   2 Input   20 Bit        Muxes := 1     
	   2 Input   16 Bit        Muxes := 44    
	   2 Input   15 Bit        Muxes := 1     
	   3 Input   14 Bit        Muxes := 8     
	   3 Input   13 Bit        Muxes := 16    
	   4 Input   12 Bit        Muxes := 2     
	   2 Input   12 Bit        Muxes := 8     
	   5 Input   12 Bit        Muxes := 4     
	   2 Input   11 Bit        Muxes := 1     
	   2 Input    9 Bit        Muxes := 1     
	   2 Input    8 Bit        Muxes := 1     
	   2 Input    6 Bit        Muxes := 2     
	   2 Input    5 Bit        Muxes := 17    
	   3 Input    4 Bit        Muxes := 12    
	   5 Input    3 Bit        Muxes := 4     
	   2 Input    2 Bit        Muxes := 1     
	   4 Input    2 Bit        Muxes := 1     
	   7 Input    1 Bit        Muxes := 1     
	   2 Input    1 Bit        Muxes := 89    
	   3 Input    1 Bit        Muxes := 17    
---------------------------------------------------------------------------------
Finished RTL Component Statistics 
---------------------------------------------------------------------------------
---------------------------------------------------------------------------------
Start Part Resource Summary
---------------------------------------------------------------------------------
Part Resources:
DSPs: 220 (col length:60)
BRAMs: 280 (col length: RAMB18 60 RAMB36 30)
---------------------------------------------------------------------------------
Finished Part Resource Summary
---------------------------------------------------------------------------------
---------------------------------------------------------------------------------
Start Cross Boundary and Area Optimization
---------------------------------------------------------------------------------
WARNING: [Synth 8-7080] Parallel synthesis criteria is not met
WARNING: [Synth 8-7129] Port rx_clk_in_p in module axi_ad9361 is either unconnected or has no load
WARNING: [Synth 8-7129] Port rx_clk_in_n in module axi_ad9361 is either unconnected or has no load
WARNING: [Synth 8-7129] Port rx_frame_in_p in module axi_ad9361 is either unconnected or has no load
WARNING: [Synth 8-7129] Port rx_frame_in_n in module axi_ad9361 is either unconnected or has no load
WARNING: [Synth 8-7129] Port rx_data_in_p[5] in module axi_ad9361 is either unconnected or has no load
WARNING: [Synth 8-7129] Port rx_data_in_p[4] in module axi_ad9361 is either unconnected or has no load
WARNING: [Synth 8-7129] Port rx_data_in_p[3] in module axi_ad9361 is either unconnected or has no load
WARNING: [Synth 8-7129] Port rx_data_in_p[2] in module axi_ad9361 is either unconnected or has no load
WARNING: [Synth 8-7129] Port rx_data_in_p[1] in module axi_ad9361 is either unconnected or has no load
WARNING: [Synth 8-7129] Port rx_data_in_p[0] in module axi_ad9361 is either unconnected or has no load
WARNING: [Synth 8-7129] Port rx_data_in_n[5] in module axi_ad9361 is either unconnected or has no load
WARNING: [Synth 8-7129] Port rx_data_in_n[4] in module axi_ad9361 is either unconnected or has no load
WARNING: [Synth 8-7129] Port rx_data_in_n[3] in module axi_ad9361 is either unconnected or has no load
WARNING: [Synth 8-7129] Port rx_data_in_n[2] in module axi_ad9361 is either unconnected or has no load
WARNING: [Synth 8-7129] Port rx_data_in_n[1] in module axi_ad9361 is either unconnected or has no load
WARNING: [Synth 8-7129] Port rx_data_in_n[0] in module axi_ad9361 is either unconnected or has no load
WARNING: [Synth 8-7129] Port dac_sync_in in module axi_ad9361 is either unconnected or has no load
WARNING: [Synth 8-7129] Port gps_pps in module axi_ad9361 is either unconnected or has no load
WARNING: [Synth 8-7129] Port dac_data_i0[3] in module axi_ad9361 is either unconnected or has no load
WARNING: [Synth 8-7129] Port dac_data_i0[2] in module axi_ad9361 is either unconnected or has no load
WARNING: [Synth 8-7129] Port dac_data_i0[1] in module axi_ad9361 is either unconnected or has no load
WARNING: [Synth 8-7129] Port dac_data_i0[0] in module axi_ad9361 is either unconnected or has no load
WARNING: [Synth 8-7129] Port dac_data_q0[3] in module axi_ad9361 is either unconnected or has no load
WARNING: [Synth 8-7129] Port dac_data_q0[2] in module axi_ad9361 is either unconnected or has no load
WARNING: [Synth 8-7129] Port dac_data_q0[1] in module axi_ad9361 is either unconnected or has no load
WARNING: [Synth 8-7129] Port dac_data_q0[0] in module axi_ad9361 is either unconnected or has no load
WARNING: [Synth 8-7129] Port dac_data_i1[3] in module axi_ad9361 is either unconnected or has no load
WARNING: [Synth 8-7129] Port dac_data_i1[2] in module axi_ad9361 is either unconnected or has no load
WARNING: [Synth 8-7129] Port dac_data_i1[1] in module axi_ad9361 is either unconnected or has no load
WARNING: [Synth 8-7129] Port dac_data_i1[0] in module axi_ad9361 is either unconnected or has no load
WARNING: [Synth 8-7129] Port dac_data_q1[3] in module axi_ad9361 is either unconnected or has no load
WARNING: [Synth 8-7129] Port dac_data_q1[2] in module axi_ad9361 is either unconnected or has no load
WARNING: [Synth 8-7129] Port dac_data_q1[1] in module axi_ad9361 is either unconnected or has no load
WARNING: [Synth 8-7129] Port dac_data_q1[0] in module axi_ad9361 is either unconnected or has no load
WARNING: [Synth 8-7129] Port s_axi_awprot[2] in module axi_ad9361 is either unconnected or has no load
WARNING: [Synth 8-7129] Port s_axi_awprot[1] in module axi_ad9361 is either unconnected or has no load
WARNING: [Synth 8-7129] Port s_axi_awprot[0] in module axi_ad9361 is either unconnected or has no load
WARNING: [Synth 8-7129] Port s_axi_arprot[2] in module axi_ad9361 is either unconnected or has no load
WARNING: [Synth 8-7129] Port s_axi_arprot[1] in module axi_ad9361 is either unconnected or has no load
WARNING: [Synth 8-7129] Port s_axi_arprot[0] in module axi_ad9361 is either unconnected or has no load
---------------------------------------------------------------------------------
Finished Cross Boundary and Area Optimization : Time (s): cpu = 00:00:55 ; elapsed = 00:00:54 . Memory (MB): peak = 2353.688 ; gain = 706.195 ; free physical = 3603 ; free virtual = 7921
---------------------------------------------------------------------------------
---------------------------------------------------------------------------------
Start Applying XDC Timing Constraints
---------------------------------------------------------------------------------
---------------------------------------------------------------------------------
Finished Applying XDC Timing Constraints : Time (s): cpu = 00:01:05 ; elapsed = 00:01:04 . Memory (MB): peak = 2353.688 ; gain = 706.195 ; free physical = 1352 ; free virtual = 5665
---------------------------------------------------------------------------------
---------------------------------------------------------------------------------
Start Timing Optimization
---------------------------------------------------------------------------------
---------------------------------------------------------------------------------
Finished Timing Optimization : Time (s): cpu = 00:01:06 ; elapsed = 00:01:05 . Memory (MB): peak = 2353.688 ; gain = 706.195 ; free physical = 1084 ; free virtual = 5399
---------------------------------------------------------------------------------
---------------------------------------------------------------------------------
Start Technology Mapping
---------------------------------------------------------------------------------
---------------------------------------------------------------------------------
Finished Technology Mapping : Time (s): cpu = 00:01:13 ; elapsed = 00:01:12 . Memory (MB): peak = 2353.688 ; gain = 706.195 ; free physical = 237 ; free virtual = 4562
---------------------------------------------------------------------------------
---------------------------------------------------------------------------------
Start IO Insertion
---------------------------------------------------------------------------------
---------------------------------------------------------------------------------
Start Flattening Before IO Insertion
---------------------------------------------------------------------------------
---------------------------------------------------------------------------------
Finished Flattening Before IO Insertion
---------------------------------------------------------------------------------
---------------------------------------------------------------------------------
Start Final Netlist Cleanup
---------------------------------------------------------------------------------
---------------------------------------------------------------------------------
Finished Final Netlist Cleanup
---------------------------------------------------------------------------------
---------------------------------------------------------------------------------
Finished IO Insertion : Time (s): cpu = 00:01:18 ; elapsed = 00:01:18 . Memory (MB): peak = 2353.688 ; gain = 706.195 ; free physical = 228 ; free virtual = 4549
---------------------------------------------------------------------------------
---------------------------------------------------------------------------------
Start Renaming Generated Instances
---------------------------------------------------------------------------------
---------------------------------------------------------------------------------
Finished Renaming Generated Instances : Time (s): cpu = 00:01:18 ; elapsed = 00:01:18 . Memory (MB): peak = 2353.688 ; gain = 706.195 ; free physical = 227 ; free virtual = 4546
---------------------------------------------------------------------------------
---------------------------------------------------------------------------------
Start Rebuilding User Hierarchy
---------------------------------------------------------------------------------
---------------------------------------------------------------------------------
Finished Rebuilding User Hierarchy : Time (s): cpu = 00:01:20 ; elapsed = 00:01:20 . Memory (MB): peak = 2353.688 ; gain = 706.195 ; free physical = 433 ; free virtual = 4571
---------------------------------------------------------------------------------
---------------------------------------------------------------------------------
Start Renaming Generated Ports
---------------------------------------------------------------------------------
---------------------------------------------------------------------------------
Finished Renaming Generated Ports : Time (s): cpu = 00:01:20 ; elapsed = 00:01:20 . Memory (MB): peak = 2353.688 ; gain = 706.195 ; free physical = 433 ; free virtual = 4571
---------------------------------------------------------------------------------
---------------------------------------------------------------------------------
Start Handling Custom Attributes
---------------------------------------------------------------------------------
---------------------------------------------------------------------------------
Finished Handling Custom Attributes : Time (s): cpu = 00:01:21 ; elapsed = 00:01:21 . Memory (MB): peak = 2353.688 ; gain = 706.195 ; free physical = 431 ; free virtual = 4569
---------------------------------------------------------------------------------
---------------------------------------------------------------------------------
Start Renaming Generated Nets
---------------------------------------------------------------------------------
---------------------------------------------------------------------------------
Finished Renaming Generated Nets : Time (s): cpu = 00:01:21 ; elapsed = 00:01:21 . Memory (MB): peak = 2353.688 ; gain = 706.195 ; free physical = 431 ; free virtual = 4569
---------------------------------------------------------------------------------
---------------------------------------------------------------------------------
Start ROM, RAM, DSP, Shift Register and Retiming Reporting
---------------------------------------------------------------------------------

Static Shift Register Report:
+------------+------------------------------------------------------------+--------+-------+--------------+--------------------+-------------------+--------+---------+
|Module Name | RTL Name                                                   | Length | Width | Reset Signal | Pull out first Reg | Pull out last Reg | SRL16E | SRLC32E | 
+------------+------------------------------------------------------------+--------+-------+--------------+--------------------+-------------------+--------+---------+
|axi_ad9361  | i_tx/i_tx_channel_0/i_dds/dac_dds_data_reg[10]             | 4      | 11    | NO           | YES                | YES               | 11     | 0       | 
|axi_ad9361  | i_tx/i_tx_channel_0/i_ad_iqcor/g_loop[0].p1_data_i_reg[15] | 4      | 13    | NO           | NO                 | YES               | 13     | 0       | 
|axi_ad9361  | i_tx/i_tx_channel_1/i_dds/dac_dds_data_reg[10]             | 4      | 11    | NO           | YES                | YES               | 11     | 0       | 
|axi_ad9361  | i_tx/i_tx_channel_1/i_ad_iqcor/g_loop[0].p1_data_q_reg[15] | 4      | 12    | NO           | NO                 | YES               | 12     | 0       | 
|axi_ad9361  | i_tx/i_tx_channel_2/i_dds/dac_dds_data_reg[10]             | 4      | 11    | NO           | YES                | YES               | 11     | 0       | 
|axi_ad9361  | i_tx/i_tx_channel_2/i_ad_iqcor/g_loop[0].p1_data_i_reg[15] | 4      | 12    | NO           | NO                 | YES               | 12     | 0       | 
|axi_ad9361  | i_tx/i_tx_channel_3/i_dds/dac_dds_data_reg[10]             | 4      | 11    | NO           | YES                | YES               | 11     | 0       | 
|axi_ad9361  | i_tx/i_tx_channel_3/i_ad_iqcor/g_loop[0].p1_data_q_reg[15] | 4      | 12    | NO           | NO                 | YES               | 12     | 0       | 
|axi_ad9361  | i_tdd/i_tdd_control/i_tx_dp_on_2_comp/out_reg[23]          | 4      | 24    | NO           | NO                 | YES               | 24     | 0       | 
|axi_ad9361  | i_tdd/i_tdd_control/i_tx_dp_on_1_comp/out_reg[23]          | 4      | 24    | NO           | NO                 | YES               | 24     | 0       | 
|axi_ad9361  | i_tdd/i_tdd_control/i_tx_dp_off_1_comp/out_reg[23]         | 4      | 24    | NO           | NO                 | YES               | 24     | 0       | 
|axi_ad9361  | i_tdd/i_tdd_control/i_tx_dp_off_2_comp/out_reg[23]         | 4      | 24    | NO           | NO                 | YES               | 24     | 0       | 
|axi_ad9361  | i_tdd/i_tdd_control/i_vco_rx_on_2_comp/out_reg[23]         | 4      | 24    | NO           | NO                 | YES               | 24     | 0       | 
|axi_ad9361  | i_tdd/i_tdd_control/i_vco_rx_on_1_comp/out_reg[23]         | 4      | 24    | NO           | NO                 | YES               | 24     | 0       | 
|axi_ad9361  | i_tdd/i_tdd_control/i_vco_rx_off_1_comp/out_reg[23]        | 4      | 24    | NO           | NO                 | YES               | 24     | 0       | 
|axi_ad9361  | i_tdd/i_tdd_control/i_vco_rx_off_2_comp/out_reg[23]        | 4      | 24    | NO           | NO                 | YES               | 24     | 0       | 
|axi_ad9361  | i_tdd/i_tdd_control/i_vco_tx_on_2_comp/out_reg[23]         | 4      | 24    | NO           | NO                 | YES               | 24     | 0       | 
|axi_ad9361  | i_tdd/i_tdd_control/i_vco_tx_on_1_comp/out_reg[23]         | 4      | 24    | NO           | NO                 | YES               | 24     | 0       | 
|axi_ad9361  | i_tdd/i_tdd_control/i_vco_tx_off_1_comp/out_reg[23]        | 4      | 24    | NO           | NO                 | YES               | 24     | 0       | 
|axi_ad9361  | i_tdd/i_tdd_control/i_vco_tx_off_2_comp/out_reg[23]        | 4      | 24    | NO           | NO                 | YES               | 24     | 0       | 
|axi_ad9361  | i_tdd/i_tdd_control/i_rx_on_2_comp/out_reg[23]             | 4      | 24    | NO           | NO                 | YES               | 24     | 0       | 
|axi_ad9361  | i_tdd/i_tdd_control/i_rx_on_1_comp/out_reg[23]             | 4      | 24    | NO           | NO                 | YES               | 24     | 0       | 
|axi_ad9361  | i_tdd/i_tdd_control/i_rx_off_1_comp/out_reg[23]            | 4      | 24    | NO           | NO                 | YES               | 24     | 0       | 
|axi_ad9361  | i_tdd/i_tdd_control/i_rx_off_2_comp/out_reg[23]            | 4      | 24    | NO           | NO                 | YES               | 24     | 0       | 
|axi_ad9361  | i_tdd/i_tdd_control/i_tx_on_2_comp/out_reg[23]             | 4      | 24    | NO           | NO                 | YES               | 24     | 0       | 
|axi_ad9361  | i_tdd/i_tdd_control/i_tx_on_1_comp/out_reg[23]             | 4      | 24    | NO           | NO                 | YES               | 24     | 0       | 
|axi_ad9361  | i_tdd/i_tdd_control/i_tx_off_1_comp/out_reg[23]            | 4      | 24    | NO           | NO                 | YES               | 24     | 0       | 
|axi_ad9361  | i_tdd/i_tdd_control/i_tx_off_2_comp/out_reg[23]            | 4      | 24    | NO           | NO                 | YES               | 24     | 0       | 
|axi_ad9361  | i_rx/i_rx_channel_0/i_ad_iqcor/g_loop[0].p1_data_i_reg[15] | 4      | 16    | NO           | NO                 | YES               | 16     | 0       | 
|axi_ad9361  | i_rx/i_rx_channel_1/i_ad_iqcor/g_loop[0].p1_data_q_reg[15] | 4      | 16    | NO           | NO                 | YES               | 16     | 0       | 
|axi_ad9361  | i_rx/i_rx_channel_2/i_ad_iqcor/g_loop[0].p1_data_i_reg[15] | 4      | 16    | NO           | NO                 | YES               | 16     | 0       | 
|axi_ad9361  | i_rx/i_rx_channel_3/i_ad_iqcor/g_loop[0].p1_data_q_reg[15] | 4      | 16    | NO           | NO                 | YES               | 16     | 0       | 
|axi_ad9361  | i_rx/i_rx_channel_0/i_ad_iqcor/g_loop[0].valid_int_reg     | 7      | 1     | NO           | NO                 | NO                | 1      | 0       | 
+------------+------------------------------------------------------------+--------+-------+--------------+--------------------+-------------------+--------+---------+

---------------------------------------------------------------------------------
Finished ROM, RAM, DSP, Shift Register and Retiming Reporting
---------------------------------------------------------------------------------
---------------------------------------------------------------------------------
Start Writing Synthesis Report
---------------------------------------------------------------------------------

DSP Final Report (the ' indicates corresponding REG is set)
+----------------+---------------------+--------+--------+--------+--------+--------+------+------+------+------+-------+------+------+
|Module Name     | DSP Mapping         | A Size | B Size | C Size | D Size | P Size | AREG | BREG | CREG | DREG | ADREG | MREG | PREG | 
+----------------+---------------------+--------+--------+--------+--------+--------+------+------+------+------+-------+------+------+
|ad_dcfilter_174 | (C'+((D-A')'*B')')' | 30     | 18     | 48     | 25     | 48     | 1    | 1    | 1    | 1    | 1     | 1    | 1    | 
|ad_dcfilter_166 | (C'+((D-A')'*B')')' | 30     | 18     | 48     | 25     | 48     | 1    | 1    | 1    | 1    | 1     | 1    | 1    | 
|ad_dcfilter_158 | (C'+((D-A')'*B')')' | 30     | 18     | 48     | 25     | 48     | 1    | 1    | 1    | 1    | 1     | 1    | 1    | 
|ad_dcfilter     | (C'+((D-A')'*B')')' | 30     | 18     | 48     | 25     | 48     | 1    | 1    | 1    | 1    | 1     | 1    | 1    | 
+----------------+---------------------+--------+--------+--------+--------+--------+------+------+------+------+-------+------+------+


Report BlackBoxes: 
+------+--------------+----------+
|      |BlackBox name |Instances |
+------+--------------+----------+
|1     |DSP48E        |        24|
+------+--------------+----------+

Report Cell Usage: 
+------+-----------+------+
|      |Cell       |Count |
+------+-----------+------+
|1     |DSP48E     |    24|
|25    |BUFG       |     1|
|26    |CARRY4     |  1527|
|27    |DSP48E1    |     4|
|28    |IDDR       |    13|
|29    |IDELAYCTRL |     1|
|30    |IDELAYE2   |    13|
|31    |LUT1       |  1819|
|32    |LUT2       |  1470|
|33    |LUT3       |  4668|
|34    |LUT4       |   488|
|35    |LUT5       |   595|
|36    |LUT6       |  1812|
|37    |MUXF7      |    56|
|38    |MUXF8      |     4|
|39    |ODDR       |    16|
|40    |SRL16E     |   638|
|41    |FDCE       |  4117|
|42    |FDPE       |    10|
|43    |FDRE       | 11018|
|44    |FDSE       |   137|
|45    |IBUF       |    13|
|46    |IBUFG      |     1|
|47    |OBUF       |    16|
+------+-----------+------+
---------------------------------------------------------------------------------
Finished Writing Synthesis Report : Time (s): cpu = 00:01:21 ; elapsed = 00:01:21 . Memory (MB): peak = 2353.688 ; gain = 706.195 ; free physical = 417 ; free virtual = 4565
---------------------------------------------------------------------------------
Synthesis finished with 0 errors, 0 critical warnings and 41 warnings.
Synthesis Optimization Runtime : Time (s): cpu = 00:01:14 ; elapsed = 00:01:15 . Memory (MB): peak = 2353.688 ; gain = 557.410 ; free physical = 402 ; free virtual = 4550
Synthesis Optimization Complete : Time (s): cpu = 00:01:21 ; elapsed = 00:01:21 . Memory (MB): peak = 2353.688 ; gain = 706.195 ; free physical = 402 ; free virtual = 4550
INFO: [Project 1-571] Translating synthesized netlist
Netlist sorting complete. Time (s): cpu = 00:00:00.37 ; elapsed = 00:00:00.37 . Memory (MB): peak = 2353.688 ; gain = 0.000 ; free physical = 703 ; free virtual = 4841
INFO: [Netlist 29-17] Analyzing 1658 Unisim elements for replacement
WARNING: [Netlist 29-432] The IBUFG primitive 'inst/i_dev_if/i_clk/i_rx_clk_ibuf' has been retargeted to an IBUF primitive only. No BUFG will be added. If a global buffer is intended, please instantiate an available global clock primitive from the current architecture.
INFO: [Netlist 29-28] Unisim Transformation completed in 0 CPU seconds
INFO: [Project 1-570] Preparing netlist for logic optimization
INFO: [Opt 31-138] Pushed 0 inverter(s) to 0 load pin(s).
Netlist sorting complete. Time (s): cpu = 00:00:00.01 ; elapsed = 00:00:00.01 . Memory (MB): peak = 2353.688 ; gain = 0.000 ; free physical = 963 ; free virtual = 5111
INFO: [Project 1-111] Unisim Transformation Summary:
  A total of 25 instances were transformed.
  DSP48E => DSP48E1: 24 instances
  IBUFG => IBUF: 1 instance 

Synth Design complete | Checksum: 3d3ac446
INFO: [Common 17-83] Releasing license: Synthesis
194 Infos, 460 Warnings, 0 Critical Warnings and 0 Errors encountered.
synth_design completed successfully
synth_design: Time (s): cpu = 00:01:34 ; elapsed = 00:01:30 . Memory (MB): peak = 2353.688 ; gain = 1055.695 ; free physical = 964 ; free virtual = 5111
INFO: [Common 17-2834] synth_design peak Physical Memory [PSS] (MB): overall = 1788.839; main = 1458.680; forked = 330.159
INFO: [Common 17-2834] synth_design peak Virtual Memory [VSS] (MB): overall = 3337.508; main = 2353.656; forked = 1015.867
Write ShapeDB Complete: Time (s): cpu = 00:00:00.2 ; elapsed = 00:00:00.07 . Memory (MB): peak = 2377.664 ; gain = 0.000 ; free physical = 975 ; free virtual = 5128
INFO: [Common 17-1381] The checkpoint '/home/dator2/Documents/clean_fw_folder/antsdr-fw-patch/plutosdr-fw/hdl/projects/e200/e200.runs/system_axi_ad9361_0_synth_1/system_axi_ad9361_0.dcp' has been generated.
INFO: [Coretcl 2-1648] Added synthesis output to IP cache for IP system_axi_ad9361_0, cache-ID = fca2611a276bd7da
INFO: [Coretcl 2-1174] Renamed 297 cell refs.
Write ShapeDB Complete: Time (s): cpu = 00:00:00.1 ; elapsed = 00:00:00.04 . Memory (MB): peak = 2377.664 ; gain = 0.000 ; free physical = 1152 ; free virtual = 5351
INFO: [Common 17-1381] The checkpoint '/home/dator2/Documents/clean_fw_folder/antsdr-fw-patch/plutosdr-fw/hdl/projects/e200/e200.runs/system_axi_ad9361_0_synth_1/system_axi_ad9361_0.dcp' has been generated.
INFO: [runtcl-4] Executing : report_utilization -file system_axi_ad9361_0_utilization_synth.rpt -pb system_axi_ad9361_0_utilization_synth.pb
INFO: [Common 17-206] Exiting Vivado at Wed Jul  9 15:28:19 2025...
