
****** Vivado v2023.2 (64-bit)
  **** SW Build 4029153 on Fri Oct 13 20:13:54 MDT 2023
  **** IP Build 4028589 on Sat Oct 14 00:45:43 MDT 2023
  **** SharedData Build 4025554 on Tue Oct 10 17:18:54 MDT 2023
    ** Copyright 1986-2022 Xilinx, Inc. All Rights Reserved.
    ** Copyright 2022-2023 Advanced Micro Devices, Inc. All Rights Reserved.

source system_project.tcl
# source ../../scripts/adi_env.tcl
## set ad_hdl_dir [file normalize [file join [file dirname [info script]] "../"]]
## if [info exists ::env(ADI_HDL_DIR)] {
##   set ad_hdl_dir [file normalize $::env(ADI_HDL_DIR)]
## }
## if [info exists ::env(ADI_GHDL_DIR)] {
##   set ad_ghdl_dir [file normalize $::env(ADI_GHDL_DIR)]
## }
## set required_vivado_version "2023.2"
## if {[info exists ::env(REQUIRED_VIVADO_VERSION)]} {
##   set required_vivado_version $::env(REQUIRED_VIVADO_VERSION)
## } elseif {[info exists REQUIRED_VIVADO_VERSION]} {
##   set required_vivado_version $REQUIRED_VIVADO_VERSION
## }
## if {[info exists ::env(ADI_IGNORE_VERSION_CHECK)]} {
##   set IGNORE_VERSION_CHECK 1
## } elseif {![info exists IGNORE_VERSION_CHECK]} {
##   set IGNORE_VERSION_CHECK 0
## }
## if {![info exists REQUIRED_QUARTUS_VERSION]} {
##   set REQUIRED_QUARTUS_VERSION "23.2.0"
## }
## set required_lattice_version "2023.2"
## if {[info exists ::env(REQUIRED_LATTICE_VERSION)]} {
##   set required_lattice_version $::env(REQUIRED_LATTICE_VERSION)
## } elseif {[info exists REQUIRED_LATTICE_VERSION]} {
##   set required_lattice_version $REQUIRED_LATTICE_VERSION
## }
## proc get_env_param {name default_value} {
##   if [info exists ::env($name)] {
##     puts "Getting from environment the parameter: $name=$::env($name) "
##     return $::env($name)
##   } else {
##     return $default_value
##   }
## }
# source $ad_hdl_dir/projects/scripts/adi_project_xilinx.tcl
## if {[info exists ::env(ADI_USE_OOC_SYNTHESIS)]} {
##   if {[string equal $::env(ADI_USE_OOC_SYNTHESIS) n]} {
##      set ADI_USE_OOC_SYNTHESIS 0
##   } else {
##      set ADI_USE_OOC_SYNTHESIS 1
##   }
## } elseif {![info exists ADI_USE_OOC_SYNTHESIS]} {
##    set ADI_USE_OOC_SYNTHESIS 1
## }
## if {![info exists ::env(ADI_MAX_OOC_JOBS)]} {
##   set ADI_MAX_OOC_JOBS 4
## } else {
##   set ADI_MAX_OOC_JOBS $::env(ADI_MAX_OOC_JOBS)
## }
## set ADI_USE_INCR_COMP 1
## set ADI_POWER_OPTIMIZATION 0
## set p_board "not-applicable"
## set p_device "none"
## set sys_zynq 1
## set p_prcfg_init ""
## set p_prcfg_list ""
## set p_prcfg_status ""
## proc adi_project {project_name {mode 0} {parameter_list {}} } {
## 
##   set device ""
##   set board ""
## 
##   # Determine the device based on the board name
##   if [regexp "_ac701" $project_name] {
##     set device "xc7a200tfbg676-2"
##     set board [lindex [lsearch -all -inline [get_board_parts] *ac701*] end]
##   }
##   if [regexp "_kc705" $project_name] {
##     set device "xc7k325tffg900-2"
##     set board [lindex [lsearch -all -inline [get_board_parts] *kc705*] end]
##   }
##   if [regexp "_vc707" $project_name] {
##     set device "xc7vx485tffg1761-2"
##     set board [lindex [lsearch -all -inline [get_board_parts] *vc707*] end]
##   }
##   if [regexp "_vcu118" $project_name] {
##     set device "xcvu9p-flga2104-2L-e"
##     set board [lindex [lsearch -all -inline [get_board_parts] *vcu118*] end]
##   }
##   if [regexp "_vcu128" $project_name] {
##     set device "xcvu37p-fsvh2892-2L-e"
##     set board [lindex [lsearch -all -inline [get_board_parts] *vcu128:part0*] end]
##   }
##   if [regexp "_kcu105" $project_name] {
##     set device "xcku040-ffva1156-2-e"
##     set board [lindex [lsearch -all -inline [get_board_parts] *kcu105*] end]
##   }
##   if [regexp "_zed" $project_name] {
##     set device "xc7z020clg484-1"
##     set board [lindex [lsearch -all -inline [get_board_parts] *zed*] end]
##   }
##   if [regexp "_coraz7s" $project_name] {
##     set device "xc7z007sclg400-1"
##     set board "not-applicable"
##   }
##   if [regexp "_microzed" $project_name] {
##     set device "xc7z010clg400-1"
##     set board "not-applicable"
##   }
##   if [regexp "_zc702" $project_name] {
##     set device "xc7z020clg484-1"
##     set board [lindex [lsearch -all -inline [get_board_parts] *zc702*] end]
##   }
##   if [regexp "_zc706" $project_name] {
##     set device "xc7z045ffg900-2"
##     set board [lindex [lsearch -all -inline [get_board_parts] *zc706*] end]
##   }
##   if [regexp "_mitx045" $project_name] {
##     set device "xc7z045ffg900-2"
##     set board "not-applicable"
##   }
##   if [regexp "_zcu102" $project_name] {
##     set device "xczu9eg-ffvb1156-2-e"
##     set board [lindex [lsearch -all -inline [get_board_parts] *zcu102*] end]
##   }
##   if [regexp "_vmk180_es1" $project_name] {
##     enable_beta_device xcvm*
##     xhub::refresh_catalog [xhub::get_xstores xilinx_board_store]
##     xhub::install [xhub::get_xitems xilinx.com:xilinx_board_store:vmk180_es:*] -quiet
##     set_param board.repoPaths [get_property LOCAL_ROOT_DIR [xhub::get_xstores xilinx_board_store]]
##     set device "xcvm1802-vsva2197-2MP-e-S-es1"
##     set board [lindex [lsearch -all -inline [get_board_parts] *vmk180_es*] end]
##   }
##   if [regexp "_vmk180" $project_name] {
##     set device "xcvm1802-vsva2197-2MP-e-S"
##     set board [lindex [lsearch -all -inline [get_board_parts] *vmk180*] end]
##   }
##   if [regexp "_vck190" $project_name] {
##     set device "xcvc1902-vsva2197-2MP-e-S"
##     set board [lindex [lsearch -all -inline [get_board_parts] *vck190*] end]
##   }
##   if [regexp "_vpk180" $project_name] {
##     set device "xcvp1802-lsvc4072-2MP-e-S"
##     set board [lindex [lsearch -all -inline [get_board_parts] *vpk180*] end]
##   }
##   if [regexp "_vc709" $project_name] {
##     set device "xc7vx690tffg1761-2"
##     set board [lindex [lsearch -all -inline [get_board_parts] *vc709*] end]
##   }
##   if [regexp "_kv260" $project_name] {
##     set device "xck26-sfvc784-2LV-c"
##     set board [lindex [lsearch -all -inline [get_board_parts] *kv260*] end]
##   }
##   if [regexp "_k26" $project_name] {
##     set device "xck26-sfvc784-2LVI-i"
##     set board [lindex [lsearch -all -inline [get_board_parts] *k26*] end]
##   }
## 
##   adi_project_create $project_name $mode $parameter_list $device $board
## }
## proc adi_project_create {project_name mode parameter_list device {board "not-applicable"}}  {
## 
##   global ad_hdl_dir
##   global ad_ghdl_dir
##   global ad_project_dir
##   global p_board
##   global p_device
##   global sys_zynq
##   global required_vivado_version
##   global IGNORE_VERSION_CHECK
##   global ADI_USE_OOC_SYNTHESIS
##   global ADI_USE_INCR_COMP
##   global use_smartconnect
## 
##   if {![info exists ::env(ADI_PROJECT_DIR)]} {
##     set actual_project_name $project_name
##   } else {
##     set actual_project_name "$::env(ADI_PROJECT_DIR)${project_name}"
##   }
## 
##   ## update the value of $p_device only if it was not already updated elsewhere
##   if {$p_device eq "none"} {
##     set p_device $device
##   }
##   set p_board $board
## 
##   set use_smartconnect 1
##   if [regexp "^xc7z" $p_device] {
##     # SmartConnect has higher resource utilization and worse timing closure on older families
##     set use_smartconnect 0
##   }
## 
##   if [regexp "^xc7z" $p_device] {
##     set sys_zynq 1
##   } elseif [regexp "^xck26" $p_device] {
##     set sys_zynq 2
##   } elseif [regexp "^xczu" $p_device]  {
##     set sys_zynq 2
##   } elseif [regexp "^xcv\[ecmph\]" $p_device]  {
##     set sys_zynq 3
##   } else {
##     set sys_zynq 0
##   }
## 
##   set VIVADO_VERSION [version -short]
##   if {$IGNORE_VERSION_CHECK} {
##     if {[string compare $VIVADO_VERSION $required_vivado_version] != 0} {
##       puts -nonewline "CRITICAL WARNING: vivado version mismatch; "
##       puts -nonewline "expected $required_vivado_version, "
##       puts -nonewline "got $VIVADO_VERSION.\n"
##     }
##   } else {
##     if {[string compare $VIVADO_VERSION $required_vivado_version] != 0} {
##       puts -nonewline "ERROR: vivado version mismatch; "
##       puts -nonewline "expected $required_vivado_version, "
##       puts -nonewline "got $VIVADO_VERSION.\n"
##       puts -nonewline "This ERROR message can be down-graded to CRITICAL WARNING by setting ADI_IGNORE_VERSION_CHECK environment variable to 1. Be aware that ADI will not support you, if you are using a different tool version.\n"
##       exit 2
##     }
##   }
## 
##    if {[info exists ::env(ADI_MATLAB)]} {
##     set ADI_MATLAB 1
##     set actual_project_name "$ad_hdl_dir/vivado_prj"
##     if {$mode != 0} {
##         puts -nonewline "MATLAB builds do not support mode 2"
##         exit 2
##     }
##   } else {
##     set ADI_MATLAB 0
##   }
## 
##   if {$mode == 0} {
##      set project_system_dir "${actual_project_name}.srcs/sources_1/bd/system"
##      if {$ADI_MATLAB == 0} {
##        create_project ${actual_project_name} . -part $p_device -force
##      }
##   } else {
##     set project_system_dir "${actual_project_name}.srcs/sources_1/bd/system"
##     create_project -in_memory -part $p_device
##   }
## 
##   if {$mode == 1} {
##     file mkdir ${actual_project_name}.data
##   }
## 
##   if {$p_board ne "not-applicable"} {
##     set_property board_part $p_board [current_project]
##   }
## 
##   if {$ADI_MATLAB == 0} {
##     set lib_dirs $ad_hdl_dir/library
##   } else {
##     set lib_dirs [get_property ip_repo_paths [current_fileset]]
##      lappend lib_dirs $ad_hdl_dir/library
##   }
##   if {[info exists ::env(ADI_GHDL_DIR)]} {
##     if {$ad_hdl_dir ne $ad_ghdl_dir} {
##       lappend lib_dirs $ad_ghdl_dir/library
##     }
##   }
## 
##   # Set a common IP cache for all projects
##   if {$ADI_USE_OOC_SYNTHESIS == 1} {
##     if {[file exists $ad_hdl_dir/ipcache] == 0} {
##       file mkdir $ad_hdl_dir/ipcache
##     }
##     config_ip_cache -import_from_project -use_cache_location $ad_hdl_dir/ipcache
##   }
## 
##   set_property ip_repo_paths $lib_dirs [current_fileset]
##   update_ip_catalog
## 
##   ## Load custom message severity definitions
## 
##   if {![info exists ::env(ADI_DISABLE_MESSAGE_SUPPRESION)]} {
##     source $ad_hdl_dir/projects/scripts/adi_xilinx_msg.tcl
##   }
## 
##   ## In Vivado there is a limit for the number of warnings and errors which are
##   ## displayed by the tool for a particular error or warning; the default value
##   ## of this limit is 100.
##   ## Overrides the default limit to 2000.
##   set_param messaging.defaultLimit 2000
## 
##   # Set parameters of the top level file
##   # Make the same parameters available to system_bd.tcl
##   set proj_params [get_property generic [current_fileset]]
##   foreach {param value} $parameter_list {
##     lappend proj_params $param=$value
##     set ad_project_params($param) $value
##   }
##   set_property generic $proj_params [current_fileset]
## 
##   create_bd_design "system"
##   source system_bd.tcl
## 
##   save_bd_design
##   validate_bd_design
## 
##   if {$ADI_USE_OOC_SYNTHESIS == 1} {
##     set_property synth_checkpoint_mode Hierarchical [get_files  $project_system_dir/system.bd]
##   } else {
##     set_property synth_checkpoint_mode None [get_files  $project_system_dir/system.bd]
##   }
##   generate_target {synthesis implementation} [get_files  $project_system_dir/system.bd]
##   if {$ADI_USE_OOC_SYNTHESIS == 1} {
##     export_ip_user_files -of_objects [get_files  $project_system_dir/system.bd] -no_script -sync -force -quiet
##     create_ip_run [get_files  $project_system_dir/system.bd]
##   }
##   make_wrapper -files [get_files $project_system_dir/system.bd] -top
## 
##   if {$mode == 0} {
##     import_files -force -norecurse -fileset sources_1 $project_system_dir/hdl/system_wrapper.v
##   } else {
##     write_hwdef -file "${actual_project_name}.data/$project_name.hwdef"
##   }
## 
##   if {$ADI_USE_INCR_COMP == 1} {
##     if {[file exists ./reference.dcp]} {
##       set_property incremental_checkpoint ./reference.dcp [get_runs impl_1]
##     }
##   }
## 
## }
## proc adi_project_files {project_name project_files} {
## 
##   foreach pfile $project_files {
##     if {[string range $pfile [expr 1 + [string last . $pfile]] end] == "xdc"} {
##       add_files -norecurse -fileset constrs_1 $pfile
##     } elseif [regexp "_constr.tcl" $pfile] {
##       add_files -norecurse -fileset sources_1 $pfile
##     } else {
##       add_files -norecurse -fileset sources_1 $pfile
##     }
##   }
## 
##   # NOTE: top file name is always system_top
##   set_property top system_top [current_fileset]
## }
## proc adi_project_run {project_name} {
## 
##   global ad_project_dir
##   global ADI_POWER_OPTIMIZATION
##   global ADI_USE_OOC_SYNTHESIS
##   global ADI_MAX_OOC_JOBS
## 
##   if {![info exists ::env(ADI_PROJECT_DIR)]} {
##     set actual_project_name $project_name
##     set ad_project_dir ""
##   } else {
##     set actual_project_name "$::env(ADI_PROJECT_DIR)${project_name}"
##     set ad_project_dir "$::env(ADI_PROJECT_DIR)"
##   }
##   if {[info exists ::env(ADI_SKIP_SYNTHESIS)]} {
##     puts "Skipping synthesis"
##     return
##   }
## 
##   if {$ADI_USE_OOC_SYNTHESIS == 1} {
##     launch_runs -jobs $ADI_MAX_OOC_JOBS system_*_synth_1 synth_1
##   } else {
##     launch_runs synth_1
##   }
##   wait_on_run synth_1
##   open_run synth_1
##   report_timing_summary -file ${ad_project_dir}timing_synth.log
## 
##   if {![info exists ::env(ADI_NO_BITSTREAM_COMPRESSION)] && ![info exists ADI_NO_BITSTREAM_COMPRESSION]} {
##     set_property BITSTREAM.GENERAL.COMPRESS TRUE [current_design]
##   }
## 
##   if {$ADI_POWER_OPTIMIZATION == 1} {
##   set_property STEPS.POWER_OPT_DESIGN.IS_ENABLED true [get_runs impl_1]
##   set_property STEPS.POST_PLACE_POWER_OPT_DESIGN.IS_ENABLED true [get_runs impl_1]
##   }
## 
##   set_param board.repoPaths [get_property LOCAL_ROOT_DIR [xhub::get_xstores xilinx_board_store]]
## 
##   launch_runs impl_1 -to_step write_bitstream
##   wait_on_run impl_1
##   open_run impl_1
##   report_timing_summary -warn_on_violation -file ${ad_project_dir}timing_impl.log
## 
##   if {[info exists ::env(ADI_GENERATE_UTILIZATION)]} {
##     set csv_file ${ad_project_dir}resource_utilization.csv
##     if {[ catch {
##       xilinx::designutils::report_failfast -csv -file $csv_file -transpose -no_header -ignore_pr -quiet
##       set MMCM [llength [get_cells -hierarchical -filter { PRIMITIVE_TYPE =~ *MMCM* }]]
##       set PLL [llength [get_cells -hierarchical -filter { PRIMITIVE_TYPE =~ *PLL* }]]
##       set worst_slack_setup [get_property SLACK [get_timing_paths -setup]]
##       set worst_slack_hold [get_property SLACK [get_timing_paths -hold]]
## 
##       set fileRead [open $csv_file r]
##       set lines [split [read $fileRead] "\n"]
##       set names_line [lindex $lines end-3]
##       set values_line [lindex $lines end-2]
##       close $fileRead
## 
##       set fileWrite [open $csv_file w]
##       puts $fileWrite "$names_line,MMCM*,PLL*,Worst_Setup_Slack,Worst_Hold_Slack"
##       puts $fileWrite "$values_line,$MMCM,$PLL,$worst_slack_setup,$worst_slack_hold"
##       close $fileWrite
##       } issue ] != 0 } {
##         puts "GENERATE_REPORTS: tclapp::xilinx::designutils not installed"
##       }
## 
##       # Define a list of IPs for which to generate report utilization
##       set IP_list {
##         ad_ip_jesd_204_tpl_adc
##         ad_ip_jesd_204_tpl_dac
##         axi_jesd204_rx
##         axi_jesd204_tx
##         jesd204_rx
##         jesd204_tx
##         axi_adxcvr
##         util_adxcvr
##         axi_dmac
##         util_cpack2
##         util_upack2
##       }
## 
##       foreach IP_name $IP_list {
## 	set output_file ${ad_project_dir}${IP_name}_resource_utilization.log
##         file delete $output_file
##         foreach IP_instance [ get_cells -quiet -hierarchical -filter " ORIG_REF_NAME =~ $IP_name || REF_NAME =~ $IP_name " ] {
##           report_utilization -hierarchical -hierarchical_depth 1 -cells $IP_instance -file $output_file -append -quiet
##           report_property $IP_instance -file $output_file -append -quiet
##           set report_file [ open $output_file a ]
##           puts $report_file "\n\n\n"
##           close $report_file
##         }
##       }
##     } else {
##     puts "GENERATE_REPORTS: Resource utilization files won't be generated because ADI_GENERATE_UTILIZATION env var is not set"
##   }
## 
##   ## Extract IP ports and their properties
## 
##   if {[info exists ::env(ADI_EXTRACT_PORTS)]} {
## 
##     set p_output_file ports_properties.txt
## 
##     # Define a list of IPs for which to generate the ports properties and nets report
##     set P_IP_list {
##       util_wfifo
##       util_rfifo
##       util_cpack2
##       util_upack2
##       ad_ip_jesd204_tpl_adc
##       ad_ip_jesd204_tpl_dac
##       rx_fir_decimator
##       tx_fir_interpolator
##       axi_ad9361
##       axi_adrv9009
##     }
## 
##     set fileWrite [open $p_output_file w]
## 
##     foreach P_IP_name $P_IP_list {
##       foreach P_IP_instance [ get_cells -quiet -hierarchical -filter " ORIG_REF_NAME =~ $P_IP_name || REF_NAME =~ $P_IP_name " ] {
##         set P_IP_instance_name [regsub -all {i_system_wrapper\/system_i\/} $P_IP_instance {}]
## 	if { [regexp {adc_tpl_core} $P_IP_instance_name] } {
##             set P_IP_INST  [regsub -all {\/adc_tpl_core/inst} $P_IP_instance_name {}]
##             puts "$P_IP_INST\n"
##         } elseif { [regexp {dac_tpl_core} $P_IP_instance_name] } {
##             set P_IP_INST  [regsub -all {\/dac_tpl_core/inst} $P_IP_instance_name {}]
##             puts "$P_IP_INST\n"
##         } else {
##             set P_IP_INST  [regsub -all {\/inst} $P_IP_instance_name {}]
##             puts "$P_IP_INST\n"
##         }
##         puts $fileWrite "\n$P_IP_INST properties: \n"
##         set list_of_IP_ports [ get_bd_pins -of_objects [get_bd_cells $P_IP_INST]]
##         foreach IP_port $list_of_IP_ports {
##           set pin_direction [get_property DIR [get_bd_pins $IP_port]]
##           set pin_path [get_property PATH [get_bd_pins $IP_port]]
##           set pin_path_name  [regsub {\/} $pin_path {}]
##           set left [get_property LEFT [get_bd_pins $IP_port]]
##           set right [get_property RIGHT [get_bd_pins $IP_port]]
##           puts $fileWrite "direction $pin_direction \nMSB $left \nLSB $right \nname $pin_path_name"
##           set net_info [get_bd_nets -of_objects [get_bd_pins $IP_port]]
##           set net_name  [regsub -all {\/} $net_info {}]
##           puts $fileWrite "net $net_name\n"
##         }
##       }
##     }
##     close $fileWrite
## 
##   } else {
##   puts "GENERATE_PORTS_REPORTS: IP ports properties and nets report files won't be generated because ADI_EXTRACT_PORTS env var is not set"
##   }
## 
##   if {[info exists ::env(ADI_GENERATE_XPA)]} {
##     set csv_file ${ad_project_dir}power_analysis.csv
##     set Layers "8to11"
##     set CapLoad "20"
##     set ToggleRate "15.00000"
##     set StatProb "0.500000"
## 
##     set_load $CapLoad [all_outputs]
##     set_operating_conditions -board_layers $Layers
##     set_switching_activity -default_toggle_rate $ToggleRate
##     set_switching_activity -default_static_probability $StatProb
##     set_switching_activity -type lut -toggle_rate $ToggleRate -static_probability $StatProb -all
##     set_switching_activity -type register -toggle_rate $ToggleRate -static_probability $StatProb -all
##     set_switching_activity -type shift_register -toggle_rate $ToggleRate -static_probability $StatProb -all
##     set_switching_activity -type lut_ram -toggle_rate $ToggleRate -static_probability $StatProb -all
##     set_switching_activity -type bram -toggle_rate $ToggleRate -static_probability $StatProb -all
##     set_switching_activity -type dsp -toggle_rate $ToggleRate -static_probability $StatProb -all
##     set_switching_activity -type gt_rxdata -toggle_rate $ToggleRate -static_probability $StatProb -all
##     set_switching_activity -type gt_txdata -toggle_rate $ToggleRate -static_probability $StatProb -all
##     set_switching_activity -type io_output -toggle_rate $ToggleRate -static_probability $StatProb -all
##     set_switching_activity -type bram_enable -toggle_rate $ToggleRate -static_probability $StatProb -all
##     set_switching_activity -type bram_wr_enable -toggle_rate $ToggleRate -static_probability $StatProb -all
##     set_switching_activity -type io_bidir_enable -toggle_rate $ToggleRate -static_probability $StatProb -all
##     report_power -file $csv_file
## 
##     set fileRead [open $csv_file r]
##     set filecontent [read $fileRead]
##     set input_list [split $filecontent "\n"]
## 
##     set TextList [lsearch -all -inline $input_list "*Total On-Chip Power (W)*"]
##     set on_chip_pwr "[lindex [lindex $TextList 0] 6] W"
##     set TextList [lsearch -all -inline $input_list "*Junction Temperature (C)*"]
##     set junction_temp "[lindex [lindex $TextList 0] 5] *C"
##     close $fileRead
## 
##     set fileWrite [open $csv_file w]
##     puts $fileWrite "On-chip_power,Junction_temp"
##     puts $fileWrite "$on_chip_pwr,$junction_temp"
##     close $fileWrite
##   } else {
##     puts "GENERATE_REPORTS: Power analysis files won't be generated because ADI_GENERATE_XPA env var is not set"
##   }
## 
##   # Look for undefined clocks which do not show up in the timing summary
##   set timing_check [check_timing -override_defaults no_clock -no_header -return_string]
##   if {[regexp { (\d+) register} $timing_check -> num_regs]} {
## 
##     if {[info exist num_regs]} {
##       if {$num_regs > 0} {
##         puts "CRITICAL WARNING: There are $num_regs registers with no clocks !!! See no_clock.log for details."
##         check_timing -override_defaults no_clock -verbose -file ${ad_project_dir}no_clock.log
##       }
##     }
## 
##   } else {
##     puts "CRITICAL WARNING: The search for undefined clocks failed !!!"
##   }
## 
##   file mkdir ${actual_project_name}.sdk
## 
##   set timing_string $[report_timing_summary -return_string]
##   if { [string match "*VIOLATED*" $timing_string] == 1 ||
##        [string match "*Timing constraints are not met*" $timing_string] == 1} {
##     write_hw_platform -fixed -force  -include_bit -file ${actual_project_name}.sdk/system_top_bad_timing.xsa
##     return -code error [format "ERROR: Timing Constraints NOT met!"]
##   } else {
##     write_hw_platform -fixed -force  -include_bit -file ${actual_project_name}.sdk/system_top.xsa
##   }
## }
## proc adi_project_synth {project_name prcfg_name hdl_files {xdc_files ""}} {
## 
##   global p_device
##   global ad_project_dir
## 
##   if {![info exists ::env(ADI_PROJECT_DIR)]} {
##     set actual_project_name $project_name
##   } else {
##     set actual_project_name "$::env(ADI_PROJECT_DIR)${project_name}"
##   }
## 
##   set p_prefix "${actual_project_name}.data/$project_name"
## 
##   if {$prcfg_name eq ""} {
## 
##     read_verilog .srcs/sources_1/bd/system/hdl/system_wrapper.v
##     read_verilog $hdl_files
##     read_xdc $xdc_files
## 
##     synth_design -mode default -top system_top -part $p_device > $p_prefix.synth.rds
##     write_checkpoint -force $p_prefix.synth.dcp
##     close_project
## 
##   } else {
## 
##     create_project -in_memory -part $p_device
##     read_verilog $hdl_files
##     synth_design -mode out_of_context -top "prcfg" -part $p_device > $p_prefix.${prcfg_name}_synth.rds
##     write_checkpoint -force $p_prefix.${prcfg_name}_synth.dcp
##     close_project
##   }
## }
## proc adi_project_impl {project_name prcfg_name {xdc_files ""}} {
## 
##   global p_device
##   global p_prcfg_init
##   global p_prcfg_list
##   global p_prcfg_status
##   global ad_project_dir
## 
##   if {![info exists ::env(ADI_PROJECT_DIR)]} {
##     set actual_project_name $project_name
##   } else {
##     set actual_project_name "$::env(ADI_PROJECT_DIR)${project_name}"
##   }
## 
##   set p_prefix "${actual_project_name}.data/$project_name"
## 
##   if {$prcfg_name eq "default"} {
##     set p_prcfg_status 0
##     set p_prcfg_list ""
##     set p_prcfg_init "$p_prefix.${prcfg_name}_impl.dcp"
##     file mkdir $project_name.sdk
##   }
## 
##   if {$prcfg_name eq "default"} {
## 
##     open_checkpoint $p_prefix.synth.dcp -part $p_device
##     read_xdc $xdc_files
##     read_checkpoint -cell i_prcfg $p_prefix.${prcfg_name}_synth.dcp
##     set_property HD.RECONFIGURABLE 1 [get_cells i_prcfg]
##     opt_design > $p_prefix.${prcfg_name}_opt.rds
##     write_debug_probes -force $p_prefix.${prcfg_name}_debug_nets.ltx
##     place_design > $p_prefix.${prcfg_name}_place.rds
##     route_design > $p_prefix.${prcfg_name}_route.rds
## 
##   } else {
## 
##     open_checkpoint $p_prefix.default_impl_bb.dcp -part $p_device
##     lock_design -level routing
##     read_checkpoint -cell i_prcfg $p_prefix.${prcfg_name}_synth.dcp
##     read_xdc $xdc_files
##     opt_design > $p_prefix.${prcfg_name}_opt.rds
##     place_design > $p_prefix.${prcfg_name}_place.rds
##     route_design > $p_prefix.${prcfg_name}_route.rds
##   }
## 
##   write_checkpoint -force $p_prefix.${prcfg_name}_impl.dcp
##   report_utilization -pblocks pb_prcfg -file $p_prefix.${prcfg_name}_utilization.rpt
##   report_timing_summary -file $p_prefix.${prcfg_name}_timing_summary.rpt
## 
##   if [expr [get_property SLACK [get_timing_paths]] < 0] {
##     set p_prcfg_status 1
##     puts "CRITICAL WARNING: Timing Constraints NOT met ($prcfg_name)!"
##   }
## 
##   write_checkpoint -force -cell i_prcfg $p_prefix.${prcfg_name}_prcfg_impl.dcp
##   update_design -cell i_prcfg -black_box
##   write_checkpoint -force $p_prefix.${prcfg_name}_impl_bb.dcp
##   open_checkpoint $p_prefix.${prcfg_name}_impl.dcp -part $p_device
##   write_bitstream -force -bin_file -file $p_prefix.${prcfg_name}.bit
##   write_sysdef -hwdef $p_prefix.hwdef -bitfile $p_prefix.${prcfg_name}.bit -file $p_prefix.${prcfg_name}.hdf
##   file copy -force $p_prefix.${prcfg_name}.hdf $project_name.sdk/system_top.${prcfg_name}.hdf
## 
##   if {$prcfg_name ne "default"} {
##     lappend p_prcfg_list "$p_prefix.${prcfg_name}_impl.dcp"
##   }
## 
##   if {$prcfg_name eq "default"} {
##     file copy -force $p_prefix.${prcfg_name}.hdf $project_name.sdk/system_top.hdf
##   }
## }
## proc adi_project_verify {project_name} {
## 
##   # checkpoint for the default design
##   global p_prcfg_init
##   # list of checkpoints with all the PRs integrated into the default design
##   global p_prcfg_list
##   global p_prcfg_status
## 
##   set p_prefix "${actual_project_name}.data/$project_name"
## 
##   pr_verify -full_check -initial $p_prcfg_init \
##     -additional $p_prcfg_list \
##     -file $p_prefix.prcfg_verify.log
## 
##   if {$p_prcfg_status == 1} {
##     return -code error [format "ERROR: Timing Constraints NOT met!"]
##   }
## }
# source $ad_hdl_dir/projects/scripts/adi_board.tcl
## package require math
## set sys_hpc0_interconnect_index -1
## set sys_hpc1_interconnect_index -1
## set sys_hp0_interconnect_index -1
## set sys_hp1_interconnect_index -1
## set sys_hp2_interconnect_index -1
## set sys_hp3_interconnect_index -1
## set sys_mem_interconnect_index -1
## set sys_mem_clk_index 0
## set xcvr_index -1
## set xcvr_tx_index 0
## set xcvr_rx_index 0
## set xcvr_instance NONE
## set use_smartconnect 1
## proc ad_ip_instance {i_ip i_name {i_params {}}} {
## 
##   set cell [create_bd_cell -type ip -vlnv [get_ipdefs -all -filter "VLNV =~ *:${i_ip}:* && \
##     design_tool_contexts =~ *IPI* && UPGRADE_VERSIONS == \"\""] ${i_name}]
##   if {$i_params != {}} {
##     set config {}
##     # Add CONFIG. prefix to all config options
##     foreach {k v} $i_params {
##       lappend config "CONFIG.$k" $v
##     }
##     set_property -dict $config $cell
##   }
## }
## proc ad_ip_parameter {i_name i_param i_value} {
## 
##   set_property ${i_param} ${i_value} [get_bd_cells ${i_name}]
## }
## proc ad_connect_type {p_name} {
## 
##   set m_name ""
## 
##   if {$m_name eq ""} {set m_name [get_bd_intf_pins  -quiet $p_name]}
##   if {$m_name eq ""} {set m_name [get_bd_pins       -quiet $p_name]}
##   if {$m_name eq ""} {set m_name [get_bd_intf_ports -quiet $p_name]}
##   if {$m_name eq ""} {set m_name [get_bd_ports      -quiet $p_name]}
##   if {$m_name eq ""} {set m_name [get_bd_intf_nets  -quiet $p_name]}
##   if {$m_name eq ""} {set m_name [get_bd_nets       -quiet $p_name]}
## 
##   return $m_name
## }
## proc ad_connect_int_class {p_name} {
## 
##   set m_name ""
## 
##   if {$m_name eq ""} {set m_name [get_bd_intf_pins  -quiet $p_name]}
##   if {$m_name eq ""} {set m_name [get_bd_pins       -quiet $p_name]}
##   # All ports can be handled as pins
##   # if {$m_name eq ""} {set m_name [get_bd_intf_ports -quiet $p_name]}
##   # if {$m_name eq ""} {set m_name [get_bd_ports      -quiet $p_name]}
##   if {$m_name eq ""} {set m_name [get_bd_intf_nets  -quiet $p_name]}
##   if {$m_name eq ""} {set m_name [get_bd_nets       -quiet $p_name]}
## 
##   if {!($m_name eq "")} {
##     return [get_property CLASS $m_name]
##   }
## 
##   if {$p_name eq "GND" || $p_name eq "VCC"} {
##     return "const"
##   }
## 
##   return "newnet"
## }
## proc ad_connect_int_get_const {name width} {
##   switch $name {
##     GND {
##       set value 0
##     }
##     VCC {
##       set value [expr (1 << $width) - 1]
##     }
##     default {
##       error "ERROR: ad_connect_int_get_const: Unhandled constant name $name"
##     }
##   }
## 
##   set cell_name "$name\_$width"
## 
##   set cell [get_bd_cells -quiet $cell_name]
##   if {$cell eq ""} {
##     # Create new constant source
##     ad_ip_instance xlconstant $cell_name
##     set cell [get_bd_cells -quiet $cell_name]
##     set_property CONFIG.CONST_WIDTH $width $cell
##     set_property CONFIG.CONST_VAL $value $cell
##   }
## 
##   return $cell
## }
## proc ad_connect_int_width {obj} {
##   if {$obj eq ""} {
##     error "ERROR: ad_connect_int_width: No object provided."
##   }
## 
##   set classname [get_property -quiet CLASS $obj]
##   if {$classname eq ""} {
##     error "ERROR: ad_connect_int_width: Cannot determine width of class-less object: $obj"
##   }
##   if {[string first intf $classname] != -1} {
##     error "ERROR: ad_connect_int_width: Cannot determine width of interface object: $obj ($classname)"
##   }
## 
##   if {([get_property -quiet LEFT $obj] eq "") || ([get_property -quiet RIGHT $obj] eq "")} {
##     return 1
##   }
## 
##   set left [get_property LEFT $obj]
##   set right [get_property RIGHT $obj]
## 
##   set high [::math::max $left $right]
##   set low [::math::min $left $right]
## 
##   return [expr {1 + $high - $low}]
## }
## proc ad_connect {name_a name_b} {
##   set type_a [ad_connect_int_class $name_a]
##   set type_b [ad_connect_int_class $name_b]
## 
##   set obj_a [ad_connect_type $name_a]
##   set obj_b [ad_connect_type $name_b]
## 
##   if {!([string first intf $type_a]+1) != !([string first intf $type_b]+1)} {
##     error "ERROR: ad_connect: Cannot connect non-interface to interface: $name_a ($type_a) <-/-> $name_b ($type_b)"
##   }
## 
##   switch $type_a,$type_b {
##     newnet,newnet {
##       error "ERROR: ad_connect: Cannot create connection between two new nets: $name_a <-/-> $name_b"
##     }
##     const,const {
##       error "ERROR: ad_connect: Cannot connect constant to constant: $name_a <-/-> $name_b"
##     }
##     bd_net,bd_net -
##     bd_intf_net,bd_intf_net {
##       error "ERROR: ad_connect: Cannot connect (intf) net to (intf) net: $name_a ($type_a) <-/-> $name_b ($type_b)"
##     }
##     bd_net,newnet -
##     newnet,bd_net {
##       error "ERROR: ad_connect: Cannot connect existing net to new net: $name_a ($type_a) <-/-> $name_b ($type_b)"
##     }
##     const,newnet -
##     newnet,const {
##       error "ERROR: ad_connect: Cannot connect new network to constant, instead you should connect to the constant directly: $name_a ($type_a) <-/-> $name_b ($type_b)"
##     }
## 
##     bd_pin,bd_pin {
##       connect_bd_net $obj_a $obj_b
##       puts "connect_bd_net $obj_a $obj_b"
##       return
##     }
##     bd_net,bd_pin {
##       connect_bd_net -net $obj_a $obj_b
##       puts "connect_bd_net -net $obj_a $obj_b"
##       return
##     }
##     bd_pin,bd_net {
##       connect_bd_net -net $obj_b $obj_a
##       puts "connect_bd_net -net $obj_b $obj_a"
##       return
##     }
##     bd_pin,newnet {
##       connect_bd_net -net $name_b $obj_a
##       puts "connect_bd_net -net $name_b $obj_a"
##       return
##     }
##     newnet,bd_pin {
##       connect_bd_net -net $name_a $obj_b
##       puts "connect_bd_net -net $name_a $obj_b"
##       return
##     }
##     bd_intf_pin,bd_intf_pin {
##       connect_bd_intf_net $obj_a $obj_b
##       puts "connect_bd_intf_net $obj_a $obj_b"
##       return
##     }
##     const,bd_pin -
##     const,bd_net {
##       # Handled after the switch statement
##     }
##     bd_net,const -
##     bd_pin,const {
##       # Swap vars
##       set tmp $obj_a
##       set obj_a $obj_b
##       set obj_b $tmp
##       set tmp $name_a
##       set name_a $name_b
##       set name_b $tmp
##       # Handled after the switch statement
##     }
##     default {
##       error "ERROR: ad_connect: Cannot connect, case unhandled: $name_a ($type_a) <-/-> $name_b ($type_b)"
##     }
##   }
## 
##   # Continue working on nets that connect to constant. obj_b is the net/pin
##   set width [ad_connect_int_width $obj_b]
##   set cell [ad_connect_int_get_const $name_a $width]
##   connect_bd_net [get_bd_pin $cell/dout] $obj_b
##   puts "connect_bd_net [get_bd_pin $cell/dout] $obj_b"
## }
## proc ad_disconnect {p_name_1 p_name_2} {
## 
##   set m_name_1 [ad_connect_type $p_name_1]
##   set m_name_2 [ad_connect_type $p_name_2]
## 
##   if {[get_property CLASS $m_name_1] eq "bd_net"} {
##     disconnect_bd_net $m_name_1 $m_name_2
##     return
##   }
## 
##   if {[get_property CLASS $m_name_1] eq "bd_port"} {
##     delete_bd_objs -quiet [get_bd_nets -quiet -of_objects \
##       [find_bd_objs -relation connected_to $m_name_1]]
##     delete_bd_objs -quiet $m_name_1
##     return
##   }
## 
##   if {[get_property CLASS $m_name_1] eq "bd_pin"} {
##     delete_bd_objs -quiet [get_bd_nets -quiet -of_objects \
##       [find_bd_objs -relation connected_to $m_name_1]]
##     delete_bd_objs -quiet $m_name_1
##     return
##   }
## 
##   if {[get_property CLASS $m_name_1] eq "bd_intf_pin"} {
##     delete_bd_objs -quiet [get_bd_intf_nets -of_objects [get_bd_intf_ports $m_name_1]]
##     delete_bd_objs -quiet [get_bd_intf_ports $m_name_1]
##     return
##   }
## }
## proc ad_xcvrcon {u_xcvr a_xcvr a_jesd {lane_map {}} {link_clk {}} {device_clk {}} {num_of_max_lanes -1} {partial_lane_map {}} {connect_empty_lanes 1}} {
## 
##   global xcvr_index
##   global xcvr_tx_index
##   global xcvr_rx_index
##   global xcvr_instance
## 
##   set qpll_enable [get_property CONFIG.QPLL_ENABLE [get_bd_cells $a_xcvr]]
##   set tx_or_rx_n [get_property CONFIG.TX_OR_RX_N [get_bd_cells $a_xcvr]]
## 
##   set xcvr_type [get_property CONFIG.XCVR_TYPE [get_bd_cells $u_xcvr]]
## 
##   set link_mode_u [get_property CONFIG.LINK_MODE [get_bd_cells $u_xcvr]]
##   set link_mode_a [get_property CONFIG.LINK_MODE [get_bd_cells $a_xcvr]]
## 
##   if {$link_mode_u != $link_mode_a} {
##      puts "CRITICAL WARNING: LINK_MODE parameter mismatch between $u_xcvr ($link_mode_u) and $a_xcvr ($link_mode_a)"
##   }
##   set link_mode $link_mode_u
## 
##   set jesd204_bd_type [get_property TYPE [get_bd_cells $a_jesd]]
## 
##   if {$jesd204_bd_type == "hier"} {
##     set jesd204_type 0
##   } else {
##     set jesd204_type 1
##   }
## 
##   if {$xcvr_instance ne $u_xcvr} {
##     set xcvr_index [expr ($xcvr_index + 1)]
##     set xcvr_tx_index 0
##     set xcvr_rx_index 0
##     set xcvr_instance $u_xcvr
##   }
## 
##   set txrx "rx"
##   set data_dir "I"
##   set ctrl_dir "O"
##   set index $xcvr_rx_index
## 
##   if {$tx_or_rx_n == 1} {
## 
##     set txrx "tx"
##     set data_dir "O"
##     set ctrl_dir "I"
##     set index $xcvr_tx_index
##   }
## 
##   set m_sysref ${txrx}_sysref_${index}
##   set m_sync ${txrx}_sync_${index}
##   set m_data ${txrx}_data
## 
##   if {$xcvr_index >= 1} {
## 
##     set m_sysref ${txrx}_sysref_${xcvr_index}_${index}
##     set m_sync ${txrx}_sync_${xcvr_index}_${index}
##     set m_data ${txrx}_data_${xcvr_index}
##   }
## 
##   if {$jesd204_type == 0} {
##     set num_of_links [get_property CONFIG.NUM_LINKS [get_bd_cells $a_jesd/$txrx]]
##   } else {
##     set num_of_links 1
##   }
## 
##   set no_of_lanes [get_property CONFIG.NUM_LANES [get_bd_cells $a_jesd/$txrx]]
##   set max_no_of_lanes $no_of_lanes
## 
##   if {$num_of_max_lanes != -1} {
##     set max_no_of_lanes $num_of_max_lanes
##   }
##   create_bd_port -dir I $m_sysref
##   create_bd_port -from [expr $num_of_links - 1] -to 0 -dir ${ctrl_dir} $m_sync
## 
##   set use_2x_clk 0
##   if {$link_clk == {}} {
##     # For 204C modes on GTH a 2x clock is required to drive the PCS
##     # In such case set the xcvr out clock to be the double of the lane rate/66(40)
##     # and use the secondary div2 clock output for the link clock
##     if {$link_mode == 2 && ($xcvr_type == 5 || $xcvr_type == 8)} {
##       set link_clk ${u_xcvr}/${txrx}_out_clk_div2_${index}
##       set link_clk_2x ${u_xcvr}/${txrx}_out_clk_${index}
##       set use_2x_clk 1
##     } else {
##       if {$partial_lane_map != {}} {
##         set cur_index [lindex $partial_lane_map $index]
##         set link_clk ${u_xcvr}/${txrx}_out_clk_${cur_index}
##       } else {
##         set link_clk ${u_xcvr}/${txrx}_out_clk_${index}
##       }
##     }
##     set rst_gen [regsub -all "/" ${a_jesd}_rstgen "_"]
##     set create_rst_gen 1
##   } else {
##     set rst_gen ${link_clk}_rstgen
##     # Only create one reset gen per clock
##     set create_rst_gen [expr {[get_bd_cells -quiet ${rst_gen}] == {}}]
##   }
## 
##   if {$device_clk == {}} {
##     set device_clk $link_clk
##   } else {
##     set rst_gen ${device_clk}_rstgen
##     # Only create one reset gen per clock
##     set create_rst_gen [expr {[get_bd_cells -quiet ${rst_gen}] == {}}]
##   }
## 
##   if {${create_rst_gen}} {
##     ad_ip_instance proc_sys_reset ${rst_gen}
##     ad_connect ${device_clk} ${rst_gen}/slowest_sync_clk
##     ad_connect sys_cpu_resetn ${rst_gen}/ext_reset_in
##   }
## 
##   if {$partial_lane_map != {}} {
##     for {set n 0} {$n < $no_of_lanes} {incr n} {
## 
##       set phys_lane [lindex $partial_lane_map $n]
## 
##       if {$phys_lane != {}} {
##         if {$jesd204_type == 0} {
##           ad_connect  ${u_xcvr}/${txrx}_${phys_lane} ${a_jesd}/${txrx}_phy${n}
##         } else {
##           ad_connect  ${u_xcvr}/${txrx}_${phys_lane} ${a_jesd}/gt${n}_${txrx}
##         }
##       }
## 
##       if {$tx_or_rx_n == 0} {
##         if {$jesd204_type == 0} {
##           if {$link_mode == 1} {
##             ad_connect  ${a_jesd}/phy_en_char_align ${u_xcvr}/${txrx}_calign_${phys_lane}
##           }
##         } else {
##           ad_connect  ${a_jesd}/rxencommaalign_out ${u_xcvr}/${txrx}_calign_${phys_lane}
##         }
##       }
##     }
##     if {$connect_empty_lanes == 1} {
##       for {set n 0} {$n < $max_no_of_lanes} {incr n} {
## 
##         set m [expr ($n + $index)]
## 
##         if {$lane_map != {}} {
##           set phys_lane [lindex $lane_map $n]
##         } else {
##           set phys_lane $m
##         }
## 
##         if {$tx_or_rx_n == 0} {
##           ad_connect  ${a_xcvr}/up_es_${n} ${u_xcvr}/up_es_${phys_lane}
##         }
## 
##         if {(($n%4) == 0) && ($qpll_enable == 1)} {
##           ad_connect  ${a_xcvr}/up_cm_${n} ${u_xcvr}/up_cm_${m}
##         }
##         ad_connect  ${a_xcvr}/up_ch_${n} ${u_xcvr}/up_${txrx}_${phys_lane}
##         ad_connect  ${link_clk} ${u_xcvr}/${txrx}_clk_${phys_lane}
##         if {$use_2x_clk == 1} {
##           ad_connect  ${link_clk_2x} ${u_xcvr}/${txrx}_clk_2x_${phys_lane}
##         }
## 
##         create_bd_port -dir ${data_dir} ${m_data}_${m}_p
##         create_bd_port -dir ${data_dir} ${m_data}_${m}_n
##         ad_connect  ${u_xcvr}/${txrx}_${m}_p ${m_data}_${m}_p
##         ad_connect  ${u_xcvr}/${txrx}_${m}_n ${m_data}_${m}_n
##       }
##     } else {
##       ## Do nothing, the connections will be done manually
##     }
## 
##   } else {
##     for {set n 0} {$n < $no_of_lanes} {incr n} {
## 
##       set m [expr ($n + $index)]
##       if {$lane_map != {}} {
##         set phys_lane [lindex $lane_map $n]
##       } else {
##         set phys_lane $m
##       }
## 
##       if {$tx_or_rx_n == 0} {
##         ad_connect  ${a_xcvr}/up_es_${n} ${u_xcvr}/up_es_${phys_lane}
##         if {$jesd204_type == 0} {
##           if {$link_mode == 1} {
##             ad_connect  ${a_jesd}/phy_en_char_align ${u_xcvr}/${txrx}_calign_${phys_lane}
##           }
##         } else {
##           ad_connect  ${a_jesd}/rxencommaalign_out ${u_xcvr}/${txrx}_calign_${phys_lane}
##         }
##       }
## 
##       if {(($n%4) == 0) && ($qpll_enable == 1)} {
##         ad_connect  ${a_xcvr}/up_cm_${n} ${u_xcvr}/up_cm_${m}
##       }
##       ad_connect  ${a_xcvr}/up_ch_${n} ${u_xcvr}/up_${txrx}_${phys_lane}
##       ad_connect  ${link_clk} ${u_xcvr}/${txrx}_clk_${phys_lane}
##       if {$use_2x_clk == 1} {
##         ad_connect  ${link_clk_2x} ${u_xcvr}/${txrx}_clk_2x_${phys_lane}
##       }
##       if {$phys_lane != {}} {
##         if {$jesd204_type == 0} {
##           ad_connect  ${u_xcvr}/${txrx}_${phys_lane} ${a_jesd}/${txrx}_phy${n}
##         } else {
##           ad_connect  ${u_xcvr}/${txrx}_${phys_lane} ${a_jesd}/gt${n}_${txrx}
##         }
##       }
## 
##       create_bd_port -dir ${data_dir} ${m_data}_${m}_p
##       create_bd_port -dir ${data_dir} ${m_data}_${m}_n
##       ad_connect  ${u_xcvr}/${txrx}_${m}_p ${m_data}_${m}_p
##       ad_connect  ${u_xcvr}/${txrx}_${m}_n ${m_data}_${m}_n
##     }
## 
##     for {set n $no_of_lanes} {$n < $max_no_of_lanes} {incr n} {
## 
##       set m [expr ($n + $index)]
## 
##       if {$lane_map != {}} {
##         set phys_lane [lindex $lane_map $n]
##       } else {
##         set phys_lane $m
##       }
## 
##       create_bd_port -dir ${data_dir} ${m_data}_${m}_p
##       create_bd_port -dir ${data_dir} ${m_data}_${m}_n
##       ad_connect  ${u_xcvr}/${txrx}_${m}_p ${m_data}_${m}_p
##       ad_connect  ${u_xcvr}/${txrx}_${m}_n ${m_data}_${m}_n
##       ad_connect  ${link_clk} ${u_xcvr}/${txrx}_clk_${phys_lane}
## 
##       if {$tx_or_rx_n == 0} {
##         if {$jesd204_type == 0} {
##           if {$link_mode == 1} {
## 	    ad_connect  ${a_jesd}/phy_en_char_align ${u_xcvr}/${txrx}_calign_${phys_lane}
##           }
## 	}
##       }
##     }
##   }
## 
##   if {$jesd204_type == 0} {
##     ad_connect  ${a_jesd}/sysref $m_sysref
##     if {$link_mode == 1} {
##       ad_connect  ${a_jesd}/sync $m_sync
##     }
##     ad_connect  ${device_clk} ${a_jesd}/device_clk
##     ad_connect  ${link_clk} ${a_jesd}/link_clk
##   } else {
##     ad_connect  ${a_jesd}/${txrx}_sysref $m_sysref
##     ad_connect  ${a_jesd}/${txrx}_sync $m_sync
##     ad_connect  ${device_clk} ${a_jesd}/${txrx}_core_clk
##     ad_connect  ${a_xcvr}/up_status ${a_jesd}/${txrx}_reset_done
##     ad_connect  ${rst_gen}/peripheral_reset ${a_jesd}/${txrx}_reset
##   }
## 
##   if {$tx_or_rx_n == 0} {
##     set xcvr_rx_index [expr ($xcvr_rx_index + $max_no_of_lanes)]
##   }
## 
##   if {$tx_or_rx_n == 1} {
##     set xcvr_tx_index [expr ($xcvr_tx_index + $max_no_of_lanes)]
##   }
## }
## proc ad_xcvrpll {m_src m_dst} {
## 
##   foreach p_dst [get_bd_pins -quiet $m_dst] {
##     connect_bd_net [ad_connect_type $m_src] $p_dst
##   }
## }
## proc ad_mem_hpc0_interconnect {p_clk p_name} {
## 
##   global sys_zynq
## 
##   if {$sys_zynq == 2} {ad_mem_hpx_interconnect "HPC0" $p_clk $p_name}
## }
## proc ad_mem_hpc1_interconnect {p_clk p_name} {
## 
##   global sys_zynq
## 
##   if {$sys_zynq == 2} {ad_mem_hpx_interconnect "HPC1" $p_clk $p_name}
## }
## proc ad_mem_hp0_interconnect {p_clk p_name} {
## 
##   global sys_zynq
## 
##   if {($sys_zynq != 1 && $sys_zynq != 2) && ($p_name eq "sys_ps7/S_AXI_HP0")} {return}
##   if {$sys_zynq == -1} {ad_mem_hpx_interconnect "SIM" $p_clk $p_name}
##   if {$sys_zynq == 0} {ad_mem_hpx_interconnect "MEM" $p_clk $p_name}
##   if {$sys_zynq == 1} {ad_mem_hpx_interconnect "HP0" $p_clk $p_name}
##   if {$sys_zynq == 2} {ad_mem_hpx_interconnect "HP0" $p_clk $p_name}
##   if {$sys_zynq == 3} {ad_mem_hpx_interconnect "NOC" $p_clk $p_name}
## }
## proc ad_mem_hp1_interconnect {p_clk p_name} {
## 
##   global sys_zynq
## 
##   if {($sys_zynq != 1 && $sys_zynq != 2) && ($p_name eq "sys_ps7/S_AXI_HP1")} {return}
##   if {$sys_zynq == -1} {ad_mem_hpx_interconnect "SIM" $p_clk $p_name}
##   if {$sys_zynq == 0} {ad_mem_hpx_interconnect "MEM" $p_clk $p_name}
##   if {$sys_zynq == 1} {ad_mem_hpx_interconnect "HP1" $p_clk $p_name}
##   if {$sys_zynq == 2} {ad_mem_hpx_interconnect "HP1" $p_clk $p_name}
##   if {$sys_zynq == 3} {ad_mem_hpx_interconnect "NOC" $p_clk $p_name}
## }
## proc ad_mem_hp2_interconnect {p_clk p_name} {
## 
##   global sys_zynq
## 
##   if {($sys_zynq != 1 && $sys_zynq != 2) && ($p_name eq "sys_ps7/S_AXI_HP2")} {return}
##   if {$sys_zynq == -1} {ad_mem_hpx_interconnect "SIM" $p_clk $p_name}
##   if {$sys_zynq == 0} {ad_mem_hpx_interconnect "MEM" $p_clk $p_name}
##   if {$sys_zynq == 1} {ad_mem_hpx_interconnect "HP2" $p_clk $p_name}
##   if {$sys_zynq == 2} {ad_mem_hpx_interconnect "HP2" $p_clk $p_name}
##   if {$sys_zynq == 3} {ad_mem_hpx_interconnect "NOC" $p_clk $p_name}
## }
## proc ad_mem_hp3_interconnect {p_clk p_name} {
## 
##   global sys_zynq
## 
##   if {($sys_zynq != 1 && $sys_zynq != 2) && ($p_name eq "sys_ps7/S_AXI_HP3")} {return}
##   if {$sys_zynq == -1} {ad_mem_hpx_interconnect "SIM" $p_clk $p_name}
##   if {$sys_zynq == 0} {ad_mem_hpx_interconnect "MEM" $p_clk $p_name}
##   if {$sys_zynq == 1} {ad_mem_hpx_interconnect "HP3" $p_clk $p_name}
##   if {$sys_zynq == 2} {ad_mem_hpx_interconnect "HP3" $p_clk $p_name}
##   if {$sys_zynq == 3} {ad_mem_hpx_interconnect "NOC" $p_clk $p_name}
## }
## proc ad_mem_hpx_interconnect {p_sel p_clk p_name} {
## 
##   global sys_zynq
##   global sys_ddr_addr_seg
##   global sys_hpc0_interconnect_index
##   global sys_hpc1_interconnect_index
##   global sys_hp0_interconnect_index
##   global sys_hp1_interconnect_index
##   global sys_hp2_interconnect_index
##   global sys_hp3_interconnect_index
##   global sys_mem_interconnect_index
##   global sys_mem_clk_index
##   global use_smartconnect
## 
##   set p_name_int $p_name
##   set p_clk_source [get_bd_pins -filter {DIR == O} -of_objects [get_bd_nets $p_clk]]
## 
##   set connect_type "smartconnect"
##   if {$use_smartconnect == 0} {
##     set connect_type "axi_interconnect"
##   }
## 
##   if {$p_sel eq "SIM"} {
##     if {$sys_mem_interconnect_index < 0} {
##       ad_ip_instance $connect_type axi_mem_interconnect
##     }
##     set m_interconnect_index $sys_mem_interconnect_index
##     set m_interconnect_cell [get_bd_cells axi_mem_interconnect]
##     set m_addr_seg [get_bd_addr_segs -of_objects [get_bd_cells ddr_axi_vip]]
##   }
## 
##   if {$p_sel eq "MEM"} {
##     if {$sys_mem_interconnect_index < 0} {
##       ad_ip_instance $connect_type axi_mem_interconnect
##     }
##     set m_interconnect_index $sys_mem_interconnect_index
##     set m_interconnect_cell [get_bd_cells axi_mem_interconnect]
##     set m_addr_seg [get_bd_addr_segs -of_objects [get_bd_cells axi_ddr_cntrl] -filter "USAGE == memory"]
##   }
## 
##   if {($p_sel eq "HP0") && ($sys_zynq == 1)} {
##     if {$sys_hp0_interconnect_index < 0} {
##       set p_name_int sys_ps7/S_AXI_HP0
##       set_property CONFIG.PCW_USE_S_AXI_HP0 {1} [get_bd_cells sys_ps7]
##       ad_ip_instance $connect_type axi_hp0_interconnect
##     }
##     set m_interconnect_index $sys_hp0_interconnect_index
##     set m_interconnect_cell [get_bd_cells axi_hp0_interconnect]
##     set m_addr_seg [get_bd_addr_segs sys_ps7/S_AXI_HP0/HP0_DDR_LOWOCM]
##   }
## 
##   if {($p_sel eq "HP1") && ($sys_zynq == 1)} {
##     if {$sys_hp1_interconnect_index < 0} {
##       set p_name_int sys_ps7/S_AXI_HP1
##       set_property CONFIG.PCW_USE_S_AXI_HP1 {1} [get_bd_cells sys_ps7]
##       ad_ip_instance $connect_type axi_hp1_interconnect
##     }
##     set m_interconnect_index $sys_hp1_interconnect_index
##     set m_interconnect_cell [get_bd_cells axi_hp1_interconnect]
##     set m_addr_seg [get_bd_addr_segs sys_ps7/S_AXI_HP1/HP1_DDR_LOWOCM]
##   }
## 
##   if {($p_sel eq "HP2") && ($sys_zynq == 1)} {
##     if {$sys_hp2_interconnect_index < 0} {
##       set p_name_int sys_ps7/S_AXI_HP2
##       set_property CONFIG.PCW_USE_S_AXI_HP2 {1} [get_bd_cells sys_ps7]
##       ad_ip_instance $connect_type axi_hp2_interconnect
##     }
##     set m_interconnect_index $sys_hp2_interconnect_index
##     set m_interconnect_cell [get_bd_cells axi_hp2_interconnect]
##     set m_addr_seg [get_bd_addr_segs sys_ps7/S_AXI_HP2/HP2_DDR_LOWOCM]
##   }
## 
##   if {($p_sel eq "HP3") && ($sys_zynq == 1)} {
##     if {$sys_hp3_interconnect_index < 0} {
##       set p_name_int sys_ps7/S_AXI_HP3
##       set_property CONFIG.PCW_USE_S_AXI_HP3 {1} [get_bd_cells sys_ps7]
##       ad_ip_instance $connect_type axi_hp3_interconnect
##     }
##     set m_interconnect_index $sys_hp3_interconnect_index
##     set m_interconnect_cell [get_bd_cells axi_hp3_interconnect]
##     set m_addr_seg [get_bd_addr_segs sys_ps7/S_AXI_HP3/HP3_DDR_LOWOCM]
##   }
## 
##   if {($p_sel eq "HPC0") && ($sys_zynq == 2)} {
##     if {$sys_hpc0_interconnect_index < 0} {
##       set p_name_int sys_ps8/S_AXI_HPC0_FPD
##       set_property CONFIG.PSU__USE__S_AXI_GP0 {1} [get_bd_cells sys_ps8]
##       set_property CONFIG.PSU__AFI0_COHERENCY {1} [get_bd_cells sys_ps8]
##       ad_ip_instance $connect_type axi_hpc0_interconnect
##     }
##     set m_interconnect_index $sys_hpc0_interconnect_index
##     set m_interconnect_cell [get_bd_cells axi_hpc0_interconnect]
##     set m_addr_seg [get_bd_addr_segs sys_ps8/SAXIGP0/HPC0_DDR_*]
##   }
## 
##   if {($p_sel eq "HPC1") && ($sys_zynq == 2)} {
##     if {$sys_hpc1_interconnect_index < 0} {
##       set p_name_int sys_ps8/S_AXI_HPC1_FPD
##       set_property CONFIG.PSU__USE__S_AXI_GP1 {1} [get_bd_cells sys_ps8]
##       set_property CONFIG.PSU__AFI1_COHERENCY {1} [get_bd_cells sys_ps8]
##       ad_ip_instance $connect_type axi_hpc1_interconnect
##     }
##     set m_interconnect_index $sys_hpc1_interconnect_index
##     set m_interconnect_cell [get_bd_cells axi_hpc1_interconnect]
##     set m_addr_seg [get_bd_addr_segs sys_ps8/SAXIGP1/HPC1_DDR_*]
##   }
## 
##   if {($p_sel eq "HP0") && ($sys_zynq == 2)} {
##     if {$sys_hp0_interconnect_index < 0} {
##       set p_name_int sys_ps8/S_AXI_HP0_FPD
##       set_property CONFIG.PSU__USE__S_AXI_GP2 {1} [get_bd_cells sys_ps8]
##       ad_ip_instance $connect_type axi_hp0_interconnect
##     }
##     set m_interconnect_index $sys_hp0_interconnect_index
##     set m_interconnect_cell [get_bd_cells axi_hp0_interconnect]
##     set m_addr_seg [get_bd_addr_segs sys_ps8/SAXIGP2/HP0_DDR_*]
##   }
## 
##   if {($p_sel eq "HP1") && ($sys_zynq == 2)} {
##     if {$sys_hp1_interconnect_index < 0} {
##       set p_name_int sys_ps8/S_AXI_HP1_FPD
##       set_property CONFIG.PSU__USE__S_AXI_GP3 {1} [get_bd_cells sys_ps8]
##       ad_ip_instance $connect_type axi_hp1_interconnect
##     }
##     set m_interconnect_index $sys_hp1_interconnect_index
##     set m_interconnect_cell [get_bd_cells axi_hp1_interconnect]
##     set m_addr_seg [get_bd_addr_segs sys_ps8/SAXIGP3/HP1_DDR_*]
##   }
## 
##   if {($p_sel eq "HP2") && ($sys_zynq == 2)} {
##     if {$sys_hp2_interconnect_index < 0} {
##       set p_name_int sys_ps8/S_AXI_HP2_FPD
##       set_property CONFIG.PSU__USE__S_AXI_GP4 {1} [get_bd_cells sys_ps8]
##       ad_ip_instance $connect_type axi_hp2_interconnect
##     }
##     set m_interconnect_index $sys_hp2_interconnect_index
##     set m_interconnect_cell [get_bd_cells axi_hp2_interconnect]
##     set m_addr_seg [get_bd_addr_segs sys_ps8/SAXIGP4/HP2_DDR_*]
##   }
## 
##   if {($p_sel eq "HP3") && ($sys_zynq == 2)} {
##     if {$sys_hp3_interconnect_index < 0} {
##       set p_name_int sys_ps8/S_AXI_HP3_FPD
##       set_property CONFIG.PSU__USE__S_AXI_GP5 {1} [get_bd_cells sys_ps8]
##       ad_ip_instance $connect_type axi_hp3_interconnect
##     }
##     set m_interconnect_index $sys_hp3_interconnect_index
##     set m_interconnect_cell [get_bd_cells axi_hp3_interconnect]
##     set m_addr_seg [get_bd_addr_segs sys_ps8/SAXIGP5/HP3_DDR_*]
##   }
## 
##   if {$p_sel eq "NOC"} {
##     set m_interconnect_index [get_property CONFIG.NUM_SI [get_bd_cells axi_noc_0]]
##     set m_interconnect_cell [get_bd_cells axi_noc_0]
##     set m_addr_seg [get_bd_addr_segs  axi_noc_0/S[format "%02s" [expr $m_interconnect_index +1]]_AXI/C0_DDR_LOW0]
##     set sys_mem_clk_index [expr [get_property CONFIG.NUM_CLKS [get_bd_cells axi_noc_0]]-1]
##   }
## 
##   set i_str "S$m_interconnect_index"
##   if {$m_interconnect_index < 10} {
##     set i_str "S0$m_interconnect_index"
##   }
## 
##   set m_interconnect_index [expr $m_interconnect_index + 1]
## 
##   set p_intf_name [lrange [split $p_name_int "/"] end end]
##   set p_cell_name [lrange [split $p_name_int "/"] 0 0]
##   set p_intf_clock [get_bd_pins -filter "TYPE == clk && (CONFIG.ASSOCIATED_BUSIF == ${p_intf_name} || \
##     CONFIG.ASSOCIATED_BUSIF =~ ${p_intf_name}:* || CONFIG.ASSOCIATED_BUSIF =~ *:${p_intf_name} || \
##     CONFIG.ASSOCIATED_BUSIF =~ *:${p_intf_name}:*)" -quiet -of_objects [get_bd_cells $p_cell_name]]
##   if {[find_bd_objs -quiet -relation connected_to $p_intf_clock] ne "" ||
##       $p_intf_clock eq $p_clk_source} {
##     set p_intf_clock ""
##   }
## 
##   regsub clk $p_clk resetn p_rst
##   if {[get_bd_nets -quiet $p_rst] eq ""} {
##     set p_rst sys_cpu_resetn
##   }
## 
##   if {$m_interconnect_index == 0} {
##     set_property CONFIG.NUM_MI 1 $m_interconnect_cell
##     set_property CONFIG.NUM_SI 1 $m_interconnect_cell
##     ad_connect $p_rst $m_interconnect_cell/ARESETN
##     ad_connect $p_clk $m_interconnect_cell/ACLK
##     ad_connect $m_interconnect_cell/M00_AXI $p_name_int
##     if {$use_smartconnect == 0} {
##       ad_connect $p_rst $m_interconnect_cell/M00_ARESETN
##       ad_connect $p_clk $m_interconnect_cell/M00_ACLK
##     }
##     if {$p_intf_clock ne ""} {
##       ad_connect $p_clk $p_intf_clock
##     }
##   } else {
## 
##     set_property CONFIG.NUM_SI $m_interconnect_index $m_interconnect_cell
##     if {$use_smartconnect == 1} {
##       set clk_index [lsearch [get_bd_nets -of_object [get_bd_pins $m_interconnect_cell/ACLK*]] [get_bd_nets $p_clk]]
##       if { $clk_index == -1 } {
##           incr sys_mem_clk_index
##           set_property CONFIG.NUM_CLKS [expr $sys_mem_clk_index +1] $m_interconnect_cell
##           ad_connect $p_clk $m_interconnect_cell/ACLK$sys_mem_clk_index
##           set asocc_clk_pin  $m_interconnect_cell/ACLK$sys_mem_clk_index
##       } else {
##         set asocc_clk_pin [lindex [get_bd_pins $m_interconnect_cell/ACLK*] $clk_index]
##       }
##     } else {
##       ad_connect $p_rst $m_interconnect_cell/${i_str}_ARESETN
##       ad_connect $p_clk $m_interconnect_cell/${i_str}_ACLK
##     }
##     ad_connect $m_interconnect_cell/${i_str}_AXI $p_name_int
##     if {$p_intf_clock ne ""} {
##       ad_connect $p_clk $p_intf_clock
##     }
## 
##     if {$p_sel eq "NOC"} {
##       set_property -dict [list CONFIG.CONNECTIONS {MC_0 { read_bw {1720} write_bw {1720} read_avg_burst {4} write_avg_burst {4}} }] [get_bd_intf_pins /axi_noc_0/${i_str}_AXI]
##       # Add the new bus as associated to the clock pin, append new if other exists
##       set clk_asoc_port [get_property CONFIG.ASSOCIATED_BUSIF [get_bd_pins $asocc_clk_pin]]
##       if {$clk_asoc_port != {}} {
##        set clk_asoc_port ${clk_asoc_port}:
##       }
##       set_property -dict [list CONFIG.ASSOCIATED_BUSIF ${clk_asoc_port}${i_str}_AXI] [get_bd_pins $asocc_clk_pin]
##     }
## 
##     set mem_mapped ""
##     if {$p_sel eq "MEM"} {
##       # Search a DDR segment that is at least 16MB
##       set mem_mapped [get_bd_addr_segs -of [get_bd_addr_spaces -of  [get_bd_intf_pins -filter {NAME=~ *DLMB*} -of [get_bd_cells /sys_mb]]] -regexp -filter {NAME=~ ".*ddr.*" && RANGE=~".*0{6}$"}]
##     }
##     if {$p_sel eq "SIM"} {
##       set mem_mapped [get_bd_addr_segs -of [get_bd_addr_spaces -of  [get_bd_intf_pins -filter {NAME=~ *M_AXI*} -of [get_bd_cells /mng_axi_vip]]] -filter {NAME=~ *DDR* || NAME=~ *ddr*}]
##     }
## 
##     if {$mem_mapped eq ""} {
##       assign_bd_address $m_addr_seg
##     } else {
##       assign_bd_address -offset [get_property OFFSET $mem_mapped] \
##                         -range  [get_property RANGE $mem_mapped] $m_addr_seg
##     }
##   }
## 
##   if {($use_smartconnect == 0) && ($m_interconnect_index > 1)} {
##     set_property CONFIG.STRATEGY {2} $m_interconnect_cell
##   }
## 
##   if {$p_sel eq "SIM"} {set sys_mem_interconnect_index $m_interconnect_index}
##   if {$p_sel eq "MEM"} {set sys_mem_interconnect_index $m_interconnect_index}
##   if {$p_sel eq "HPC0"} {set sys_hpc0_interconnect_index $m_interconnect_index}
##   if {$p_sel eq "HPC1"} {set sys_hpc1_interconnect_index $m_interconnect_index}
##   if {$p_sel eq "HP0"} {set sys_hp0_interconnect_index $m_interconnect_index}
##   if {$p_sel eq "HP1"} {set sys_hp1_interconnect_index $m_interconnect_index}
##   if {$p_sel eq "HP2"} {set sys_hp2_interconnect_index $m_interconnect_index}
##   if {$p_sel eq "HP3"} {set sys_hp3_interconnect_index $m_interconnect_index}
## 
## }
## proc ad_hpmx_interconnect {p_sel p_address p_name {p_intf_name {}}} {
## 
##   global sys_zynq
##   global use_smartconnect
## 
##   set interconnect_name [format "axi_%s_interconnect" [string tolower $p_sel]]
## 
##   if {[catch {
##     set interconnect_index [get_property CONFIG.NUM_MI [get_bd_cells $interconnect_name]]
##   } err]} {
##     set interconnect_index 0
##   }
##   set i_str [format "M%02d" $interconnect_index]
## 
##   if {$i_str eq "M00"} {
## 
##     if {$use_smartconnect == 1} {
##       ad_ip_instance smartconnect $interconnect_name [ list \
##         NUM_MI 1 \
##         NUM_SI 1 \
##       ]
##       ad_connect sys_cpu_clk $interconnect_name/aclk
##       ad_connect sys_cpu_resetn $interconnect_name/aresetn
##     } else {
##       ad_ip_instance axi_interconnect $interconnect_name
##       ad_connect sys_cpu_clk $interconnect_name/ACLK
##       ad_connect sys_cpu_clk $interconnect_name/S00_ACLK
##       ad_connect sys_cpu_resetn $interconnect_name/ARESETN
##       ad_connect sys_cpu_resetn $interconnect_name/S00_ARESETN
##     }
## 
##     if {$sys_zynq == 3} {
##       ad_connect sys_cpu_clk sys_cips/m_axi_fpd_aclk
##       ad_connect $interconnect_name/S00_AXI sys_cips/M_AXI_FPD
##     } elseif {($p_sel eq "HPM0_FPD") && ($sys_zynq == 2)} {
##       ad_connect sys_cpu_clk sys_ps8/maxihpm0_fpd_aclk
##       ad_connect $interconnect_name/S00_AXI sys_ps8/M_AXI_HPM0_FPD
##     } elseif {($p_sel eq "HPM1_FPD") && ($sys_zynq == 2)} {
##       ad_connect sys_cpu_clk sys_ps8/maxihpm1_fpd_aclk
##       ad_connect $interconnect_name/S00_AXI sys_ps8/M_AXI_HPM1_FPD
##     } elseif {($p_sel eq "HPM0_LPD") && ($sys_zynq == 2)} {
##       ad_connect sys_cpu_clk sys_ps8/maxihpm0_lpd_aclk
##       ad_connect $interconnect_name/S00_AXI sys_ps8/M_AXI_HPM0_LPD
##     } elseif {($p_sel eq "GP0") && ($sys_zynq == 1)} {
##       ad_connect sys_cpu_clk sys_ps7/M_AXI_GP0_ACLK
##       ad_connect $interconnect_name/S00_AXI sys_ps7/M_AXI_GP0
##     } elseif {($p_sel eq "GP1") && ($sys_zynq == 1)} {
##       ad_connect sys_cpu_clk sys_ps7/M_AXI_GP1_ACLK
##       ad_connect $interconnect_name/S00_AXI sys_ps7/M_AXI_GP1
##     } elseif {$sys_zynq == 0} {
##       ad_connect $interconnect_name/S00_AXI sys_mb/M_AXI_DP
##     } elseif {$sys_zynq == -1} {
##       ad_connect $interconnect_name/S00_AXI mng_axi_vip/M_AXI
##     }
##   }
## 
##   if {$sys_zynq == 3} {
##     set sys_addr_cntrl_space [get_bd_addr_spaces /sys_cips/M_AXI_FPD]
##   }
##   if {$sys_zynq == 2} {
##     set sys_addr_cntrl_space [get_bd_addr_spaces sys_ps8/Data]
##   }
##   if {$sys_zynq == 1} {
##     set sys_addr_cntrl_space [get_bd_addr_spaces sys_ps7/Data]
##   }
##   if {$sys_zynq == 0} {
##     set sys_addr_cntrl_space [get_bd_addr_spaces sys_mb/Data]
##   }
##   if {$sys_zynq == -1} {
##     set sys_addr_cntrl_space [get_bd_addr_spaces mng_axi_vip/Master_AXI]
##   }
## 
##   set interconnect_index [expr $interconnect_index + 1]
## 
##   set p_cell [get_bd_cells $p_name]
##   set p_intf [get_bd_intf_pins -filter \
##     "MODE == Slave && VLNV == xilinx.com:interface:aximm_rtl:1.0 && NAME =~ *$p_intf_name*"\
##     -of_objects $p_cell]
## 
##   set p_hier_cell $p_cell
##   set p_hier_intf $p_intf
## 
##   while {$p_hier_intf != "" && [get_property TYPE $p_hier_cell] == "hier"} {
##     set p_hier_intf [find_bd_objs -boundary_type lower \
##       -relation connected_to $p_hier_intf]
##     if {$p_hier_intf != {}} {
##       set p_hier_cell [get_bd_cells -of_objects $p_hier_intf]
##     } else {
##       set p_hier_cell {}
##     }
##   }
## 
##   set p_intf_clock ""
##   set p_intf_reset ""
## 
##   if {$p_hier_cell != {}} {
##     set p_intf_name [lrange [split $p_hier_intf "/"] end end]
## 
##     set p_intf_clock [get_bd_pins -filter "TYPE == clk && \
##       (CONFIG.ASSOCIATED_BUSIF == ${p_intf_name} || \
##       CONFIG.ASSOCIATED_BUSIF =~ ${p_intf_name}:* || \
##       CONFIG.ASSOCIATED_BUSIF =~ *:${p_intf_name} || \
##       CONFIG.ASSOCIATED_BUSIF =~ *:${p_intf_name}:*)" \
##       -quiet -of_objects $p_hier_cell]
##     set p_intf_reset [get_bd_pins -filter "TYPE == rst && \
##       (CONFIG.ASSOCIATED_BUSIF == ${p_intf_name} || \
##        CONFIG.ASSOCIATED_BUSIF =~ ${p_intf_name}:* ||
##        CONFIG.ASSOCIATED_BUSIF =~ *:${p_intf_name} || \
##        CONFIG.ASSOCIATED_BUSIF =~ *:${p_intf_name}:*)" \
##        -quiet -of_objects $p_hier_cell]
## 
##     if {($p_intf_clock ne "") && ($p_intf_reset eq "")} {
##       set p_intf_reset [get_property CONFIG.ASSOCIATED_RESET [get_bd_pins ${p_intf_clock}]]
##       if {$p_intf_reset ne ""} {
##         set p_intf_reset [get_bd_pins -filter "NAME == $p_intf_reset" -of_objects $p_hier_cell]
##       }
##     }
## 
##     # Trace back up
##     set p_hier_cell2 $p_hier_cell
## 
##     while {$p_intf_clock != {} && $p_hier_cell2 != $p_cell && $p_hier_cell2 != {}} {
##       puts $p_intf_clock
##       puts $p_hier_cell2
##       set p_intf_clock [find_bd_objs -boundary_type upper \
##         -relation connected_to $p_intf_clock]
##       if {$p_intf_clock != {}} {
##         set p_intf_clock [get_bd_pins [get_property PATH $p_intf_clock]]
##         set p_hier_cell2 [get_bd_cells -of_objects $p_intf_clock]
##       }
##     }
## 
##     set p_hier_cell2 $p_hier_cell
## 
##     while {$p_intf_reset != {} && $p_hier_cell2 != $p_cell && $p_hier_cell2 != {}} {
##       set p_intf_reset [find_bd_objs -boundary_type upper \
##         -relation connected_to $p_intf_reset]
##       if {$p_intf_reset != {}} {
##         set p_intf_reset [get_bd_pins [get_property PATH $p_intf_reset]]
##         set p_hier_cell2 [get_bd_cells -of_objects $p_intf_reset]
##       }
##     }
##   }
## 
## 
##   if {[find_bd_objs -quiet -relation connected_to $p_intf_clock] ne ""} {
##     set p_intf_clock ""
##   }
##   if {$p_intf_reset ne ""} {
##     if {[find_bd_objs -quiet -relation connected_to $p_intf_reset] ne ""} {
##       set p_intf_reset ""
##     }
##   }
## 
##   set_property CONFIG.NUM_MI $interconnect_index [get_bd_cells $interconnect_name]
## 
##   if {$use_smartconnect == 0} {
##     ad_connect sys_cpu_clk $interconnect_name/${i_str}_ACLK
##     ad_connect sys_cpu_resetn $interconnect_name/${i_str}_ARESETN
##   }
##   if {$p_intf_clock ne ""} {
##     ad_connect sys_cpu_clk ${p_intf_clock}
##   }
##   if {$p_intf_reset ne ""} {
##     ad_connect sys_cpu_resetn ${p_intf_reset}
##   }
##   ad_connect $interconnect_name/${i_str}_AXI ${p_intf}
## 
##   set p_seg [get_bd_addr_segs -of [get_bd_addr_spaces -of [get_bd_intf_pins -filter "NAME=~ *${p_intf_name}*" -of $p_hier_cell]]]
##   set p_index 0
##   foreach p_seg_name $p_seg {
##     if {$p_index == 0} {
##       set p_seg_range [get_property range $p_seg_name]
##       if {$p_seg_range < 0x1000} {
##         set p_seg_range 0x1000
##       }
##       if {$sys_zynq == 3} {
##         if {($p_address >= 0x44000000) && ($p_address <= 0x4fffffff)} {
##           # place axi peripherics in A400_0000-AFFF_FFFF range
##           set p_address [expr ($p_address + 0x60000000)]
##         } elseif {($p_address >= 0x70000000) && ($p_address <= 0x7fffffff)} {
##           # place axi peripherics in B000_0000-BFFF_FFFF range
##           set p_address [expr ($p_address + 0x40000000)]
##         } else {
##           error "ERROR: ad_cpu_interconnect : Cannot map ($p_address) to aperture, \
##                 Addess out of range 0x4400_0000 - 0X4FFF_FFFF; 0x7000_0000 - 0X7FFF_FFFF !"
##         }
##       }
##       if {$sys_zynq == 2} {
##         if {($p_address >= 0x40000000) && ($p_address <= 0x4fffffff)} {
##           set p_address [expr ($p_address + 0x40000000)]
##         }
##         if {($p_address >= 0x70000000) && ($p_address <= 0x7fffffff)} {
##           set p_address [expr ($p_address + 0x20000000)]
##         }
##       }
##       puts "create_bd_addr_seg -range $p_seg_range -offset $p_address $sys_addr_cntrl_space $p_seg_name SEG_data_$p_name"
##       create_bd_addr_seg -range $p_seg_range \
##         -offset $p_address $sys_addr_cntrl_space \
##         $p_seg_name "SEG_data_${p_name}"
##     } else {
##       assign_bd_address $p_seg_name
##     }
##     incr p_index
##   }
## }
## proc ad_cpu_interconnect {p_address p_name {p_intf_name {}}} {
## 
##   global sys_zynq
## 
##   if {$sys_zynq == -1} {
##     ad_hpmx_interconnect "AXI"      $p_address $p_name $p_intf_name
##   } elseif {$sys_zynq ==  0} {
##     ad_hpmx_interconnect "DP"       $p_address $p_name $p_intf_name
##   } elseif {$sys_zynq ==  1} {
##     ad_hpmx_interconnect "GP0"      $p_address $p_name $p_intf_name
##   } elseif {$sys_zynq ==  2} {
##     ad_hpmx_interconnect "HPM0_LPD" $p_address $p_name $p_intf_name
##   } elseif {$sys_zynq ==  3} {
##     ad_hpmx_interconnect "FPD"      $p_address $p_name $p_intf_name
##   }
## }
## proc ad_cpu_interrupt {p_ps_index p_mb_index p_name} {
## 
##   global sys_zynq
## 
##   if {$sys_zynq <= 0} {set p_index_int $p_mb_index}
##   if {$sys_zynq >= 1} {set p_index_int $p_ps_index}
## 
##   set p_index [regsub -all {[^0-9]} $p_index_int ""]
##   set m_index [expr ($p_index - 8)]
## 
##   if {$sys_zynq == 3} {
##    if {$p_index < 0 || $p_index > 15} {
##       error "ERROR: ad_cpu_interrupt : Interrupt index ($p_index) out of range 0-15 "
##     }
##     ad_connect $p_name sys_cips/pl_ps_irq$p_index
##   }
## 
##   if {($sys_zynq == 2) && ($p_index <= 7)} {
##     set p_net [get_bd_nets -of_objects [get_bd_pins sys_concat_intc_0/In$p_index]]
##     set p_pin [get_bd_pins sys_concat_intc_0/In$p_index]
## 
##     puts "disconnect_bd_net $p_net $p_pin"
##     disconnect_bd_net $p_net $p_pin
##     ad_connect sys_concat_intc_0/In$p_index $p_name
##   }
## 
##   if {($sys_zynq == 2) && ($p_index >= 8)} {
##     set p_net [get_bd_nets -of_objects [get_bd_pins sys_concat_intc_1/In$m_index]]
##     set p_pin [get_bd_pins sys_concat_intc_1/In$m_index]
## 
##     puts "disconnect_bd_net $p_net $p_pin"
##     disconnect_bd_net $p_net $p_pin
##     ad_connect sys_concat_intc_1/In$m_index $p_name
##   }
## 
##   if {$sys_zynq <= 1} {
## 
##     set p_net [get_bd_nets -of_objects [get_bd_pins sys_concat_intc/In$p_index]]
##     set p_pin [get_bd_pins sys_concat_intc/In$p_index]
## 
##     puts "disconnect_bd_net $p_net $p_pin"
##     disconnect_bd_net $p_net $p_pin
##     ad_connect sys_concat_intc/In$p_index $p_name
##   }
## }
# adi_project_create e200 0 {} "xc7z020clg400-2"
INFO: [IP_Flow 19-234] Refreshing IP repositories
INFO: [IP_Flow 19-1700] Loaded user IP repository '/home/dator2/Documents/clean_fw_folder/antsdr-fw-patch/plutosdr-fw/hdl/library'.
INFO: [IP_Flow 19-2313] Loaded Vivado IP repository '/tools/Xilinx/Vivado/2023.2/data/ip'.
## set_msg_config -id {Vivado 12-1790} -string "Evaluation features should NOT be used in production systems." -new_severity WARNING
## set_msg_config -id {BD 41-1343} -new_severity WARNING
## set_msg_config -id {BD 41-1306} -new_severity WARNING
## set_msg_config -severity {CRITICAL WARNING} -quiet -id {BD 41-1276} -new_severity ERROR
## set_msg_config -id {IP_Flow 19-3656} -new_severity INFO
## set_msg_config -id {IP_Flow 19-4623} -new_severity INFO
## set_msg_config -id {IP_Flow 19-459} -new_severity INFO
## set_msg_config -id {Synth 8-3331} -new_severity INFO
## set_msg_config -id {Synth 8-2490} -new_severity WARNING
## set_msg_config -id {Designutils 20-3303} -string "HDPYFinalizeIO" -new_severity INFO
## set_msg_config -id {Place 30-73} -string "axi_spi" -new_severity WARNING
## set_msg_config -string "PCW_UIPARAM_DDR_DQS_TO_CLK_DELAY" -new_severity WARNING
Wrote  : </home/dator2/Documents/clean_fw_folder/antsdr-fw-patch/plutosdr-fw/hdl/projects/e200/e200.srcs/sources_1/bd/system/system.bd> 
## source $ad_hdl_dir/projects/common/xilinx/adi_fir_filter_bd.tcl
### proc ad_add_decimation_filter {name filter_rate n_chan parallel_paths \
###                               core_clk_mhz sampl_freq_mhz coe_file} {
###   global ad_hdl_dir
### 
###   create_bd_cell -type hier $name
###   set filter_name "fir_decimation"
### 
###   create_bd_pin -dir I $name/aclk
###   create_bd_pin -dir I $name/active
### 
###   # Adding the ad_bus_axis.v file in the project fileset sources_1 will not work
###   add_files -norecurse  $ad_hdl_dir/library/common/ad_bus_mux.v
###   add_files -norecurse  $ad_hdl_dir/library/util_cdc/sync_bits.v
###   add_files -norecurse -fileset constrs_1 $ad_hdl_dir/projects/common/xilinx/adi_fir_filter_constr.xdc
### 
###   # cdc active/source
###   create_bd_cell -type module -reference sync_bits $name/cdc_sync_active
### 
###   ad_connect $name/aclk $name/cdc_sync_active/out_clk
###   ad_connect $name/cdc_sync_active/out_resetn VCC
###   ad_connect $name/active $name/cdc_sync_active/in_bits
### 
###   # add filter instances for n channels
###   for {set i 0} {$i < $n_chan} {incr i} {
###     ad_ip_instance fir_compiler $name/${filter_name}_${i} [ list \
###       Decimation_Rate $filter_rate \
###       Filter_Type "Decimation" \
###       Interpolation_Rate 1 \
###       Number_Paths $parallel_paths \
###       Clock_Frequency $core_clk_mhz \
###       Sample_Frequency $sampl_freq_mhz \
###       CoefficientSource COE_File \
###       Coefficient_File $coe_file \
###       Coefficient_Fractional_Bits 0 \
###       Data_Fractional_Bits 15 \
###       Coefficient_Sets 1 \
###       Coefficient_Sign Signed \
###       Coefficient_Structure Inferred \
###       Coefficient_Width 16 \
###       ColumnConfig 5 \
###       Filter_Architecture Systolic_Multiply_Accumulate \
###       Number_Channels 1 \
###       Output_Rounding_Mode Symmetric_Rounding_to_Zero \
###       Output_Width 16 \
###       Quantization Integer_Coefficients \
###       RateSpecification Frequency_Specification \
###       Zero_Pack_Factor 1
###     ]
### 
###     ad_connect $name/aclk $name/${filter_name}_${i}/aclk
### 
###     create_bd_pin -dir I $name/valid_in_$i
###     create_bd_pin -dir I $name/enable_in_$i
###     create_bd_pin -dir O $name/valid_out_$i
###     create_bd_pin -dir O $name/enable_out_$i
###     create_bd_pin -dir I -from [expr 16*$parallel_paths-1] -to 0 $name/data_in_$i
###     create_bd_pin -dir O -from [expr 16*$parallel_paths-1] -to 0 $name/data_out_$i
### 
###     create_bd_cell -type module -reference ad_bus_mux $name/out_mux_$i
###     set_property -dict [list \
###       CONFIG.DATA_WIDTH [expr 16 * $parallel_paths]] [get_bd_cells $name/out_mux_$i]
### 
###     ad_connect  $name/valid_in_$i  $name/out_mux_${i}/valid_in_0
###     ad_connect  $name/enable_in_$i  $name/out_mux_${i}/enable_in_0
###     ad_connect  $name/data_in_$i  $name/out_mux_${i}/data_in_0
### 
###     ad_connect  $name/valid_in_$i  $name/${filter_name}_${i}/s_axis_data_tvalid
###     ad_connect  $name/enable_in_$i  $name/out_mux_${i}/enable_in_1
###     ad_connect  $name/data_in_$i  $name/${filter_name}_${i}/s_axis_data_tdata
### 
###     ad_connect  $name/${filter_name}_${i}/m_axis_data_tvalid  $name/out_mux_${i}/valid_in_1
###     ad_connect  $name/${filter_name}_${i}/m_axis_data_tdata  $name/out_mux_${i}/data_in_1
### 
###     ad_connect  $name/valid_out_$i  $name/out_mux_${i}/valid_out
###     ad_connect  $name/enable_out_$i  $name/out_mux_${i}/enable_out
###     ad_connect  $name/data_out_$i  $name/out_mux_${i}/data_out
### 
###     ad_connect  $name/cdc_sync_active/out_bits $name/out_mux_${i}/select_path
###   }
### }
### proc ad_add_interpolation_filter {name filter_rate n_chan parallel_paths \
###                                  core_clk_mhz sampl_freq_mhz coe_file} {
###   global ad_hdl_dir
### 
###   create_bd_cell -type hier $name
###   set filter_name "fir_interpolation"
### 
###   add_files -norecurse $ad_hdl_dir/library/common/ad_bus_mux.v
###   add_files -norecurse $ad_hdl_dir/library/common/util_pulse_gen.v
###   add_files -norecurse $ad_hdl_dir/library/util_cdc/sync_bits.v
###   add_files -norecurse -fileset constrs_1 $ad_hdl_dir/projects/common/xilinx/adi_fir_filter_constr.xdc
### 
###   create_bd_pin -dir I $name/aclk
###   create_bd_pin -dir I $name/active
### 
###   # cdc active/source
###   create_bd_cell -type module -reference sync_bits $name/cdc_sync_active
### 
###   ad_connect $name/aclk $name/cdc_sync_active/out_clk
###   ad_connect $name/cdc_sync_active/out_resetn VCC
###   ad_connect $name/active $name/cdc_sync_active/in_bits
### 
###   # Create pulse generator for ready/valid signals - This is required because
###   # there is only one clock domain for the slave and master data paths.
###   # The generator will give a 1 clock cycle pulse every N clock cycle periods.
###   # N = data  rate.
###   create_bd_cell -type module -reference util_pulse_gen $name/rate_gen
###   set_property -dict [list \
###     CONFIG.PULSE_WIDTH {1} \
###     CONFIG.PULSE_PERIOD [expr $filter_rate -1]] [get_bd_cells $name/rate_gen]
### 
###   ad_connect  $name/aclk  $name/rate_gen/clk
###   ad_connect  $name/rate_gen/pulse_width  GND
###   ad_connect  $name/rate_gen/pulse_period  GND
###   ad_connect  $name/rate_gen/load_config  GND
###   ad_connect  $name/cdc_sync_active/out_bits  $name/rate_gen/rstn
### 
###   # add filter instances for n channels
###   for {set i 0} {$i < $n_chan} {incr i} {
###     ad_ip_instance fir_compiler $name/${filter_name}_${i} [ list \
###       Decimation_Rate 1 \
###       Filter_Type "Interpolation" \
###       Interpolation_Rate $filter_rate \
###       Number_Paths $parallel_paths \
###       Clock_Frequency $core_clk_mhz \
###       Sample_Frequency $sampl_freq_mhz \
###       CoefficientSource COE_File \
###       Coefficient_File $coe_file \
###       Coefficient_Fractional_Bits 0 \
###       Data_Fractional_Bits 15 \
###       Coefficient_Sets 1 \
###       Coefficient_Sign Signed \
###       Coefficient_Structure Inferred \
###       Coefficient_Width 16 \
###       ColumnConfig 5 \
###       Filter_Architecture Systolic_Multiply_Accumulate \
###       Number_Channels 1 \
###       Output_Rounding_Mode Symmetric_Rounding_to_Zero \
###       Output_Width 16 \
###       Quantization Integer_Coefficients \
###       RateSpecification Frequency_Specification \
###       Zero_Pack_Factor 1
###     ]
### 
###     ad_connect $name/aclk $name/${filter_name}_${i}/aclk
### 
###     create_bd_pin -dir I $name/dac_valid_$i
###     create_bd_pin -dir I $name/dac_enable_$i
###     create_bd_pin -dir O $name/valid_out_$i
###     create_bd_pin -dir O $name/enable_out_$i
###     create_bd_pin -dir I -from [expr 16*$parallel_paths-1] -to 0 $name/data_in_$i
###     create_bd_pin -dir O -from [expr 16*$parallel_paths-1] -to 0 $name/data_out_$i
### 
###     ad_ip_instance util_vector_logic $name/logic_and_$i [list \
###       C_SIZE 1]
### 
###     create_bd_cell -type module -reference ad_bus_mux $name/out_mux_$i
###     set_property -dict [list \
###       CONFIG.DATA_WIDTH [expr 16 * $parallel_paths]] [get_bd_cells $name/out_mux_$i]
### 
###     ad_connect  $name/rate_gen/pulse  $name/logic_and_$i/Op1
###     ad_connect  $name/dac_valid_$i  $name/logic_and_$i/Op2
###     ad_connect  $name/logic_and_$i/Res  $name/${filter_name}_${i}/s_axis_data_tvalid
###     ad_connect  $name/${filter_name}_${i}/s_axis_data_tdata  $name/data_in_$i
### 
###     ad_connect  $name/rate_gen/pulse  $name/out_mux_${i}/valid_in_1
###     ad_connect  $name/dac_enable_$i  $name/out_mux_${i}/enable_in_1
###     ad_connect  $name/${filter_name}_${i}/m_axis_data_tdata  $name/out_mux_${i}/data_in_1
### 
###     ad_connect  $name/dac_valid_$i  $name/out_mux_${i}/valid_in_0
###     ad_connect  $name/dac_enable_$i  $name/out_mux_${i}/enable_in_0
###     ad_connect  $name/data_in_$i  $name/out_mux_${i}/data_in_0
### 
###     ad_connect  $name/out_mux_${i}/valid_out  $name/valid_out_$i
###     ad_connect  $name/out_mux_${i}/enable_out  $name/enable_out_$i
###     ad_connect  $name/out_mux_${i}/data_out  $name/data_out_$i
### 
###     ad_connect  $name/cdc_sync_active/out_bits  $name/out_mux_${i}/select_path
###   }
### }
## source $ad_hdl_dir/library/axi_tdd/scripts/axi_tdd.tcl
### proc ad_tdd_gen_create {ip_name
###                         num_of_channels
###                         {default_polarity 0}
###                         {reg_counter_width 32}
###                         {burst_counter_width 32}
###                         {sync_counter_width 64}
###                         {sync_internal 1}
###                         {sync_external 0}
###                         {sync_external_cdc 0}} {
### 
###   create_bd_cell -type hier $ip_name
### 
###   # Control interface
###   create_bd_pin -dir I -type clk "${ip_name}/s_axi_aclk"
###   create_bd_pin -dir I -type rst "${ip_name}/s_axi_aresetn"
###   create_bd_intf_pin -mode Slave -vlnv xilinx.com:interface:aximm_rtl:1.0 "${ip_name}/s_axi"
### 
###   # Device interface
###   create_bd_pin -dir I -type clk "${ip_name}/clk"
###   create_bd_pin -dir I -type rst "${ip_name}/resetn"
###   create_bd_pin -dir I "${ip_name}/sync_in"
###   create_bd_pin -dir O "${ip_name}/sync_out"
###   for {set i 0} {$i < $num_of_channels} {incr i} {
###     create_bd_pin -dir O "${ip_name}/tdd_channel_${i}"
###   }
### 
###   # Generic TDD core
###   ad_ip_instance axi_tdd "${ip_name}/tdd_core" [list \
###     CHANNEL_COUNT $num_of_channels \
###     DEFAULT_POLARITY $default_polarity \
###     REGISTER_WIDTH $reg_counter_width \
###     BURST_COUNT_WIDTH $burst_counter_width \
###     SYNC_COUNT_WIDTH $sync_counter_width \
###     SYNC_INTERNAL $sync_internal \
###     SYNC_EXTERNAL $sync_external \
###     SYNC_EXTERNAL_CDC $sync_external_cdc
###    ]
### 
###   for {set i 0} {$i < $num_of_channels} {incr i} {
###     ad_ip_instance xlslice "${ip_name}/tdd_ch_slice_${i}" [list \
###       DIN_WIDTH $num_of_channels \
###       DIN_FROM $i \
###       DIN_TO $i \
###     ]
###   }
### 
###   # Create connections
###   ad_connect "${ip_name}/s_axi_aclk" "${ip_name}/tdd_core/s_axi_aclk"
###   ad_connect "${ip_name}/s_axi_aresetn" "${ip_name}/tdd_core/s_axi_aresetn"
###   ad_connect "${ip_name}/s_axi" "${ip_name}/tdd_core/s_axi"
### 
###   ad_connect ${ip_name}/tdd_core/clk ${ip_name}/clk
###   ad_connect ${ip_name}/tdd_core/resetn ${ip_name}/resetn
###   ad_connect ${ip_name}/tdd_core/sync_in ${ip_name}/sync_in
###   ad_connect ${ip_name}/tdd_core/sync_out ${ip_name}/sync_out
### 
###   for {set i 0} {$i < $num_of_channels} {incr i} {
###     ad_connect ${ip_name}/tdd_core/tdd_channel ${ip_name}/tdd_ch_slice_$i/Din
###     ad_connect ${ip_name}/tdd_ch_slice_$i/Dout ${ip_name}/tdd_channel_$i
###   }
### 
### }
## set_property  ip_repo_paths  $ad_hdl_dir/library/ [current_project]
## update_ip_catalog
INFO: [IP_Flow 19-1839] IP Catalog is up to date.
## create_bd_intf_port -mode Master -vlnv xilinx.com:interface:ddrx_rtl:1.0 ddr
## create_bd_intf_port -mode Master -vlnv xilinx.com:display_processing_system7:fixedio_rtl:1.0 fixed_io
## create_bd_intf_port -mode Master -vlnv xilinx.com:interface:mdio_rtl:1.0 MDIO_PHY
## create_bd_intf_port -mode Master -vlnv xilinx.com:interface:rgmii_rtl:1.0 RGMII
## create_bd_port -dir O eth_rst_n
## create_bd_port -dir O spi0_csn_2_o
## create_bd_port -dir O spi0_csn_1_o
## create_bd_port -dir O spi0_csn_0_o
## create_bd_port -dir I spi0_csn_i
## create_bd_port -dir I spi0_clk_i
## create_bd_port -dir O spi0_clk_o
## create_bd_port -dir I spi0_sdo_i
## create_bd_port -dir O spi0_sdo_o
## create_bd_port -dir I spi0_sdi_i
## create_bd_port -dir I -from 63 -to 0 gpio_i
## create_bd_port -dir O -from 63 -to 0 gpio_o
## create_bd_port -dir O -from 63 -to 0 gpio_t
## create_bd_port -dir O txdata_o
## create_bd_port -dir I tdd_ext_sync
## create_bd_port -dir I CLKIN_10MHz
## create_bd_port -dir I CLK_40MHz_FPGA
## create_bd_port -dir O CLK_40M_DAC_DIN
## create_bd_port -dir O CLK_40M_DAC_SCLK
## create_bd_port -dir O CLK_40M_DAC_nSYNC
## create_bd_port -dir I PPS_GPS
## create_bd_port -dir I PPS_IN
## create_bd_port -dir O PPS_LED
## create_bd_port -dir O PPS_LOCKED
## create_bd_port -dir O REF_10M_LOCKED
## ad_ip_instance processing_system7 sys_ps7
## ad_ip_parameter sys_ps7 CONFIG.PCW_PRESET_BANK0_VOLTAGE {LVCMOS 3.3V}
## ad_ip_parameter sys_ps7 CONFIG.PCW_PRESET_BANK1_VOLTAGE {LVCMOS 3.3V}
## ad_ip_parameter sys_ps7 CONFIG.PCW_PACKAGE_NAME clg400
## ad_ip_parameter sys_ps7 CONFIG.PCW_GPIO_MIO_GPIO_ENABLE 1
## ad_ip_parameter sys_ps7 CONFIG.PCW_ENET0_PERIPHERAL_ENABLE 1
## ad_ip_parameter sys_ps7 CONFIG.PCW_ENET0_ENET0_IO "EMIO"
## ad_ip_parameter sys_ps7 CONFIG.PCW_ENET0_GRP_MDIO_ENABLE 1
## ad_ip_parameter sys_ps7 CONFIG.PCW_ENET0_GRP_MDIO_IO "EMIO"
## ad_ip_parameter sys_ps7 CONFIG.PCW_USE_S_AXI_HP1 1
## ad_ip_parameter sys_ps7 CONFIG.PCW_USE_S_AXI_HP2 1
## ad_ip_parameter sys_ps7 CONFIG.PCW_EN_CLK1_PORT 1
## ad_ip_parameter sys_ps7 CONFIG.PCW_EN_RST1_PORT 1
## ad_ip_parameter sys_ps7 CONFIG.PCW_FPGA0_PERIPHERAL_FREQMHZ 100.0
## ad_ip_parameter sys_ps7 CONFIG.PCW_FPGA1_PERIPHERAL_FREQMHZ 200.0
## ad_ip_parameter sys_ps7 CONFIG.PCW_GPIO_EMIO_GPIO_ENABLE 1
## ad_ip_parameter sys_ps7 CONFIG.PCW_GPIO_EMIO_GPIO_IO 64
## ad_ip_parameter sys_ps7 CONFIG.PCW_SPI1_PERIPHERAL_ENABLE 0
## ad_ip_parameter sys_ps7 CONFIG.PCW_I2C0_PERIPHERAL_ENABLE 1
## ad_ip_parameter sys_ps7 CONFIG.PCW_I2C0_I2C0_IO {MIO 10 .. 11}
## ad_ip_parameter sys_ps7 CONFIG.PCW_SD0_PERIPHERAL_ENABLE 1
## ad_ip_parameter sys_ps7 CONFIG.PCW_SDIO_PERIPHERAL_FREQMHZ 50
## ad_ip_parameter sys_ps7 CONFIG.PCW_UART0_PERIPHERAL_ENABLE 1
## ad_ip_parameter sys_ps7 CONFIG.PCW_UART0_UART0_IO {MIO 14 .. 15}
## ad_ip_parameter sys_ps7 CONFIG.PCW_I2C1_PERIPHERAL_ENABLE 0
## ad_ip_parameter sys_ps7 CONFIG.PCW_QSPI_PERIPHERAL_ENABLE 1
## ad_ip_parameter sys_ps7 CONFIG.PCW_QSPI_GRP_SINGLE_SS_ENABLE 1
## ad_ip_parameter sys_ps7 CONFIG.PCW_SPI0_PERIPHERAL_ENABLE 1
## ad_ip_parameter sys_ps7 CONFIG.PCW_SPI0_SPI0_IO EMIO
## ad_ip_parameter sys_ps7 CONFIG.PCW_TTC0_PERIPHERAL_ENABLE 0
## ad_ip_parameter sys_ps7 CONFIG.PCW_USE_FABRIC_INTERRUPT 1
## ad_ip_parameter sys_ps7 CONFIG.PCW_USB0_PERIPHERAL_ENABLE 1
## ad_ip_parameter sys_ps7 CONFIG.PCW_GPIO_MIO_GPIO_ENABLE 1
## ad_ip_parameter sys_ps7 CONFIG.PCW_GPIO_MIO_GPIO_IO MIO
## ad_ip_parameter sys_ps7 CONFIG.PCW_USB0_RESET_IO {MIO 47}
## ad_ip_parameter sys_ps7 CONFIG.PCW_USB0_RESET_ENABLE 1
## ad_ip_parameter sys_ps7 CONFIG.PCW_IRQ_F2P_INTR 1
## ad_ip_parameter sys_ps7 CONFIG.PCW_IRQ_F2P_MODE REVERSE
## ad_ip_parameter sys_ps7 CONFIG.PCW_MIO_0_PULLUP {enabled}
## ad_ip_parameter sys_ps7 CONFIG.PCW_MIO_9_PULLUP {enabled}
## ad_ip_parameter sys_ps7 CONFIG.PCW_MIO_10_PULLUP {enabled}
## ad_ip_parameter sys_ps7 CONFIG.PCW_MIO_11_PULLUP {enabled}
## ad_ip_parameter sys_ps7 CONFIG.PCW_MIO_48_PULLUP {enabled}
## ad_ip_parameter sys_ps7 CONFIG.PCW_MIO_49_PULLUP {disabled}
## ad_ip_parameter sys_ps7 CONFIG.PCW_MIO_53_PULLUP {enabled}
## ad_ip_parameter sys_ps7 CONFIG.PCW_UIPARAM_DDR_PARTNO {MT41J256M16 RE-125}
## ad_ip_parameter sys_ps7 CONFIG.PCW_UIPARAM_DDR_BUS_WIDTH {16 Bit}
## ad_ip_parameter sys_ps7 CONFIG.PCW_UIPARAM_DDR_USE_INTERNAL_VREF 0
## ad_ip_parameter sys_ps7 CONFIG.PCW_UIPARAM_DDR_TRAIN_WRITE_LEVEL 1
## ad_ip_parameter sys_ps7 CONFIG.PCW_UIPARAM_DDR_TRAIN_READ_GATE 1
## ad_ip_parameter sys_ps7 CONFIG.PCW_UIPARAM_DDR_TRAIN_DATA_EYE 1
## ad_ip_parameter sys_ps7 CONFIG.PCW_UIPARAM_DDR_DQS_TO_CLK_DELAY_0 0.048
## ad_ip_parameter sys_ps7 CONFIG.PCW_UIPARAM_DDR_DQS_TO_CLK_DELAY_1 0.050
## ad_ip_parameter sys_ps7 CONFIG.PCW_UIPARAM_DDR_BOARD_DELAY0 0.241
## ad_ip_parameter sys_ps7 CONFIG.PCW_UIPARAM_DDR_BOARD_DELAY1 0.240
## ad_ip_instance xlconcat sys_concat_intc
## ad_ip_parameter sys_concat_intc CONFIG.NUM_PORTS 16
## ad_ip_instance proc_sys_reset sys_rstgen
## ad_ip_parameter sys_rstgen CONFIG.C_EXT_RST_WIDTH 1
## ad_ip_instance gmii_to_rgmii sys_rgmii
## ad_ip_parameter sys_rgmii CONFIG.SupportLevel Include_Shared_Logic_in_Core
## set axi_vcxo_ctrl [ create_bd_cell -type ip -vlnv user.org:user:axi_vcxo_ctrl:1.0 axi_vcxo_ctrl ]
## ad_connect axi_vcxo_ctrl/CLK_40M_DAC_DIN CLK_40M_DAC_DIN
connect_bd_net /axi_vcxo_ctrl/CLK_40M_DAC_DIN /CLK_40M_DAC_DIN
## ad_connect axi_vcxo_ctrl/CLK_40M_DAC_SCLK CLK_40M_DAC_SCLK
connect_bd_net /axi_vcxo_ctrl/CLK_40M_DAC_SCLK /CLK_40M_DAC_SCLK
## ad_connect axi_vcxo_ctrl/CLK_40M_DAC_nSYNC CLK_40M_DAC_nSYNC
connect_bd_net /axi_vcxo_ctrl/CLK_40M_DAC_nSYNC /CLK_40M_DAC_nSYNC
## ad_connect axi_vcxo_ctrl/CLKIN_10MHz CLKIN_10MHz
connect_bd_net /axi_vcxo_ctrl/CLKIN_10MHz /CLKIN_10MHz
## ad_connect axi_vcxo_ctrl/CLK_40MHz_FPGA CLK_40MHz_FPGA
connect_bd_net /axi_vcxo_ctrl/CLK_40MHz_FPGA /CLK_40MHz_FPGA
## ad_connect axi_vcxo_ctrl/PPS_GPS PPS_GPS
connect_bd_net /axi_vcxo_ctrl/PPS_GPS /PPS_GPS
## ad_connect axi_vcxo_ctrl/PPS_IN PPS_IN
connect_bd_net /axi_vcxo_ctrl/PPS_IN /PPS_IN
## ad_connect axi_vcxo_ctrl/PPS_LED PPS_LED
connect_bd_net /axi_vcxo_ctrl/PPS_LED /PPS_LED
## ad_connect axi_vcxo_ctrl/PPS_LOCKED PPS_LOCKED
connect_bd_net /axi_vcxo_ctrl/PPS_LOCKED /PPS_LOCKED
## ad_connect axi_vcxo_ctrl/REF_10M_LOCKED REF_10M_LOCKED
connect_bd_net /axi_vcxo_ctrl/REF_10M_LOCKED /REF_10M_LOCKED
## ad_connect  sys_cpu_clk sys_ps7/FCLK_CLK0
connect_bd_net -net sys_cpu_clk /sys_ps7/FCLK_CLK0
## ad_connect  sys_200m_clk sys_ps7/FCLK_CLK1
connect_bd_net -net sys_200m_clk /sys_ps7/FCLK_CLK1
## ad_connect  sys_cpu_reset sys_rstgen/peripheral_reset
connect_bd_net -net sys_cpu_reset /sys_rstgen/peripheral_reset
## ad_connect  sys_cpu_resetn sys_rstgen/peripheral_aresetn
connect_bd_net -net sys_cpu_resetn /sys_rstgen/peripheral_aresetn
## ad_connect  eth_rst_n sys_rstgen/peripheral_aresetn
connect_bd_net /eth_rst_n /sys_rstgen/peripheral_aresetn
## ad_connect  sys_cpu_clk sys_rstgen/slowest_sync_clk
connect_bd_net -net /sys_cpu_clk /sys_rstgen/slowest_sync_clk
## ad_connect  sys_rstgen/ext_reset_in sys_ps7/FCLK_RESET0_N
connect_bd_net /sys_rstgen/ext_reset_in /sys_ps7/FCLK_RESET0_N
## ad_connect  sys_rgmii/tx_reset sys_rstgen/peripheral_reset
connect_bd_net /sys_rgmii/tx_reset /sys_rstgen/peripheral_reset
## ad_connect  sys_rgmii/rx_reset sys_rstgen/peripheral_reset
connect_bd_net /sys_rgmii/rx_reset /sys_rstgen/peripheral_reset
## ad_connect  sys_rgmii/clkin sys_ps7/FCLK_CLK1 
connect_bd_net /sys_rgmii/clkin /sys_ps7/FCLK_CLK1
## ad_connect  sys_ps7/MDIO_ETHERNET_0 sys_rgmii/MDIO_GEM
connect_bd_intf_net /sys_ps7/MDIO_ETHERNET_0 /sys_rgmii/MDIO_GEM
## ad_connect  sys_ps7/GMII_ETHERNET_0 sys_rgmii/GMII
connect_bd_intf_net /sys_ps7/GMII_ETHERNET_0 /sys_rgmii/GMII
## ad_connect  sys_rgmii/MDIO_PHY MDIO_PHY
connect_bd_intf_net /sys_rgmii/MDIO_PHY /MDIO_PHY
## ad_connect  sys_rgmii/RGMII RGMII
connect_bd_intf_net /sys_rgmii/RGMII /RGMII
## ad_connect  ddr sys_ps7/DDR
connect_bd_intf_net /ddr /sys_ps7/DDR
## ad_connect  gpio_i sys_ps7/GPIO_I
WARNING: [BD 41-1306] The connection to interface pin </sys_ps7/GPIO_I> is being overridden by the user with net <gpio_i_1>. This pin will not be connected as a part of interface connection <GPIO_0>.
connect_bd_net /gpio_i /sys_ps7/GPIO_I
## ad_connect  gpio_o sys_ps7/GPIO_O
WARNING: [BD 41-1306] The connection to interface pin </sys_ps7/GPIO_O> is being overridden by the user with net <sys_ps7_GPIO_O>. This pin will not be connected as a part of interface connection <GPIO_0>.
connect_bd_net /gpio_o /sys_ps7/GPIO_O
## ad_connect  gpio_t sys_ps7/GPIO_T
WARNING: [BD 41-1306] The connection to interface pin </sys_ps7/GPIO_T> is being overridden by the user with net <sys_ps7_GPIO_T>. This pin will not be connected as a part of interface connection <GPIO_0>.
connect_bd_net /gpio_t /sys_ps7/GPIO_T
## ad_connect  fixed_io sys_ps7/FIXED_IO
connect_bd_intf_net /fixed_io /sys_ps7/FIXED_IO
## ad_connect  spi0_csn_2_o sys_ps7/SPI0_SS2_O
WARNING: [BD 41-1306] The connection to interface pin </sys_ps7/SPI0_SS2_O> is being overridden by the user with net <sys_ps7_SPI0_SS2_O>. This pin will not be connected as a part of interface connection <SPI_0>.
connect_bd_net /spi0_csn_2_o /sys_ps7/SPI0_SS2_O
## ad_connect  spi0_csn_1_o sys_ps7/SPI0_SS1_O
WARNING: [BD 41-1306] The connection to interface pin </sys_ps7/SPI0_SS1_O> is being overridden by the user with net <sys_ps7_SPI0_SS1_O>. This pin will not be connected as a part of interface connection <SPI_0>.
connect_bd_net /spi0_csn_1_o /sys_ps7/SPI0_SS1_O
## ad_connect  spi0_csn_0_o sys_ps7/SPI0_SS_O
WARNING: [BD 41-1306] The connection to interface pin </sys_ps7/SPI0_SS_O> is being overridden by the user with net <sys_ps7_SPI0_SS_O>. This pin will not be connected as a part of interface connection <SPI_0>.
connect_bd_net /spi0_csn_0_o /sys_ps7/SPI0_SS_O
## ad_connect  spi0_csn_i sys_ps7/SPI0_SS_I
WARNING: [BD 41-1306] The connection to interface pin </sys_ps7/SPI0_SS_I> is being overridden by the user with net <spi0_csn_i_1>. This pin will not be connected as a part of interface connection <SPI_0>.
connect_bd_net /spi0_csn_i /sys_ps7/SPI0_SS_I
## ad_connect  spi0_clk_i sys_ps7/SPI0_SCLK_I
WARNING: [BD 41-1306] The connection to interface pin </sys_ps7/SPI0_SCLK_I> is being overridden by the user with net <spi0_clk_i_1>. This pin will not be connected as a part of interface connection <SPI_0>.
connect_bd_net /spi0_clk_i /sys_ps7/SPI0_SCLK_I
## ad_connect  spi0_clk_o sys_ps7/SPI0_SCLK_O
WARNING: [BD 41-1306] The connection to interface pin </sys_ps7/SPI0_SCLK_O> is being overridden by the user with net <sys_ps7_SPI0_SCLK_O>. This pin will not be connected as a part of interface connection <SPI_0>.
connect_bd_net /spi0_clk_o /sys_ps7/SPI0_SCLK_O
## ad_connect  spi0_sdo_i sys_ps7/SPI0_MOSI_I
WARNING: [BD 41-1306] The connection to interface pin </sys_ps7/SPI0_MOSI_I> is being overridden by the user with net <spi0_sdo_i_1>. This pin will not be connected as a part of interface connection <SPI_0>.
connect_bd_net /spi0_sdo_i /sys_ps7/SPI0_MOSI_I
## ad_connect  spi0_sdo_o sys_ps7/SPI0_MOSI_O
WARNING: [BD 41-1306] The connection to interface pin </sys_ps7/SPI0_MOSI_O> is being overridden by the user with net <sys_ps7_SPI0_MOSI_O>. This pin will not be connected as a part of interface connection <SPI_0>.
connect_bd_net /spi0_sdo_o /sys_ps7/SPI0_MOSI_O
## ad_connect  spi0_sdi_i sys_ps7/SPI0_MISO_I
WARNING: [BD 41-1306] The connection to interface pin </sys_ps7/SPI0_MISO_I> is being overridden by the user with net <spi0_sdi_i_1>. This pin will not be connected as a part of interface connection <SPI_0>.
connect_bd_net /spi0_sdi_i /sys_ps7/SPI0_MISO_I
## ad_connect  sys_concat_intc/dout sys_ps7/IRQ_F2P
connect_bd_net /sys_concat_intc/dout /sys_ps7/IRQ_F2P
## ad_connect  sys_concat_intc/In15 GND
connect_bd_net /GND_1/dout /sys_concat_intc/In15
## ad_connect  sys_concat_intc/In14 GND
connect_bd_net /GND_1/dout /sys_concat_intc/In14
## ad_connect  sys_concat_intc/In13 GND
connect_bd_net /GND_1/dout /sys_concat_intc/In13
## ad_connect  sys_concat_intc/In12 GND
connect_bd_net /GND_1/dout /sys_concat_intc/In12
## ad_connect  sys_concat_intc/In11 GND
connect_bd_net /GND_1/dout /sys_concat_intc/In11
## ad_connect  sys_concat_intc/In10 GND
connect_bd_net /GND_1/dout /sys_concat_intc/In10
## ad_connect  sys_concat_intc/In9 GND
connect_bd_net /GND_1/dout /sys_concat_intc/In9
## ad_connect  sys_concat_intc/In8 GND
connect_bd_net /GND_1/dout /sys_concat_intc/In8
## ad_connect  sys_concat_intc/In7 GND
connect_bd_net /GND_1/dout /sys_concat_intc/In7
## ad_connect  sys_concat_intc/In6 GND
connect_bd_net /GND_1/dout /sys_concat_intc/In6
## ad_connect  sys_concat_intc/In5 GND
connect_bd_net /GND_1/dout /sys_concat_intc/In5
## ad_connect  sys_concat_intc/In4 GND
connect_bd_net /GND_1/dout /sys_concat_intc/In4
## ad_connect  sys_concat_intc/In3 GND
connect_bd_net /GND_1/dout /sys_concat_intc/In3
## ad_connect  sys_concat_intc/In2 GND
connect_bd_net /GND_1/dout /sys_concat_intc/In2
## ad_connect  sys_concat_intc/In1 GND
connect_bd_net /GND_1/dout /sys_concat_intc/In1
## ad_connect  sys_concat_intc/In0 GND
connect_bd_net /GND_1/dout /sys_concat_intc/In0
## create_bd_port -dir I rx_clk_in
## create_bd_port -dir I rx_frame_in
## create_bd_port -dir I -from 11 -to 0 rx_data_in
## create_bd_port -dir O tx_clk_out
## create_bd_port -dir O tx_frame_out
## create_bd_port -dir O -from 11 -to 0 tx_data_out
## create_bd_port -dir O enable
## create_bd_port -dir O txnrx
## create_bd_port -dir I up_enable
## create_bd_port -dir I up_txnrx
## ad_ip_instance axi_ad9361 axi_ad9361
## ad_ip_parameter axi_ad9361 CONFIG.ID 0
## ad_ip_parameter axi_ad9361 CONFIG.CMOS_OR_LVDS_N 1
## ad_ip_parameter axi_ad9361 CONFIG.MODE_1R1T 0
## ad_ip_parameter axi_ad9361 CONFIG.ADC_INIT_DELAY 21
## ad_ip_instance axi_dmac axi_ad9361_dac_dma
## ad_ip_parameter axi_ad9361_dac_dma CONFIG.DMA_TYPE_SRC 0
## ad_ip_parameter axi_ad9361_dac_dma CONFIG.DMA_TYPE_DEST 1
## ad_ip_parameter axi_ad9361_dac_dma CONFIG.CYCLIC 1
## ad_ip_parameter axi_ad9361_dac_dma CONFIG.AXI_SLICE_SRC 0
## ad_ip_parameter axi_ad9361_dac_dma CONFIG.AXI_SLICE_DEST 0
## ad_ip_parameter axi_ad9361_dac_dma CONFIG.DMA_2D_TRANSFER 0
## ad_ip_parameter axi_ad9361_dac_dma CONFIG.DMA_DATA_WIDTH_DEST 64
## ad_add_interpolation_filter "tx_fir_interpolator" 8 2 1 {61.44} {7.68} \
##                              "$ad_hdl_dir/library/util_fir_int/coefile_int.coe"
INFO: [IP_Flow 19-5107] Inferred bus interface 'out_resetn' of definition 'xilinx.com:signal:reset:1.0' (from Xilinx Repository).
INFO: [IP_Flow 19-5107] Inferred bus interface 'out_clk' of definition 'xilinx.com:signal:clock:1.0' (from Xilinx Repository).
INFO: [IP_Flow 19-4728] Bus Interface 'out_resetn': Added interface parameter 'POLARITY' with value 'ACTIVE_LOW'.
INFO: [IP_Flow 19-4728] Bus Interface 'out_clk': Added interface parameter 'ASSOCIATED_RESET' with value 'out_resetn'.
WARNING: [IP_Flow 19-5661] Bus Interface 'out_clk' does not have any bus interfaces associated with it.
WARNING: [IP_Flow 19-11770] Clock interface 'out_clk' has no FREQ_HZ parameter.
connect_bd_net /tx_fir_interpolator/aclk /tx_fir_interpolator/cdc_sync_active/out_clk
connect_bd_net /VCC_1/dout /tx_fir_interpolator/cdc_sync_active/out_resetn
connect_bd_net /tx_fir_interpolator/active /tx_fir_interpolator/cdc_sync_active/in_bits
INFO: [IP_Flow 19-5107] Inferred bus interface 'rstn' of definition 'xilinx.com:signal:reset:1.0' (from Xilinx Repository).
INFO: [IP_Flow 19-5107] Inferred bus interface 'clk' of definition 'xilinx.com:signal:clock:1.0' (from Xilinx Repository).
INFO: [IP_Flow 19-4728] Bus Interface 'rstn': Added interface parameter 'POLARITY' with value 'ACTIVE_LOW'.
INFO: [IP_Flow 19-4728] Bus Interface 'clk': Added interface parameter 'ASSOCIATED_RESET' with value 'rstn'.
WARNING: [IP_Flow 19-5661] Bus Interface 'clk' does not have any bus interfaces associated with it.
WARNING: [IP_Flow 19-11770] Clock interface 'clk' has no FREQ_HZ parameter.
connect_bd_net /tx_fir_interpolator/aclk /tx_fir_interpolator/rate_gen/clk
connect_bd_net /GND_32/dout /tx_fir_interpolator/rate_gen/pulse_width
connect_bd_net /GND_32/dout /tx_fir_interpolator/rate_gen/pulse_period
connect_bd_net /GND_1/dout /tx_fir_interpolator/rate_gen/load_config
connect_bd_net /tx_fir_interpolator/cdc_sync_active/out_bits /tx_fir_interpolator/rate_gen/rstn
INFO: [IP_Flow 19-3484] Absolute path of file '/home/dator2/Documents/clean_fw_folder/antsdr-fw-patch/plutosdr-fw/hdl/library/util_fir_int/coefile_int.coe' provided. It will be converted relative to IP Instance files '../../../../../../../../library/util_fir_int/coefile_int.coe'
WARNING: [IP_Flow 19-3374] An attempt to modify the value of disabled parameter 'ColumnConfig' from '9' to '5' has been ignored for IP 'tx_fir_interpolator/fir_interpolation_0'
connect_bd_net /tx_fir_interpolator/aclk /tx_fir_interpolator/fir_interpolation_0/aclk
connect_bd_net /tx_fir_interpolator/rate_gen/pulse /tx_fir_interpolator/logic_and_0/Op1
connect_bd_net /tx_fir_interpolator/dac_valid_0 /tx_fir_interpolator/logic_and_0/Op2
WARNING: [BD 41-1306] The connection to interface pin </tx_fir_interpolator/fir_interpolation_0/s_axis_data_tvalid> is being overridden by the user with net <logic_and_0_Res>. This pin will not be connected as a part of interface connection <S_AXIS_DATA>.
connect_bd_net /tx_fir_interpolator/logic_and_0/Res /tx_fir_interpolator/fir_interpolation_0/s_axis_data_tvalid
WARNING: [BD 41-1306] The connection to interface pin </tx_fir_interpolator/fir_interpolation_0/s_axis_data_tdata> is being overridden by the user with net <data_in_0_1>. This pin will not be connected as a part of interface connection <S_AXIS_DATA>.
connect_bd_net /tx_fir_interpolator/fir_interpolation_0/s_axis_data_tdata /tx_fir_interpolator/data_in_0
connect_bd_net /tx_fir_interpolator/rate_gen/pulse /tx_fir_interpolator/out_mux_0/valid_in_1
connect_bd_net /tx_fir_interpolator/dac_enable_0 /tx_fir_interpolator/out_mux_0/enable_in_1
WARNING: [BD 41-1306] The connection to interface pin </tx_fir_interpolator/fir_interpolation_0/m_axis_data_tdata> is being overridden by the user with net <fir_interpolation_0_m_axis_data_tdata>. This pin will not be connected as a part of interface connection <M_AXIS_DATA>.
connect_bd_net /tx_fir_interpolator/fir_interpolation_0/m_axis_data_tdata /tx_fir_interpolator/out_mux_0/data_in_1
connect_bd_net /tx_fir_interpolator/dac_valid_0 /tx_fir_interpolator/out_mux_0/valid_in_0
connect_bd_net /tx_fir_interpolator/dac_enable_0 /tx_fir_interpolator/out_mux_0/enable_in_0
connect_bd_net /tx_fir_interpolator/data_in_0 /tx_fir_interpolator/out_mux_0/data_in_0
connect_bd_net /tx_fir_interpolator/out_mux_0/valid_out /tx_fir_interpolator/valid_out_0
connect_bd_net /tx_fir_interpolator/out_mux_0/enable_out /tx_fir_interpolator/enable_out_0
connect_bd_net /tx_fir_interpolator/out_mux_0/data_out /tx_fir_interpolator/data_out_0
connect_bd_net /tx_fir_interpolator/cdc_sync_active/out_bits /tx_fir_interpolator/out_mux_0/select_path
INFO: [IP_Flow 19-3484] Absolute path of file '/home/dator2/Documents/clean_fw_folder/antsdr-fw-patch/plutosdr-fw/hdl/library/util_fir_int/coefile_int.coe' provided. It will be converted relative to IP Instance files '../../../../../../../../library/util_fir_int/coefile_int.coe'
WARNING: [IP_Flow 19-3374] An attempt to modify the value of disabled parameter 'ColumnConfig' from '9' to '5' has been ignored for IP 'tx_fir_interpolator/fir_interpolation_1'
connect_bd_net /tx_fir_interpolator/aclk /tx_fir_interpolator/fir_interpolation_1/aclk
connect_bd_net /tx_fir_interpolator/rate_gen/pulse /tx_fir_interpolator/logic_and_1/Op1
connect_bd_net /tx_fir_interpolator/dac_valid_1 /tx_fir_interpolator/logic_and_1/Op2
WARNING: [BD 41-1306] The connection to interface pin </tx_fir_interpolator/fir_interpolation_1/s_axis_data_tvalid> is being overridden by the user with net <logic_and_1_Res>. This pin will not be connected as a part of interface connection <S_AXIS_DATA>.
connect_bd_net /tx_fir_interpolator/logic_and_1/Res /tx_fir_interpolator/fir_interpolation_1/s_axis_data_tvalid
WARNING: [BD 41-1306] The connection to interface pin </tx_fir_interpolator/fir_interpolation_1/s_axis_data_tdata> is being overridden by the user with net <data_in_1_1>. This pin will not be connected as a part of interface connection <S_AXIS_DATA>.
connect_bd_net /tx_fir_interpolator/fir_interpolation_1/s_axis_data_tdata /tx_fir_interpolator/data_in_1
connect_bd_net /tx_fir_interpolator/rate_gen/pulse /tx_fir_interpolator/out_mux_1/valid_in_1
connect_bd_net /tx_fir_interpolator/dac_enable_1 /tx_fir_interpolator/out_mux_1/enable_in_1
WARNING: [BD 41-1306] The connection to interface pin </tx_fir_interpolator/fir_interpolation_1/m_axis_data_tdata> is being overridden by the user with net <fir_interpolation_1_m_axis_data_tdata>. This pin will not be connected as a part of interface connection <M_AXIS_DATA>.
connect_bd_net /tx_fir_interpolator/fir_interpolation_1/m_axis_data_tdata /tx_fir_interpolator/out_mux_1/data_in_1
connect_bd_net /tx_fir_interpolator/dac_valid_1 /tx_fir_interpolator/out_mux_1/valid_in_0
connect_bd_net /tx_fir_interpolator/dac_enable_1 /tx_fir_interpolator/out_mux_1/enable_in_0
connect_bd_net /tx_fir_interpolator/data_in_1 /tx_fir_interpolator/out_mux_1/data_in_0
connect_bd_net /tx_fir_interpolator/out_mux_1/valid_out /tx_fir_interpolator/valid_out_1
connect_bd_net /tx_fir_interpolator/out_mux_1/enable_out /tx_fir_interpolator/enable_out_1
connect_bd_net /tx_fir_interpolator/out_mux_1/data_out /tx_fir_interpolator/data_out_1
connect_bd_net /tx_fir_interpolator/cdc_sync_active/out_bits /tx_fir_interpolator/out_mux_1/select_path
## ad_ip_instance xlslice interp_slice
## ad_ip_instance util_upack2 tx_upack
## ad_ip_instance axi_dmac axi_ad9361_adc_dma
## ad_ip_parameter axi_ad9361_adc_dma CONFIG.DMA_TYPE_SRC 2
## ad_ip_parameter axi_ad9361_adc_dma CONFIG.DMA_TYPE_DEST 0
## ad_ip_parameter axi_ad9361_adc_dma CONFIG.CYCLIC 0
## ad_ip_parameter axi_ad9361_adc_dma CONFIG.SYNC_TRANSFER_START 0
## ad_ip_parameter axi_ad9361_adc_dma CONFIG.AXI_SLICE_SRC 0
## ad_ip_parameter axi_ad9361_adc_dma CONFIG.AXI_SLICE_DEST 0
## ad_ip_parameter axi_ad9361_adc_dma CONFIG.DMA_2D_TRANSFER 0
## ad_ip_parameter axi_ad9361_adc_dma CONFIG.DMA_DATA_WIDTH_SRC 64
## ad_ip_parameter axi_ad9361_adc_dma CONFIG.SYNC_TRANSFER_START {true}
## ad_add_decimation_filter "rx_fir_decimator" 8 2 1 {61.44} {61.44} \
##                          "$ad_hdl_dir/library/util_fir_int/coefile_int.coe"
WARNING: [filemgmt 56-12] File '/home/dator2/Documents/clean_fw_folder/antsdr-fw-patch/plutosdr-fw/hdl/library/common/ad_bus_mux.v' cannot be added to the project because it already exists in the project, skipping this file
WARNING: [filemgmt 56-12] File '/home/dator2/Documents/clean_fw_folder/antsdr-fw-patch/plutosdr-fw/hdl/library/util_cdc/sync_bits.v' cannot be added to the project because it already exists in the project, skipping this file
WARNING: [filemgmt 56-12] File '/home/dator2/Documents/clean_fw_folder/antsdr-fw-patch/plutosdr-fw/hdl/projects/common/xilinx/adi_fir_filter_constr.xdc' cannot be added to the project because it already exists in the project, skipping this file
connect_bd_net /rx_fir_decimator/aclk /rx_fir_decimator/cdc_sync_active/out_clk
connect_bd_net /VCC_1/dout /rx_fir_decimator/cdc_sync_active/out_resetn
connect_bd_net /rx_fir_decimator/active /rx_fir_decimator/cdc_sync_active/in_bits
INFO: [IP_Flow 19-3484] Absolute path of file '/home/dator2/Documents/clean_fw_folder/antsdr-fw-patch/plutosdr-fw/hdl/library/util_fir_int/coefile_int.coe' provided. It will be converted relative to IP Instance files '../../../../../../../../library/util_fir_int/coefile_int.coe'
WARNING: [IP_Flow 19-3374] An attempt to modify the value of disabled parameter 'ColumnConfig' from '9' to '5' has been ignored for IP 'rx_fir_decimator/fir_decimation_0'
connect_bd_net /rx_fir_decimator/aclk /rx_fir_decimator/fir_decimation_0/aclk
connect_bd_net /rx_fir_decimator/valid_in_0 /rx_fir_decimator/out_mux_0/valid_in_0
connect_bd_net /rx_fir_decimator/enable_in_0 /rx_fir_decimator/out_mux_0/enable_in_0
connect_bd_net /rx_fir_decimator/data_in_0 /rx_fir_decimator/out_mux_0/data_in_0
WARNING: [BD 41-1306] The connection to interface pin </rx_fir_decimator/fir_decimation_0/s_axis_data_tvalid> is being overridden by the user with net </rx_fir_decimator/valid_in_0_1>. This pin will not be connected as a part of interface connection <S_AXIS_DATA>.
connect_bd_net /rx_fir_decimator/valid_in_0 /rx_fir_decimator/fir_decimation_0/s_axis_data_tvalid
connect_bd_net /rx_fir_decimator/enable_in_0 /rx_fir_decimator/out_mux_0/enable_in_1
WARNING: [BD 41-1306] The connection to interface pin </rx_fir_decimator/fir_decimation_0/s_axis_data_tdata> is being overridden by the user with net </rx_fir_decimator/data_in_0_1>. This pin will not be connected as a part of interface connection <S_AXIS_DATA>.
connect_bd_net /rx_fir_decimator/data_in_0 /rx_fir_decimator/fir_decimation_0/s_axis_data_tdata
WARNING: [BD 41-1306] The connection to interface pin </rx_fir_decimator/fir_decimation_0/m_axis_data_tvalid> is being overridden by the user with net <fir_decimation_0_m_axis_data_tvalid>. This pin will not be connected as a part of interface connection <M_AXIS_DATA>.
connect_bd_net /rx_fir_decimator/fir_decimation_0/m_axis_data_tvalid /rx_fir_decimator/out_mux_0/valid_in_1
WARNING: [BD 41-1306] The connection to interface pin </rx_fir_decimator/fir_decimation_0/m_axis_data_tdata> is being overridden by the user with net <fir_decimation_0_m_axis_data_tdata>. This pin will not be connected as a part of interface connection <M_AXIS_DATA>.
connect_bd_net /rx_fir_decimator/fir_decimation_0/m_axis_data_tdata /rx_fir_decimator/out_mux_0/data_in_1
connect_bd_net /rx_fir_decimator/valid_out_0 /rx_fir_decimator/out_mux_0/valid_out
connect_bd_net /rx_fir_decimator/enable_out_0 /rx_fir_decimator/out_mux_0/enable_out
connect_bd_net /rx_fir_decimator/data_out_0 /rx_fir_decimator/out_mux_0/data_out
connect_bd_net /rx_fir_decimator/cdc_sync_active/out_bits /rx_fir_decimator/out_mux_0/select_path
INFO: [IP_Flow 19-3484] Absolute path of file '/home/dator2/Documents/clean_fw_folder/antsdr-fw-patch/plutosdr-fw/hdl/library/util_fir_int/coefile_int.coe' provided. It will be converted relative to IP Instance files '../../../../../../../../library/util_fir_int/coefile_int.coe'
WARNING: [IP_Flow 19-3374] An attempt to modify the value of disabled parameter 'ColumnConfig' from '9' to '5' has been ignored for IP 'rx_fir_decimator/fir_decimation_1'
connect_bd_net /rx_fir_decimator/aclk /rx_fir_decimator/fir_decimation_1/aclk
connect_bd_net /rx_fir_decimator/valid_in_1 /rx_fir_decimator/out_mux_1/valid_in_0
connect_bd_net /rx_fir_decimator/enable_in_1 /rx_fir_decimator/out_mux_1/enable_in_0
connect_bd_net /rx_fir_decimator/data_in_1 /rx_fir_decimator/out_mux_1/data_in_0
WARNING: [BD 41-1306] The connection to interface pin </rx_fir_decimator/fir_decimation_1/s_axis_data_tvalid> is being overridden by the user with net </rx_fir_decimator/valid_in_1_1>. This pin will not be connected as a part of interface connection <S_AXIS_DATA>.
connect_bd_net /rx_fir_decimator/valid_in_1 /rx_fir_decimator/fir_decimation_1/s_axis_data_tvalid
connect_bd_net /rx_fir_decimator/enable_in_1 /rx_fir_decimator/out_mux_1/enable_in_1
WARNING: [BD 41-1306] The connection to interface pin </rx_fir_decimator/fir_decimation_1/s_axis_data_tdata> is being overridden by the user with net </rx_fir_decimator/data_in_1_1>. This pin will not be connected as a part of interface connection <S_AXIS_DATA>.
connect_bd_net /rx_fir_decimator/data_in_1 /rx_fir_decimator/fir_decimation_1/s_axis_data_tdata
WARNING: [BD 41-1306] The connection to interface pin </rx_fir_decimator/fir_decimation_1/m_axis_data_tvalid> is being overridden by the user with net <fir_decimation_1_m_axis_data_tvalid>. This pin will not be connected as a part of interface connection <M_AXIS_DATA>.
connect_bd_net /rx_fir_decimator/fir_decimation_1/m_axis_data_tvalid /rx_fir_decimator/out_mux_1/valid_in_1
WARNING: [BD 41-1306] The connection to interface pin </rx_fir_decimator/fir_decimation_1/m_axis_data_tdata> is being overridden by the user with net <fir_decimation_1_m_axis_data_tdata>. This pin will not be connected as a part of interface connection <M_AXIS_DATA>.
connect_bd_net /rx_fir_decimator/fir_decimation_1/m_axis_data_tdata /rx_fir_decimator/out_mux_1/data_in_1
connect_bd_net /rx_fir_decimator/valid_out_1 /rx_fir_decimator/out_mux_1/valid_out
connect_bd_net /rx_fir_decimator/enable_out_1 /rx_fir_decimator/out_mux_1/enable_out
connect_bd_net /rx_fir_decimator/data_out_1 /rx_fir_decimator/out_mux_1/data_out
connect_bd_net /rx_fir_decimator/cdc_sync_active/out_bits /rx_fir_decimator/out_mux_1/select_path
## ad_ip_instance xlslice decim_slice
## ad_ip_instance util_cpack2 cpack
## ad_connect  rx_clk_in axi_ad9361/rx_clk_in
connect_bd_net /rx_clk_in /axi_ad9361/rx_clk_in
## ad_connect  rx_frame_in axi_ad9361/rx_frame_in
connect_bd_net /rx_frame_in /axi_ad9361/rx_frame_in
## ad_connect  rx_data_in axi_ad9361/rx_data_in
connect_bd_net /rx_data_in /axi_ad9361/rx_data_in
## ad_connect  tx_clk_out axi_ad9361/tx_clk_out
connect_bd_net /tx_clk_out /axi_ad9361/tx_clk_out
## ad_connect  tx_frame_out axi_ad9361/tx_frame_out
connect_bd_net /tx_frame_out /axi_ad9361/tx_frame_out
## ad_connect  tx_data_out axi_ad9361/tx_data_out
connect_bd_net /tx_data_out /axi_ad9361/tx_data_out
## ad_connect  enable axi_ad9361/enable
connect_bd_net /enable /axi_ad9361/enable
## ad_connect  txnrx axi_ad9361/txnrx
connect_bd_net /txnrx /axi_ad9361/txnrx
## ad_connect  up_enable axi_ad9361/up_enable
connect_bd_net /up_enable /axi_ad9361/up_enable
## ad_connect  up_txnrx axi_ad9361/up_txnrx
connect_bd_net /up_txnrx /axi_ad9361/up_txnrx
## ad_connect  axi_ad9361/tdd_sync GND
connect_bd_net /GND_1/dout /axi_ad9361/tdd_sync
## ad_connect  sys_200m_clk axi_ad9361/delay_clk
connect_bd_net -net /sys_200m_clk /axi_ad9361/delay_clk
## ad_connect  axi_ad9361/l_clk axi_ad9361/clk
connect_bd_net /axi_ad9361/l_clk /axi_ad9361/clk
## ad_connect axi_ad9361/l_clk rx_fir_decimator/aclk
connect_bd_net /axi_ad9361/l_clk /rx_fir_decimator/aclk
## ad_connect axi_ad9361/adc_valid_i0 rx_fir_decimator/valid_in_0
connect_bd_net /axi_ad9361/adc_valid_i0 /rx_fir_decimator/valid_in_0
## ad_connect axi_ad9361/adc_enable_i0 rx_fir_decimator/enable_in_0
connect_bd_net /axi_ad9361/adc_enable_i0 /rx_fir_decimator/enable_in_0
## ad_connect axi_ad9361/adc_data_i0 rx_fir_decimator/data_in_0
connect_bd_net /axi_ad9361/adc_data_i0 /rx_fir_decimator/data_in_0
## ad_connect axi_ad9361/adc_valid_q0 rx_fir_decimator/valid_in_1
connect_bd_net /axi_ad9361/adc_valid_q0 /rx_fir_decimator/valid_in_1
## ad_connect axi_ad9361/adc_enable_q0 rx_fir_decimator/enable_in_1
connect_bd_net /axi_ad9361/adc_enable_q0 /rx_fir_decimator/enable_in_1
## ad_connect axi_ad9361/adc_data_q0 rx_fir_decimator/data_in_1
connect_bd_net /axi_ad9361/adc_data_q0 /rx_fir_decimator/data_in_1
## ad_connect axi_ad9361/l_clk cpack/clk
connect_bd_net /axi_ad9361/l_clk /cpack/clk
## ad_connect axi_ad9361/rst cpack/reset
connect_bd_net /axi_ad9361/rst /cpack/reset
## ad_connect axi_ad9361/adc_enable_i1 cpack/enable_2
connect_bd_net /axi_ad9361/adc_enable_i1 /cpack/enable_2
## ad_connect axi_ad9361/adc_data_i1 cpack/fifo_wr_data_2
connect_bd_net /axi_ad9361/adc_data_i1 /cpack/fifo_wr_data_2
## ad_connect axi_ad9361/adc_enable_q1 cpack/enable_3
connect_bd_net /axi_ad9361/adc_enable_q1 /cpack/enable_3
## ad_connect axi_ad9361/adc_data_q1 cpack/fifo_wr_data_3
connect_bd_net /axi_ad9361/adc_data_q1 /cpack/fifo_wr_data_3
## ad_connect cpack/enable_0 rx_fir_decimator/enable_out_0
connect_bd_net /cpack/enable_0 /rx_fir_decimator/enable_out_0
## ad_connect cpack/enable_1 rx_fir_decimator/enable_out_1
connect_bd_net /cpack/enable_1 /rx_fir_decimator/enable_out_1
## ad_connect cpack/fifo_wr_data_0 rx_fir_decimator/data_out_0
connect_bd_net /cpack/fifo_wr_data_0 /rx_fir_decimator/data_out_0
## ad_connect cpack/fifo_wr_data_1 rx_fir_decimator/data_out_1
connect_bd_net /cpack/fifo_wr_data_1 /rx_fir_decimator/data_out_1
## ad_connect rx_fir_decimator/valid_out_0 cpack/fifo_wr_en
connect_bd_net /rx_fir_decimator/valid_out_0 /cpack/fifo_wr_en
## ad_connect axi_ad9361_adc_dma/fifo_wr cpack/packed_fifo_wr
connect_bd_intf_net /axi_ad9361_adc_dma/fifo_wr /cpack/packed_fifo_wr
## ad_connect axi_ad9361/up_adc_gpio_out decim_slice/Din
connect_bd_net /axi_ad9361/up_adc_gpio_out /decim_slice/Din
## ad_connect rx_fir_decimator/active decim_slice/Dout
connect_bd_net /rx_fir_decimator/active /decim_slice/Dout
## ad_connect axi_ad9361/l_clk tx_fir_interpolator/aclk
connect_bd_net /axi_ad9361/l_clk /tx_fir_interpolator/aclk
## ad_connect axi_ad9361/dac_enable_i0 tx_fir_interpolator/dac_enable_0
connect_bd_net /axi_ad9361/dac_enable_i0 /tx_fir_interpolator/dac_enable_0
## ad_connect axi_ad9361/dac_valid_i0 tx_fir_interpolator/dac_valid_0
connect_bd_net /axi_ad9361/dac_valid_i0 /tx_fir_interpolator/dac_valid_0
## ad_connect axi_ad9361/dac_data_i0 tx_fir_interpolator/data_out_0
connect_bd_net /axi_ad9361/dac_data_i0 /tx_fir_interpolator/data_out_0
## ad_connect axi_ad9361/dac_enable_q0 tx_fir_interpolator/dac_enable_1
connect_bd_net /axi_ad9361/dac_enable_q0 /tx_fir_interpolator/dac_enable_1
## ad_connect axi_ad9361/dac_valid_q0 tx_fir_interpolator/dac_valid_1
connect_bd_net /axi_ad9361/dac_valid_q0 /tx_fir_interpolator/dac_valid_1
## ad_connect axi_ad9361/dac_data_q0 tx_fir_interpolator/data_out_1
connect_bd_net /axi_ad9361/dac_data_q0 /tx_fir_interpolator/data_out_1
## ad_connect  axi_ad9361/l_clk tx_upack/clk
connect_bd_net /axi_ad9361/l_clk /tx_upack/clk
## ad_connect  tx_upack/fifo_rd_data_0  tx_fir_interpolator/data_in_0
connect_bd_net /tx_upack/fifo_rd_data_0 /tx_fir_interpolator/data_in_0
## ad_connect  tx_upack/enable_0  tx_fir_interpolator/enable_out_0
connect_bd_net /tx_upack/enable_0 /tx_fir_interpolator/enable_out_0
## ad_connect  tx_upack/fifo_rd_data_1  tx_fir_interpolator/data_in_1
connect_bd_net /tx_upack/fifo_rd_data_1 /tx_fir_interpolator/data_in_1
## ad_connect  tx_upack/enable_1  tx_fir_interpolator/enable_out_1
connect_bd_net /tx_upack/enable_1 /tx_fir_interpolator/enable_out_1
## ad_connect axi_ad9361/dac_enable_i1 tx_upack/enable_2
connect_bd_net /axi_ad9361/dac_enable_i1 /tx_upack/enable_2
## ad_connect axi_ad9361/dac_data_i1 tx_upack/fifo_rd_data_2
connect_bd_net /axi_ad9361/dac_data_i1 /tx_upack/fifo_rd_data_2
## ad_connect axi_ad9361/dac_enable_q1 tx_upack/enable_3
connect_bd_net /axi_ad9361/dac_enable_q1 /tx_upack/enable_3
## ad_connect axi_ad9361/dac_data_q1 tx_upack/fifo_rd_data_3
connect_bd_net /axi_ad9361/dac_data_q1 /tx_upack/fifo_rd_data_3
## ad_connect tx_upack/s_axis  axi_ad9361_dac_dma/m_axis
connect_bd_intf_net /tx_upack/s_axis /axi_ad9361_dac_dma/m_axis
## ad_ip_instance util_vector_logic logic_or [list \
##   C_OPERATION {or} \
##   C_SIZE 1]
## ad_connect  logic_or/Op1  tx_fir_interpolator/valid_out_0
connect_bd_net /logic_or/Op1 /tx_fir_interpolator/valid_out_0
## ad_connect  logic_or/Op2  axi_ad9361/dac_valid_i1
connect_bd_net /logic_or/Op2 /axi_ad9361/dac_valid_i1
## ad_connect  logic_or/Res  tx_upack/fifo_rd_en
connect_bd_net /logic_or/Res /tx_upack/fifo_rd_en
## ad_connect  tx_upack/fifo_rd_underflow axi_ad9361/dac_dunf
connect_bd_net /tx_upack/fifo_rd_underflow /axi_ad9361/dac_dunf
## ad_connect axi_ad9361/up_dac_gpio_out interp_slice/Din
connect_bd_net /axi_ad9361/up_dac_gpio_out /interp_slice/Din
## ad_connect  tx_fir_interpolator/active interp_slice/Dout
connect_bd_net /tx_fir_interpolator/active /interp_slice/Dout
## ad_connect  axi_ad9361/l_clk axi_ad9361_adc_dma/fifo_wr_clk
connect_bd_net /axi_ad9361/l_clk /axi_ad9361_adc_dma/fifo_wr_clk
## ad_connect  axi_ad9361/l_clk axi_ad9361_dac_dma/m_axis_aclk
connect_bd_net /axi_ad9361/l_clk /axi_ad9361_dac_dma/m_axis_aclk
## ad_connect  cpack/fifo_wr_overflow axi_ad9361/adc_dovf
connect_bd_net /cpack/fifo_wr_overflow /axi_ad9361/adc_dovf
## set TDD_CHANNEL_CNT 3
## set TDD_DEFAULT_POL 0b010
## set TDD_REG_WIDTH 32
## set TDD_BURST_WIDTH 32
## set TDD_SYNC_WIDTH 0
## set TDD_SYNC_INT 0
## set TDD_SYNC_EXT 1
## set TDD_SYNC_EXT_CDC 1
## ad_tdd_gen_create axi_tdd_0 $TDD_CHANNEL_CNT \
##                             $TDD_DEFAULT_POL \
##                             $TDD_REG_WIDTH \
##                             $TDD_BURST_WIDTH \
##                             $TDD_SYNC_WIDTH \
##                             $TDD_SYNC_INT \
##                             $TDD_SYNC_EXT \
##                             $TDD_SYNC_EXT_CDC
connect_bd_net /axi_tdd_0/s_axi_aclk /axi_tdd_0/tdd_core/s_axi_aclk
connect_bd_net /axi_tdd_0/s_axi_aresetn /axi_tdd_0/tdd_core/s_axi_aresetn
connect_bd_intf_net /axi_tdd_0/s_axi /axi_tdd_0/tdd_core/s_axi
connect_bd_net /axi_tdd_0/tdd_core/clk /axi_tdd_0/clk
connect_bd_net /axi_tdd_0/tdd_core/resetn /axi_tdd_0/resetn
connect_bd_net /axi_tdd_0/tdd_core/sync_in /axi_tdd_0/sync_in
connect_bd_net /axi_tdd_0/tdd_core/sync_out /axi_tdd_0/sync_out
connect_bd_net /axi_tdd_0/tdd_core/tdd_channel /axi_tdd_0/tdd_ch_slice_0/Din
connect_bd_net /axi_tdd_0/tdd_ch_slice_0/Dout /axi_tdd_0/tdd_channel_0
connect_bd_net /axi_tdd_0/tdd_core/tdd_channel /axi_tdd_0/tdd_ch_slice_1/Din
connect_bd_net /axi_tdd_0/tdd_ch_slice_1/Dout /axi_tdd_0/tdd_channel_1
connect_bd_net /axi_tdd_0/tdd_core/tdd_channel /axi_tdd_0/tdd_ch_slice_2/Din
connect_bd_net /axi_tdd_0/tdd_ch_slice_2/Dout /axi_tdd_0/tdd_channel_2
## ad_ip_instance util_vector_logic logic_inv [list \
##   C_OPERATION {not} \
##   C_SIZE 1]
## ad_ip_instance util_vector_logic logic_or_1 [list \
##   C_OPERATION {or} \
##   C_SIZE 1]
## ad_connect logic_inv/Op1  axi_ad9361/rst
connect_bd_net /logic_inv/Op1 /axi_ad9361/rst
## ad_connect logic_inv/Res  axi_tdd_0/resetn
connect_bd_net /logic_inv/Res /axi_tdd_0/resetn
## ad_connect axi_ad9361/l_clk axi_tdd_0/clk
connect_bd_net /axi_ad9361/l_clk /axi_tdd_0/clk
## ad_connect axi_tdd_0/sync_in tdd_ext_sync
connect_bd_net /axi_tdd_0/sync_in /tdd_ext_sync
## ad_connect axi_tdd_0/tdd_channel_0 txdata_o
connect_bd_net /axi_tdd_0/tdd_channel_0 /txdata_o
## ad_connect axi_tdd_0/tdd_channel_1 axi_ad9361_adc_dma/sync
connect_bd_net /axi_tdd_0/tdd_channel_1 /axi_ad9361_adc_dma/sync
## ad_connect  logic_or_1/Op1  axi_ad9361/rst
connect_bd_net /logic_or_1/Op1 /axi_ad9361/rst
## ad_connect  logic_or_1/Op2  axi_tdd_0/tdd_channel_2
connect_bd_net /logic_or_1/Op2 /axi_tdd_0/tdd_channel_2
## ad_connect  logic_or_1/Res  tx_upack/reset
connect_bd_net /logic_or_1/Res /tx_upack/reset
## ad_cpu_interconnect 0x79020000 axi_ad9361
WARNING: [BD 5-230] No cells matched 'get_bd_cells axi_gp0_interconnect'
connect_bd_net -net /sys_cpu_clk /axi_gp0_interconnect/ACLK
connect_bd_net -net /sys_cpu_clk /axi_gp0_interconnect/S00_ACLK
connect_bd_net -net /sys_cpu_resetn /axi_gp0_interconnect/ARESETN
connect_bd_net -net /sys_cpu_resetn /axi_gp0_interconnect/S00_ARESETN
connect_bd_net -net /sys_cpu_clk /sys_ps7/M_AXI_GP0_ACLK
connect_bd_intf_net /axi_gp0_interconnect/S00_AXI /sys_ps7/M_AXI_GP0
connect_bd_net -net /sys_cpu_clk /axi_gp0_interconnect/M00_ACLK
connect_bd_net -net /sys_cpu_resetn /axi_gp0_interconnect/M00_ARESETN
connect_bd_net -net /sys_cpu_clk /axi_ad9361/s_axi_aclk
connect_bd_net -net /sys_cpu_resetn /axi_ad9361/s_axi_aresetn
connect_bd_intf_net /axi_gp0_interconnect/M00_AXI /axi_ad9361/s_axi
create_bd_addr_seg -range 0x00010000 -offset 0x79020000 /sys_ps7/Data /axi_ad9361/s_axi/axi_lite SEG_data_axi_ad9361
## ad_cpu_interconnect 0x7C400000 axi_ad9361_adc_dma
connect_bd_net -net /sys_cpu_clk /axi_gp0_interconnect/M01_ACLK
connect_bd_net -net /sys_cpu_resetn /axi_gp0_interconnect/M01_ARESETN
connect_bd_net -net /sys_cpu_clk /axi_ad9361_adc_dma/s_axi_aclk
connect_bd_net -net /sys_cpu_resetn /axi_ad9361_adc_dma/s_axi_aresetn
connect_bd_intf_net /axi_gp0_interconnect/M01_AXI /axi_ad9361_adc_dma/s_axi
create_bd_addr_seg -range 0x1000 -offset 0x7C400000 /sys_ps7/Data /axi_ad9361_adc_dma/s_axi/axi_lite SEG_data_axi_ad9361_adc_dma
## ad_cpu_interconnect 0x7C420000 axi_ad9361_dac_dma
connect_bd_net -net /sys_cpu_clk /axi_gp0_interconnect/M02_ACLK
connect_bd_net -net /sys_cpu_resetn /axi_gp0_interconnect/M02_ARESETN
connect_bd_net -net /sys_cpu_clk /axi_ad9361_dac_dma/s_axi_aclk
connect_bd_net -net /sys_cpu_resetn /axi_ad9361_dac_dma/s_axi_aresetn
connect_bd_intf_net /axi_gp0_interconnect/M02_AXI /axi_ad9361_dac_dma/s_axi
create_bd_addr_seg -range 0x1000 -offset 0x7C420000 /sys_ps7/Data /axi_ad9361_dac_dma/s_axi/axi_lite SEG_data_axi_ad9361_dac_dma
## ad_cpu_interconnect 0x7C440000 axi_tdd_0
/axi_tdd_0/tdd_core/s_axi_aclk
/axi_tdd_0/tdd_core
connect_bd_net -net /sys_cpu_clk /axi_gp0_interconnect/M03_ACLK
connect_bd_net -net /sys_cpu_resetn /axi_gp0_interconnect/M03_ARESETN
connect_bd_net -net /sys_cpu_clk /axi_tdd_0/s_axi_aclk
connect_bd_net -net /sys_cpu_resetn /axi_tdd_0/s_axi_aresetn
connect_bd_intf_net /axi_gp0_interconnect/M03_AXI /axi_tdd_0/s_axi
create_bd_addr_seg -range 0x1000 -offset 0x7C440000 /sys_ps7/Data /axi_tdd_0/tdd_core/s_axi/axi_lite SEG_data_axi_tdd_0
## ad_cpu_interconnect 0x43C00000 axi_vcxo_ctrl
connect_bd_net -net /sys_cpu_clk /axi_gp0_interconnect/M04_ACLK
connect_bd_net -net /sys_cpu_resetn /axi_gp0_interconnect/M04_ARESETN
connect_bd_net -net /sys_cpu_clk /axi_vcxo_ctrl/s00_axi_aclk
connect_bd_net -net /sys_cpu_resetn /axi_vcxo_ctrl/s00_axi_aresetn
connect_bd_intf_net /axi_gp0_interconnect/M04_AXI /axi_vcxo_ctrl/s00_axi
create_bd_addr_seg -range 0x00001000 -offset 0x43C00000 /sys_ps7/Data /axi_vcxo_ctrl/s00_axi/reg0 SEG_data_axi_vcxo_ctrl
## ad_ip_parameter sys_ps7 CONFIG.PCW_USE_S_AXI_HP1 {1}
## ad_connect sys_cpu_clk sys_ps7/S_AXI_HP1_ACLK
connect_bd_net -net /sys_cpu_clk /sys_ps7/S_AXI_HP1_ACLK
## ad_connect axi_ad9361_adc_dma/m_dest_axi sys_ps7/S_AXI_HP1
connect_bd_intf_net /axi_ad9361_adc_dma/m_dest_axi /sys_ps7/S_AXI_HP1
## create_bd_addr_seg -range 0x20000000 -offset 0x00000000 \
##                     [get_bd_addr_spaces axi_ad9361_adc_dma/m_dest_axi] \
##                     [get_bd_addr_segs sys_ps7/S_AXI_HP1/HP1_DDR_LOWOCM] \
##                     SEG_sys_ps7_HP1_DDR_LOWOCM
## ad_ip_parameter sys_ps7 CONFIG.PCW_USE_S_AXI_HP2 {1}
## ad_connect sys_cpu_clk sys_ps7/S_AXI_HP2_ACLK
connect_bd_net -net /sys_cpu_clk /sys_ps7/S_AXI_HP2_ACLK
## ad_connect axi_ad9361_dac_dma/m_src_axi sys_ps7/S_AXI_HP2
connect_bd_intf_net /axi_ad9361_dac_dma/m_src_axi /sys_ps7/S_AXI_HP2
## create_bd_addr_seg -range 0x20000000 -offset 0x00000000 \
##                     [get_bd_addr_spaces axi_ad9361_dac_dma/m_src_axi] \
##                     [get_bd_addr_segs sys_ps7/S_AXI_HP2/HP2_DDR_LOWOCM] \
##                     SEG_sys_ps7_HP2_DDR_LOWOCM
## ad_connect sys_cpu_clk axi_ad9361_dac_dma/m_src_axi_aclk
connect_bd_net -net /sys_cpu_clk /axi_ad9361_dac_dma/m_src_axi_aclk
## ad_connect sys_cpu_clk axi_ad9361_adc_dma/m_dest_axi_aclk
connect_bd_net -net /sys_cpu_clk /axi_ad9361_adc_dma/m_dest_axi_aclk
## ad_connect sys_cpu_resetn axi_ad9361_adc_dma/m_dest_axi_aresetn
connect_bd_net -net /sys_cpu_resetn /axi_ad9361_adc_dma/m_dest_axi_aresetn
## ad_connect sys_cpu_resetn axi_ad9361_dac_dma/m_src_axi_aresetn
connect_bd_net -net /sys_cpu_resetn /axi_ad9361_dac_dma/m_src_axi_aresetn
## ad_cpu_interrupt ps-13 mb-13 axi_ad9361_adc_dma/irq
disconnect_bd_net /GND_1_dout /sys_concat_intc/In13
connect_bd_net /sys_concat_intc/In13 /axi_ad9361_adc_dma/irq
## ad_cpu_interrupt ps-12 mb-12 axi_ad9361_dac_dma/irq
disconnect_bd_net /GND_1_dout /sys_concat_intc/In12
connect_bd_net /sys_concat_intc/In12 /axi_ad9361_dac_dma/irq
Wrote  : </home/dator2/Documents/clean_fw_folder/antsdr-fw-patch/plutosdr-fw/hdl/projects/e200/e200.srcs/sources_1/bd/system/system.bd> 
WARNING: [#UNDEF] When using EMIO pins for SPI_0 tie SSIN High in the PL bitstream
INFO: [xilinx.com:ip:fir_compiler:7.2-913] /tx_fir_interpolator/fir_interpolation_1 Data_Fractional_Bits has been set to manual on the GUI. It will not be updated during validation with a propagated value.
INFO: [xilinx.com:ip:fir_compiler:7.2-913] /tx_fir_interpolator/fir_interpolation_0 Data_Fractional_Bits has been set to manual on the GUI. It will not be updated during validation with a propagated value.
INFO: [xilinx.com:ip:fir_compiler:7.2-913] /rx_fir_decimator/fir_decimation_0 Data_Fractional_Bits has been set to manual on the GUI. It will not be updated during validation with a propagated value.
INFO: [xilinx.com:ip:fir_compiler:7.2-913] /rx_fir_decimator/fir_decimation_1 Data_Fractional_Bits has been set to manual on the GUI. It will not be updated during validation with a propagated value.
INFO: [xilinx.com:ip:util_vector_logic:2.0-10] /logic_or_1 IP set output pin Res type to "rst" when Input pin Op1 type is "rst" and Input pin Op2 type is "undef".
validate_bd_design: Time (s): cpu = 00:00:12 ; elapsed = 00:00:12 . Memory (MB): peak = 1612.434 ; gain = 15.844 ; free physical = 2024 ; free virtual = 11392
INFO: [BD 41-1662] The design 'system.bd' is already validated. Therefore parameter propagation will not be re-run.
Wrote  : </home/dator2/Documents/clean_fw_folder/antsdr-fw-patch/plutosdr-fw/hdl/projects/e200/e200.srcs/sources_1/bd/system/system.bd> 
Verilog Output written to : /home/dator2/Documents/clean_fw_folder/antsdr-fw-patch/plutosdr-fw/hdl/projects/e200/e200.gen/sources_1/bd/system/synth/system.v
Verilog Output written to : /home/dator2/Documents/clean_fw_folder/antsdr-fw-patch/plutosdr-fw/hdl/projects/e200/e200.gen/sources_1/bd/system/sim/system.v
Verilog Output written to : /home/dator2/Documents/clean_fw_folder/antsdr-fw-patch/plutosdr-fw/hdl/projects/e200/e200.gen/sources_1/bd/system/hdl/system_wrapper.v
INFO: [BD 41-1029] Generation completed for the IP Integrator block sys_ps7 .
INFO: [BD 41-1029] Generation completed for the IP Integrator block sys_concat_intc .
INFO: [BD 41-1029] Generation completed for the IP Integrator block sys_rstgen .
INFO: [BD 41-1029] Generation completed for the IP Integrator block sys_rgmii .
INFO: [BD 41-1029] Generation completed for the IP Integrator block axi_vcxo_ctrl .
INFO: [BD 41-1029] Generation completed for the IP Integrator block GND_1 .
INFO: [BD 41-1029] Generation completed for the IP Integrator block axi_ad9361 .
INFO: [BD 41-1029] Generation completed for the IP Integrator block axi_ad9361_dac_dma .
INFO: [BD 41-1029] Generation completed for the IP Integrator block tx_fir_interpolator/cdc_sync_active .
INFO: [BD 41-1029] Generation completed for the IP Integrator block tx_fir_interpolator/rate_gen .
INFO: [BD 41-1029] Generation completed for the IP Integrator block tx_fir_interpolator/fir_interpolation_0 .
INFO: [BD 41-1029] Generation completed for the IP Integrator block tx_fir_interpolator/logic_and_0 .
INFO: [BD 41-1029] Generation completed for the IP Integrator block tx_fir_interpolator/out_mux_0 .
INFO: [BD 41-1029] Generation completed for the IP Integrator block tx_fir_interpolator/fir_interpolation_1 .
INFO: [BD 41-1029] Generation completed for the IP Integrator block tx_fir_interpolator/logic_and_1 .
INFO: [BD 41-1029] Generation completed for the IP Integrator block tx_fir_interpolator/out_mux_1 .
INFO: [BD 41-1029] Generation completed for the IP Integrator block VCC_1 .
INFO: [BD 41-1029] Generation completed for the IP Integrator block GND_32 .
INFO: [BD 41-1029] Generation completed for the IP Integrator block interp_slice .
INFO: [BD 41-1029] Generation completed for the IP Integrator block tx_upack .
INFO: [BD 41-1029] Generation completed for the IP Integrator block axi_ad9361_adc_dma .
INFO: [BD 41-1029] Generation completed for the IP Integrator block rx_fir_decimator/cdc_sync_active .
INFO: [BD 41-1029] Generation completed for the IP Integrator block rx_fir_decimator/fir_decimation_0 .
INFO: [BD 41-1029] Generation completed for the IP Integrator block rx_fir_decimator/out_mux_0 .
INFO: [BD 41-1029] Generation completed for the IP Integrator block rx_fir_decimator/fir_decimation_1 .
INFO: [BD 41-1029] Generation completed for the IP Integrator block rx_fir_decimator/out_mux_1 .
INFO: [BD 41-1029] Generation completed for the IP Integrator block decim_slice .
INFO: [BD 41-1029] Generation completed for the IP Integrator block cpack .
INFO: [BD 41-1029] Generation completed for the IP Integrator block logic_or .
INFO: [BD 41-1029] Generation completed for the IP Integrator block axi_tdd_0/tdd_core .
INFO: [BD 41-1029] Generation completed for the IP Integrator block axi_tdd_0/tdd_ch_slice_0 .
INFO: [BD 41-1029] Generation completed for the IP Integrator block axi_tdd_0/tdd_ch_slice_1 .
INFO: [BD 41-1029] Generation completed for the IP Integrator block axi_tdd_0/tdd_ch_slice_2 .
INFO: [BD 41-1029] Generation completed for the IP Integrator block logic_inv .
INFO: [BD 41-1029] Generation completed for the IP Integrator block logic_or_1 .
INFO: [BD 41-1029] Generation completed for the IP Integrator block axi_gp0_interconnect/xbar .
WARNING: [IP_Flow 19-4994] Overwriting existing constraint file '/home/dator2/Documents/clean_fw_folder/antsdr-fw-patch/plutosdr-fw/hdl/projects/e200/e200.gen/sources_1/bd/system/ip/system_auto_pc_0/system_auto_pc_0_ooc.xdc'
INFO: [BD 41-1029] Generation completed for the IP Integrator block axi_gp0_interconnect/s00_couplers/auto_pc .
Exporting to file /home/dator2/Documents/clean_fw_folder/antsdr-fw-patch/plutosdr-fw/hdl/projects/e200/e200.gen/sources_1/bd/system/hw_handoff/system.hwh
Generated Hardware Definition File /home/dator2/Documents/clean_fw_folder/antsdr-fw-patch/plutosdr-fw/hdl/projects/e200/e200.gen/sources_1/bd/system/synth/system.hwdef
generate_target: Time (s): cpu = 00:00:10 ; elapsed = 00:00:11 . Memory (MB): peak = 1846.965 ; gain = 234.531 ; free physical = 1718 ; free virtual = 11141
INFO: [Project 1-1716] Could not find the wrapper file e200.srcs/sources_1/bd/system/hdl/system_wrapper.v, checking in project .gen location instead.
INFO: [Vivado 12-12391] Found file e200.gen/sources_1/bd/system/hdl/system_wrapper.v, importing it to Project
# adi_project_files e200 [list \
#   "system_top.v" \
#   "system_constr.xdc" \
#   "$ad_hdl_dir/library/common/ad_iobuf.v"]
# set_property is_enabled false [get_files  *system_sys_ps7_0.xdc]
# adi_project_run e200
INFO: [IP_Flow 19-6924] IPCACHE: Running cache check for IP inst: system_sys_rstgen_0
INFO: [IP_Flow 19-6924] IPCACHE: Running cache check for IP inst: system_sys_rgmii_0
INFO: [IP_Flow 19-6924] IPCACHE: Running cache check for IP inst: system_axi_vcxo_ctrl_0
INFO: [IP_Flow 19-6924] IPCACHE: Running cache check for IP inst: system_axi_ad9361_0
INFO: [IP_Flow 19-6924] IPCACHE: Running cache check for IP inst: system_axi_ad9361_dac_dma_0
INFO: [IP_Flow 19-6924] IPCACHE: Running cache check for IP inst: system_cdc_sync_active_0
INFO: [IP_Flow 19-6924] IPCACHE: Running cache check for IP inst: system_rate_gen_0
INFO: [IP_Flow 19-6924] IPCACHE: Running cache check for IP inst: system_fir_interpolation_0_0
INFO: [IP_Flow 19-6924] IPCACHE: Running cache check for IP inst: system_logic_and_0_0
INFO: [IP_Flow 19-6924] IPCACHE: Running cache check for IP inst: system_out_mux_0_0
INFO: [IP_Flow 19-6924] IPCACHE: Running cache check for IP inst: system_fir_interpolation_1_0
INFO: [IP_Flow 19-6924] IPCACHE: Running cache check for IP inst: system_logic_and_1_0
INFO: [IP_Flow 19-6924] IPCACHE: Running cache check for IP inst: system_out_mux_1_0
INFO: [IP_Flow 19-6924] IPCACHE: Running cache check for IP inst: system_tx_upack_0
INFO: [IP_Flow 19-6924] IPCACHE: Running cache check for IP inst: system_axi_ad9361_adc_dma_0
INFO: [IP_Flow 19-6924] IPCACHE: Running cache check for IP inst: system_cdc_sync_active_1
INFO: [IP_Flow 19-6924] IPCACHE: Running cache check for IP inst: system_fir_decimation_0_0
INFO: [IP_Flow 19-6924] IPCACHE: Running cache check for IP inst: system_out_mux_0_1
INFO: [IP_Flow 19-6924] IPCACHE: Running cache check for IP inst: system_fir_decimation_1_0
INFO: [IP_Flow 19-6924] IPCACHE: Running cache check for IP inst: system_out_mux_1_1
INFO: [IP_Flow 19-6924] IPCACHE: Running cache check for IP inst: system_cpack_0
INFO: [IP_Flow 19-6924] IPCACHE: Running cache check for IP inst: system_logic_or_0
INFO: [IP_Flow 19-6924] IPCACHE: Running cache check for IP inst: system_tdd_core_0
INFO: [IP_Flow 19-6924] IPCACHE: Running cache check for IP inst: system_logic_inv_0
INFO: [IP_Flow 19-6924] IPCACHE: Running cache check for IP inst: system_logic_or_1_0
INFO: [IP_Flow 19-6924] IPCACHE: Running cache check for IP inst: system_xbar_0
INFO: [IP_Flow 19-6924] IPCACHE: Running cache check for IP inst: system_auto_pc_0
INFO: [IP_Flow 19-6930] IPCACHE: runCacheChecks() number of threads = 8
INFO: [IP_Flow 19-6921] IPCACHE: Adding cache check func to thread queue for IP system_auto_pc_0
INFO: [IP_Flow 19-6921] IPCACHE: Adding cache check func to thread queue for IP system_axi_ad9361_0
INFO: [IP_Flow 19-6921] IPCACHE: Adding cache check func to thread queue for IP system_axi_ad9361_adc_dma_0
INFO: [IP_Flow 19-6921] IPCACHE: Adding cache check func to thread queue for IP system_axi_ad9361_dac_dma_0
INFO: [IP_Flow 19-6921] IPCACHE: Adding cache check func to thread queue for IP system_axi_vcxo_ctrl_0
INFO: [IP_Flow 19-6921] IPCACHE: Adding cache check func to thread queue for IP system_cdc_sync_active_0
INFO: [IP_Flow 19-6921] IPCACHE: Adding cache check func to thread queue for IP system_cdc_sync_active_1
INFO: [IP_Flow 19-6921] IPCACHE: Adding cache check func to thread queue for IP system_cpack_0
INFO: [IP_Flow 19-6921] IPCACHE: Adding cache check func to thread queue for IP system_fir_decimation_0_0
INFO: [IP_Flow 19-6921] IPCACHE: Adding cache check func to thread queue for IP system_fir_decimation_1_0
INFO: [IP_Flow 19-6921] IPCACHE: Adding cache check func to thread queue for IP system_fir_interpolation_0_0
INFO: [IP_Flow 19-6921] IPCACHE: Adding cache check func to thread queue for IP system_fir_interpolation_1_0
INFO: [IP_Flow 19-6921] IPCACHE: Adding cache check func to thread queue for IP system_logic_and_0_0
INFO: [IP_Flow 19-6921] IPCACHE: Adding cache check func to thread queue for IP system_logic_and_1_0
INFO: [IP_Flow 19-6921] IPCACHE: Adding cache check func to thread queue for IP system_logic_inv_0
INFO: [IP_Flow 19-6921] IPCACHE: Adding cache check func to thread queue for IP system_logic_or_0
INFO: [IP_Flow 19-6921] IPCACHE: Adding cache check func to thread queue for IP system_logic_or_1_0
INFO: [IP_Flow 19-6921] IPCACHE: Adding cache check func to thread queue for IP system_out_mux_0_0
INFO: [IP_Flow 19-6921] IPCACHE: Adding cache check func to thread queue for IP system_out_mux_0_1
INFO: [IP_Flow 19-6921] IPCACHE: Adding cache check func to thread queue for IP system_out_mux_1_0
INFO: [IP_Flow 19-6921] IPCACHE: Adding cache check func to thread queue for IP system_out_mux_1_1
INFO: [IP_Flow 19-6921] IPCACHE: Adding cache check func to thread queue for IP system_rate_gen_0
INFO: [IP_Flow 19-6921] IPCACHE: Adding cache check func to thread queue for IP system_sys_rgmii_0
INFO: [IP_Flow 19-6921] IPCACHE: Adding cache check func to thread queue for IP system_sys_rstgen_0
INFO: [IP_Flow 19-6921] IPCACHE: Adding cache check func to thread queue for IP system_tdd_core_0
INFO: [IP_Flow 19-6921] IPCACHE: Adding cache check func to thread queue for IP system_tx_upack_0
INFO: [IP_Flow 19-6921] IPCACHE: Adding cache check func to thread queue for IP system_xbar_0
INFO: [IP_Flow 19-8020] IPCACHE: runCacheChecks() calling threadPool finishWork()
INFO: [IP_Flow 19-6924] IPCACHE: Running cache check for IP inst: system_auto_pc_0
INFO: [IP_Flow 19-6924] IPCACHE: Running cache check for IP inst: system_axi_ad9361_0
INFO: [IP_Flow 19-6924] IPCACHE: Running cache check for IP inst: system_fir_interpolation_1_0
INFO: [IP_Flow 19-6924] IPCACHE: Running cache check for IP inst: system_logic_inv_0
INFO: [IP_Flow 19-6924] IPCACHE: Running cache check for IP inst: system_logic_or_1_0
INFO: [IP_Flow 19-6924] IPCACHE: Running cache check for IP inst: system_out_mux_0_1
INFO: [IP_Flow 19-6924] IPCACHE: Running cache check for IP inst: system_out_mux_1_0
INFO: [IP_Flow 19-6924] IPCACHE: Running cache check for IP inst: system_rate_gen_0
INFO: [IP_Flow 19-6924] IPCACHE: Running cache check for IP inst: system_sys_rstgen_0
INFO: [IP_Flow 19-6924] IPCACHE: Running cache check for IP inst: system_tdd_core_0
INFO: [IP_Flow 19-6924] IPCACHE: Running cache check for IP inst: system_axi_ad9361_adc_dma_0
INFO: [IP_Flow 19-6924] IPCACHE: Running cache check for IP inst: system_axi_ad9361_dac_dma_0
INFO: [IP_Flow 19-6924] IPCACHE: Running cache check for IP inst: system_axi_vcxo_ctrl_0
INFO: [IP_Flow 19-6924] IPCACHE: Running cache check for IP inst: system_cdc_sync_active_0
INFO: [IP_Flow 19-6924] IPCACHE: Running cache check for IP inst: system_fir_decimation_0_0
INFO: [IP_Flow 19-6924] IPCACHE: Running cache check for IP inst: system_xbar_0
INFO: [IP_Flow 19-6924] IPCACHE: Running cache check for IP inst: system_cdc_sync_active_1
INFO: [IP_Flow 19-6924] IPCACHE: Running cache check for IP inst: system_cpack_0
INFO: [IP_Flow 19-6924] IPCACHE: Running cache check for IP inst: system_fir_interpolation_0_0
INFO: [IP_Flow 19-6924] IPCACHE: Running cache check for IP inst: system_logic_and_0_0
INFO: [IP_Flow 19-6924] IPCACHE: Running cache check for IP inst: system_logic_and_1_0
INFO: [IP_Flow 19-6924] IPCACHE: Running cache check for IP inst: system_logic_or_0
INFO: [IP_Flow 19-6924] IPCACHE: Running cache check for IP inst: system_out_mux_0_0
INFO: [IP_Flow 19-6924] IPCACHE: Running cache check for IP inst: system_out_mux_1_1
INFO: [IP_Flow 19-6924] IPCACHE: Running cache check for IP inst: system_sys_rgmii_0
INFO: [IP_Flow 19-6924] IPCACHE: Running cache check for IP inst: system_tx_upack_0
INFO: [IP_Flow 19-6924] IPCACHE: Running cache check for IP inst: system_fir_decimation_1_0
WARNING: [Vivado 12-7122] Auto Incremental Compile:: No reference checkpoint was found in run synth_1. Auto-incremental flow will not be run, the standard flow will be run instead.
[Wed Jul  9 15:25:35 2025] Launched system_sys_ps7_0_synth_1, system_sys_rstgen_0_synth_1, system_sys_rgmii_0_synth_1, system_axi_vcxo_ctrl_0_synth_1, system_axi_ad9361_0_synth_1, system_axi_ad9361_dac_dma_0_synth_1, system_cdc_sync_active_0_synth_1, system_rate_gen_0_synth_1, system_fir_interpolation_0_0_synth_1, system_logic_and_0_0_synth_1, system_out_mux_0_0_synth_1, system_fir_interpolation_1_0_synth_1, system_logic_and_1_0_synth_1, system_out_mux_1_0_synth_1, system_tx_upack_0_synth_1, system_axi_ad9361_adc_dma_0_synth_1, system_cdc_sync_active_1_synth_1, system_fir_decimation_0_0_synth_1, system_out_mux_0_1_synth_1, system_fir_decimation_1_0_synth_1, system_out_mux_1_1_synth_1, system_cpack_0_synth_1, system_logic_or_0_synth_1, system_tdd_core_0_synth_1, system_logic_inv_0_synth_1, system_logic_or_1_0_synth_1, system_xbar_0_synth_1, system_auto_pc_0_synth_1...
Run output will be captured here:
system_sys_ps7_0_synth_1: /home/dator2/Documents/clean_fw_folder/antsdr-fw-patch/plutosdr-fw/hdl/projects/e200/e200.runs/system_sys_ps7_0_synth_1/runme.log
system_sys_rstgen_0_synth_1: /home/dator2/Documents/clean_fw_folder/antsdr-fw-patch/plutosdr-fw/hdl/projects/e200/e200.runs/system_sys_rstgen_0_synth_1/runme.log
system_sys_rgmii_0_synth_1: /home/dator2/Documents/clean_fw_folder/antsdr-fw-patch/plutosdr-fw/hdl/projects/e200/e200.runs/system_sys_rgmii_0_synth_1/runme.log
system_axi_vcxo_ctrl_0_synth_1: /home/dator2/Documents/clean_fw_folder/antsdr-fw-patch/plutosdr-fw/hdl/projects/e200/e200.runs/system_axi_vcxo_ctrl_0_synth_1/runme.log
system_axi_ad9361_0_synth_1: /home/dator2/Documents/clean_fw_folder/antsdr-fw-patch/plutosdr-fw/hdl/projects/e200/e200.runs/system_axi_ad9361_0_synth_1/runme.log
system_axi_ad9361_dac_dma_0_synth_1: /home/dator2/Documents/clean_fw_folder/antsdr-fw-patch/plutosdr-fw/hdl/projects/e200/e200.runs/system_axi_ad9361_dac_dma_0_synth_1/runme.log
system_cdc_sync_active_0_synth_1: /home/dator2/Documents/clean_fw_folder/antsdr-fw-patch/plutosdr-fw/hdl/projects/e200/e200.runs/system_cdc_sync_active_0_synth_1/runme.log
system_rate_gen_0_synth_1: /home/dator2/Documents/clean_fw_folder/antsdr-fw-patch/plutosdr-fw/hdl/projects/e200/e200.runs/system_rate_gen_0_synth_1/runme.log
system_fir_interpolation_0_0_synth_1: /home/dator2/Documents/clean_fw_folder/antsdr-fw-patch/plutosdr-fw/hdl/projects/e200/e200.runs/system_fir_interpolation_0_0_synth_1/runme.log
system_logic_and_0_0_synth_1: /home/dator2/Documents/clean_fw_folder/antsdr-fw-patch/plutosdr-fw/hdl/projects/e200/e200.runs/system_logic_and_0_0_synth_1/runme.log
system_out_mux_0_0_synth_1: /home/dator2/Documents/clean_fw_folder/antsdr-fw-patch/plutosdr-fw/hdl/projects/e200/e200.runs/system_out_mux_0_0_synth_1/runme.log
system_fir_interpolation_1_0_synth_1: /home/dator2/Documents/clean_fw_folder/antsdr-fw-patch/plutosdr-fw/hdl/projects/e200/e200.runs/system_fir_interpolation_1_0_synth_1/runme.log
system_logic_and_1_0_synth_1: /home/dator2/Documents/clean_fw_folder/antsdr-fw-patch/plutosdr-fw/hdl/projects/e200/e200.runs/system_logic_and_1_0_synth_1/runme.log
system_out_mux_1_0_synth_1: /home/dator2/Documents/clean_fw_folder/antsdr-fw-patch/plutosdr-fw/hdl/projects/e200/e200.runs/system_out_mux_1_0_synth_1/runme.log
system_tx_upack_0_synth_1: /home/dator2/Documents/clean_fw_folder/antsdr-fw-patch/plutosdr-fw/hdl/projects/e200/e200.runs/system_tx_upack_0_synth_1/runme.log
system_axi_ad9361_adc_dma_0_synth_1: /home/dator2/Documents/clean_fw_folder/antsdr-fw-patch/plutosdr-fw/hdl/projects/e200/e200.runs/system_axi_ad9361_adc_dma_0_synth_1/runme.log
system_cdc_sync_active_1_synth_1: /home/dator2/Documents/clean_fw_folder/antsdr-fw-patch/plutosdr-fw/hdl/projects/e200/e200.runs/system_cdc_sync_active_1_synth_1/runme.log
system_fir_decimation_0_0_synth_1: /home/dator2/Documents/clean_fw_folder/antsdr-fw-patch/plutosdr-fw/hdl/projects/e200/e200.runs/system_fir_decimation_0_0_synth_1/runme.log
system_out_mux_0_1_synth_1: /home/dator2/Documents/clean_fw_folder/antsdr-fw-patch/plutosdr-fw/hdl/projects/e200/e200.runs/system_out_mux_0_1_synth_1/runme.log
system_fir_decimation_1_0_synth_1: /home/dator2/Documents/clean_fw_folder/antsdr-fw-patch/plutosdr-fw/hdl/projects/e200/e200.runs/system_fir_decimation_1_0_synth_1/runme.log
system_out_mux_1_1_synth_1: /home/dator2/Documents/clean_fw_folder/antsdr-fw-patch/plutosdr-fw/hdl/projects/e200/e200.runs/system_out_mux_1_1_synth_1/runme.log
system_cpack_0_synth_1: /home/dator2/Documents/clean_fw_folder/antsdr-fw-patch/plutosdr-fw/hdl/projects/e200/e200.runs/system_cpack_0_synth_1/runme.log
system_logic_or_0_synth_1: /home/dator2/Documents/clean_fw_folder/antsdr-fw-patch/plutosdr-fw/hdl/projects/e200/e200.runs/system_logic_or_0_synth_1/runme.log
system_tdd_core_0_synth_1: /home/dator2/Documents/clean_fw_folder/antsdr-fw-patch/plutosdr-fw/hdl/projects/e200/e200.runs/system_tdd_core_0_synth_1/runme.log
system_logic_inv_0_synth_1: /home/dator2/Documents/clean_fw_folder/antsdr-fw-patch/plutosdr-fw/hdl/projects/e200/e200.runs/system_logic_inv_0_synth_1/runme.log
system_logic_or_1_0_synth_1: /home/dator2/Documents/clean_fw_folder/antsdr-fw-patch/plutosdr-fw/hdl/projects/e200/e200.runs/system_logic_or_1_0_synth_1/runme.log
system_xbar_0_synth_1: /home/dator2/Documents/clean_fw_folder/antsdr-fw-patch/plutosdr-fw/hdl/projects/e200/e200.runs/system_xbar_0_synth_1/runme.log
system_auto_pc_0_synth_1: /home/dator2/Documents/clean_fw_folder/antsdr-fw-patch/plutosdr-fw/hdl/projects/e200/e200.runs/system_auto_pc_0_synth_1/runme.log
[Wed Jul  9 15:25:35 2025] Launched system_sys_ps7_0_synth_1, system_sys_rstgen_0_synth_1, system_sys_rgmii_0_synth_1, system_axi_vcxo_ctrl_0_synth_1, system_axi_ad9361_0_synth_1, system_axi_ad9361_dac_dma_0_synth_1, system_cdc_sync_active_0_synth_1, system_rate_gen_0_synth_1, system_fir_interpolation_0_0_synth_1, system_logic_and_0_0_synth_1, system_out_mux_0_0_synth_1, system_fir_interpolation_1_0_synth_1, system_logic_and_1_0_synth_1, system_out_mux_1_0_synth_1, system_tx_upack_0_synth_1, system_axi_ad9361_adc_dma_0_synth_1, system_cdc_sync_active_1_synth_1, system_fir_decimation_0_0_synth_1, system_out_mux_0_1_synth_1, system_fir_decimation_1_0_synth_1, system_out_mux_1_1_synth_1, system_cpack_0_synth_1, system_logic_or_0_synth_1, system_tdd_core_0_synth_1, system_logic_inv_0_synth_1, system_logic_or_1_0_synth_1, system_xbar_0_synth_1, system_auto_pc_0_synth_1, synth_1...
Run output will be captured here:
system_sys_ps7_0_synth_1: /home/dator2/Documents/clean_fw_folder/antsdr-fw-patch/plutosdr-fw/hdl/projects/e200/e200.runs/system_sys_ps7_0_synth_1/runme.log
system_sys_rstgen_0_synth_1: /home/dator2/Documents/clean_fw_folder/antsdr-fw-patch/plutosdr-fw/hdl/projects/e200/e200.runs/system_sys_rstgen_0_synth_1/runme.log
system_sys_rgmii_0_synth_1: /home/dator2/Documents/clean_fw_folder/antsdr-fw-patch/plutosdr-fw/hdl/projects/e200/e200.runs/system_sys_rgmii_0_synth_1/runme.log
system_axi_vcxo_ctrl_0_synth_1: /home/dator2/Documents/clean_fw_folder/antsdr-fw-patch/plutosdr-fw/hdl/projects/e200/e200.runs/system_axi_vcxo_ctrl_0_synth_1/runme.log
system_axi_ad9361_0_synth_1: /home/dator2/Documents/clean_fw_folder/antsdr-fw-patch/plutosdr-fw/hdl/projects/e200/e200.runs/system_axi_ad9361_0_synth_1/runme.log
system_axi_ad9361_dac_dma_0_synth_1: /home/dator2/Documents/clean_fw_folder/antsdr-fw-patch/plutosdr-fw/hdl/projects/e200/e200.runs/system_axi_ad9361_dac_dma_0_synth_1/runme.log
system_cdc_sync_active_0_synth_1: /home/dator2/Documents/clean_fw_folder/antsdr-fw-patch/plutosdr-fw/hdl/projects/e200/e200.runs/system_cdc_sync_active_0_synth_1/runme.log
system_rate_gen_0_synth_1: /home/dator2/Documents/clean_fw_folder/antsdr-fw-patch/plutosdr-fw/hdl/projects/e200/e200.runs/system_rate_gen_0_synth_1/runme.log
system_fir_interpolation_0_0_synth_1: /home/dator2/Documents/clean_fw_folder/antsdr-fw-patch/plutosdr-fw/hdl/projects/e200/e200.runs/system_fir_interpolation_0_0_synth_1/runme.log
system_logic_and_0_0_synth_1: /home/dator2/Documents/clean_fw_folder/antsdr-fw-patch/plutosdr-fw/hdl/projects/e200/e200.runs/system_logic_and_0_0_synth_1/runme.log
system_out_mux_0_0_synth_1: /home/dator2/Documents/clean_fw_folder/antsdr-fw-patch/plutosdr-fw/hdl/projects/e200/e200.runs/system_out_mux_0_0_synth_1/runme.log
system_fir_interpolation_1_0_synth_1: /home/dator2/Documents/clean_fw_folder/antsdr-fw-patch/plutosdr-fw/hdl/projects/e200/e200.runs/system_fir_interpolation_1_0_synth_1/runme.log
system_logic_and_1_0_synth_1: /home/dator2/Documents/clean_fw_folder/antsdr-fw-patch/plutosdr-fw/hdl/projects/e200/e200.runs/system_logic_and_1_0_synth_1/runme.log
system_out_mux_1_0_synth_1: /home/dator2/Documents/clean_fw_folder/antsdr-fw-patch/plutosdr-fw/hdl/projects/e200/e200.runs/system_out_mux_1_0_synth_1/runme.log
system_tx_upack_0_synth_1: /home/dator2/Documents/clean_fw_folder/antsdr-fw-patch/plutosdr-fw/hdl/projects/e200/e200.runs/system_tx_upack_0_synth_1/runme.log
system_axi_ad9361_adc_dma_0_synth_1: /home/dator2/Documents/clean_fw_folder/antsdr-fw-patch/plutosdr-fw/hdl/projects/e200/e200.runs/system_axi_ad9361_adc_dma_0_synth_1/runme.log
system_cdc_sync_active_1_synth_1: /home/dator2/Documents/clean_fw_folder/antsdr-fw-patch/plutosdr-fw/hdl/projects/e200/e200.runs/system_cdc_sync_active_1_synth_1/runme.log
system_fir_decimation_0_0_synth_1: /home/dator2/Documents/clean_fw_folder/antsdr-fw-patch/plutosdr-fw/hdl/projects/e200/e200.runs/system_fir_decimation_0_0_synth_1/runme.log
system_out_mux_0_1_synth_1: /home/dator2/Documents/clean_fw_folder/antsdr-fw-patch/plutosdr-fw/hdl/projects/e200/e200.runs/system_out_mux_0_1_synth_1/runme.log
system_fir_decimation_1_0_synth_1: /home/dator2/Documents/clean_fw_folder/antsdr-fw-patch/plutosdr-fw/hdl/projects/e200/e200.runs/system_fir_decimation_1_0_synth_1/runme.log
system_out_mux_1_1_synth_1: /home/dator2/Documents/clean_fw_folder/antsdr-fw-patch/plutosdr-fw/hdl/projects/e200/e200.runs/system_out_mux_1_1_synth_1/runme.log
system_cpack_0_synth_1: /home/dator2/Documents/clean_fw_folder/antsdr-fw-patch/plutosdr-fw/hdl/projects/e200/e200.runs/system_cpack_0_synth_1/runme.log
system_logic_or_0_synth_1: /home/dator2/Documents/clean_fw_folder/antsdr-fw-patch/plutosdr-fw/hdl/projects/e200/e200.runs/system_logic_or_0_synth_1/runme.log
system_tdd_core_0_synth_1: /home/dator2/Documents/clean_fw_folder/antsdr-fw-patch/plutosdr-fw/hdl/projects/e200/e200.runs/system_tdd_core_0_synth_1/runme.log
system_logic_inv_0_synth_1: /home/dator2/Documents/clean_fw_folder/antsdr-fw-patch/plutosdr-fw/hdl/projects/e200/e200.runs/system_logic_inv_0_synth_1/runme.log
system_logic_or_1_0_synth_1: /home/dator2/Documents/clean_fw_folder/antsdr-fw-patch/plutosdr-fw/hdl/projects/e200/e200.runs/system_logic_or_1_0_synth_1/runme.log
system_xbar_0_synth_1: /home/dator2/Documents/clean_fw_folder/antsdr-fw-patch/plutosdr-fw/hdl/projects/e200/e200.runs/system_xbar_0_synth_1/runme.log
system_auto_pc_0_synth_1: /home/dator2/Documents/clean_fw_folder/antsdr-fw-patch/plutosdr-fw/hdl/projects/e200/e200.runs/system_auto_pc_0_synth_1/runme.log
synth_1: /home/dator2/Documents/clean_fw_folder/antsdr-fw-patch/plutosdr-fw/hdl/projects/e200/e200.runs/synth_1/runme.log
launch_runs: Time (s): cpu = 00:00:12 ; elapsed = 00:00:06 . Memory (MB): peak = 2231.922 ; gain = 360.176 ; free physical = 1604 ; free virtual = 11031
[Wed Jul  9 15:25:35 2025] Waiting for synth_1 to finish...

*** Running vivado
    with args -log system_top.vds -m64 -product Vivado -mode batch -messageDb vivado.pb -notrace -source system_top.tcl


****** Vivado v2023.2 (64-bit)
  **** SW Build 4029153 on Fri Oct 13 20:13:54 MDT 2023
  **** IP Build 4028589 on Sat Oct 14 00:45:43 MDT 2023
  **** SharedData Build 4025554 on Tue Oct 10 17:18:54 MDT 2023
    ** Copyright 1986-2022 Xilinx, Inc. All Rights Reserved.
    ** Copyright 2022-2023 Advanced Micro Devices, Inc. All Rights Reserved.

source system_top.tcl -notrace
INFO: [IP_Flow 19-234] Refreshing IP repositories
INFO: [IP_Flow 19-1700] Loaded user IP repository '/home/dator2/Documents/clean_fw_folder/antsdr-fw-patch/plutosdr-fw/hdl/library'.
INFO: [IP_Flow 19-2313] Loaded Vivado IP repository '/tools/Xilinx/Vivado/2023.2/data/ip'.
Command: synth_design -top system_top -part xc7z020clg400-2
Starting synth_design
Attempting to get a license for feature 'Synthesis' and/or device 'xc7z020'
INFO: [Common 17-349] Got license for feature 'Synthesis' and/or device 'xc7z020'
INFO: [Device 21-403] Loading part xc7z020clg400-2
INFO: [Synth 8-7079] Multithreading enabled for synth_design using a maximum of 4 processes.
INFO: [Synth 8-7078] Launching helper process for spawning children vivado processes
INFO: [Synth 8-7075] Helper process launched with PID 339096
---------------------------------------------------------------------------------
Starting RTL Elaboration : Time (s): cpu = 00:00:02 ; elapsed = 00:00:03 . Memory (MB): peak = 2085.887 ; gain = 402.715 ; free physical = 5284 ; free virtual = 9567
---------------------------------------------------------------------------------
INFO: [Synth 8-11241] undeclared symbol 'pl_gpio2', assumed default net type 'wire' [/home/dator2/Documents/clean_fw_folder/antsdr-fw-patch/plutosdr-fw/hdl/projects/e200/system_top.v:159]
INFO: [Synth 8-11241] undeclared symbol 'pl_gpio0', assumed default net type 'wire' [/home/dator2/Documents/clean_fw_folder/antsdr-fw-patch/plutosdr-fw/hdl/projects/e200/system_top.v:166]
INFO: [Synth 8-6157] synthesizing module 'system_top' [/home/dator2/Documents/clean_fw_folder/antsdr-fw-patch/plutosdr-fw/hdl/projects/e200/system_top.v:38]
INFO: [Synth 8-6157] synthesizing module 'ad_iobuf' [/home/dator2/Documents/clean_fw_folder/antsdr-fw-patch/plutosdr-fw/hdl/library/common/ad_iobuf.v:38]
	Parameter DATA_WIDTH bound to: 14 - type: integer 
INFO: [Synth 8-6155] done synthesizing module 'ad_iobuf' (0#1) [/home/dator2/Documents/clean_fw_folder/antsdr-fw-patch/plutosdr-fw/hdl/library/common/ad_iobuf.v:38]
INFO: [Synth 8-6157] synthesizing module 'ad_iobuf__parameterized0' [/home/dator2/Documents/clean_fw_folder/antsdr-fw-patch/plutosdr-fw/hdl/library/common/ad_iobuf.v:38]
	Parameter DATA_WIDTH bound to: 8 - type: integer 
INFO: [Synth 8-6155] done synthesizing module 'ad_iobuf__parameterized0' (0#1) [/home/dator2/Documents/clean_fw_folder/antsdr-fw-patch/plutosdr-fw/hdl/library/common/ad_iobuf.v:38]
INFO: [Synth 8-6157] synthesizing module 'ad_iobuf__parameterized1' [/home/dator2/Documents/clean_fw_folder/antsdr-fw-patch/plutosdr-fw/hdl/library/common/ad_iobuf.v:38]
	Parameter DATA_WIDTH bound to: 1 - type: integer 
INFO: [Synth 8-6155] done synthesizing module 'ad_iobuf__parameterized1' (0#1) [/home/dator2/Documents/clean_fw_folder/antsdr-fw-patch/plutosdr-fw/hdl/library/common/ad_iobuf.v:38]
INFO: [Synth 8-6157] synthesizing module 'system_wrapper' [/home/dator2/Documents/clean_fw_folder/antsdr-fw-patch/plutosdr-fw/hdl/projects/e200/e200.srcs/sources_1/imports/hdl/system_wrapper.v:13]
INFO: [Synth 8-6157] synthesizing module 'IOBUF' [/tools/Xilinx/Vivado/2023.2/scripts/rt/data/unisim_comp.v:78197]
INFO: [Synth 8-6155] done synthesizing module 'IOBUF' (0#1) [/tools/Xilinx/Vivado/2023.2/scripts/rt/data/unisim_comp.v:78197]
INFO: [Synth 8-6157] synthesizing module 'system' [/home/dator2/Documents/clean_fw_folder/antsdr-fw-patch/plutosdr-fw/hdl/projects/e200/e200.gen/sources_1/bd/system/synth/system.v:1311]
INFO: [Synth 8-6157] synthesizing module 'system_GND_1_0' [/home/dator2/Documents/clean_fw_folder/antsdr-fw-patch/plutosdr-fw/hdl/projects/e200/e200.gen/sources_1/bd/system/ip/system_GND_1_0/synth/system_GND_1_0.v:53]
INFO: [Synth 8-6157] synthesizing module 'xlconstant_v1_1_8_xlconstant' [/home/dator2/Documents/clean_fw_folder/antsdr-fw-patch/plutosdr-fw/hdl/projects/e200/e200.gen/sources_1/bd/system/ipshared/d390/hdl/xlconstant_v1_1_vl_rfs.v:68]
INFO: [Synth 8-6155] done synthesizing module 'xlconstant_v1_1_8_xlconstant' (0#1) [/home/dator2/Documents/clean_fw_folder/antsdr-fw-patch/plutosdr-fw/hdl/projects/e200/e200.gen/sources_1/bd/system/ipshared/d390/hdl/xlconstant_v1_1_vl_rfs.v:68]
INFO: [Synth 8-6155] done synthesizing module 'system_GND_1_0' (0#1) [/home/dator2/Documents/clean_fw_folder/antsdr-fw-patch/plutosdr-fw/hdl/projects/e200/e200.gen/sources_1/bd/system/ip/system_GND_1_0/synth/system_GND_1_0.v:53]
INFO: [Synth 8-6157] synthesizing module 'system_GND_32_0' [/home/dator2/Documents/clean_fw_folder/antsdr-fw-patch/plutosdr-fw/hdl/projects/e200/e200.gen/sources_1/bd/system/ip/system_GND_32_0/synth/system_GND_32_0.v:53]
INFO: [Synth 8-6157] synthesizing module 'xlconstant_v1_1_8_xlconstant__parameterized0' [/home/dator2/Documents/clean_fw_folder/antsdr-fw-patch/plutosdr-fw/hdl/projects/e200/e200.gen/sources_1/bd/system/ipshared/d390/hdl/xlconstant_v1_1_vl_rfs.v:68]
INFO: [Synth 8-6155] done synthesizing module 'xlconstant_v1_1_8_xlconstant__parameterized0' (0#1) [/home/dator2/Documents/clean_fw_folder/antsdr-fw-patch/plutosdr-fw/hdl/projects/e200/e200.gen/sources_1/bd/system/ipshared/d390/hdl/xlconstant_v1_1_vl_rfs.v:68]
INFO: [Synth 8-6155] done synthesizing module 'system_GND_32_0' (0#1) [/home/dator2/Documents/clean_fw_folder/antsdr-fw-patch/plutosdr-fw/hdl/projects/e200/e200.gen/sources_1/bd/system/ip/system_GND_32_0/synth/system_GND_32_0.v:53]
INFO: [Synth 8-6157] synthesizing module 'system_VCC_1_0' [/home/dator2/Documents/clean_fw_folder/antsdr-fw-patch/plutosdr-fw/hdl/projects/e200/e200.gen/sources_1/bd/system/ip/system_VCC_1_0/synth/system_VCC_1_0.v:53]
INFO: [Synth 8-6157] synthesizing module 'xlconstant_v1_1_8_xlconstant__parameterized1' [/home/dator2/Documents/clean_fw_folder/antsdr-fw-patch/plutosdr-fw/hdl/projects/e200/e200.gen/sources_1/bd/system/ipshared/d390/hdl/xlconstant_v1_1_vl_rfs.v:68]
INFO: [Synth 8-6155] done synthesizing module 'xlconstant_v1_1_8_xlconstant__parameterized1' (0#1) [/home/dator2/Documents/clean_fw_folder/antsdr-fw-patch/plutosdr-fw/hdl/projects/e200/e200.gen/sources_1/bd/system/ipshared/d390/hdl/xlconstant_v1_1_vl_rfs.v:68]
INFO: [Synth 8-6155] done synthesizing module 'system_VCC_1_0' (0#1) [/home/dator2/Documents/clean_fw_folder/antsdr-fw-patch/plutosdr-fw/hdl/projects/e200/e200.gen/sources_1/bd/system/ip/system_VCC_1_0/synth/system_VCC_1_0.v:53]
INFO: [Synth 8-6157] synthesizing module 'system_axi_ad9361_0' [/home/dator2/Documents/clean_fw_folder/antsdr-fw-patch/plutosdr-fw/hdl/projects/e200/e200.runs/synth_1/.Xil/Vivado-339061-dator2-Latitude-5430/realtime/system_axi_ad9361_0_stub.v:6]
INFO: [Synth 8-6155] done synthesizing module 'system_axi_ad9361_0' (0#1) [/home/dator2/Documents/clean_fw_folder/antsdr-fw-patch/plutosdr-fw/hdl/projects/e200/e200.runs/synth_1/.Xil/Vivado-339061-dator2-Latitude-5430/realtime/system_axi_ad9361_0_stub.v:6]
WARNING: [Synth 8-7071] port 'dac_sync_out' of module 'system_axi_ad9361_0' is unconnected for instance 'axi_ad9361' [/home/dator2/Documents/clean_fw_folder/antsdr-fw-patch/plutosdr-fw/hdl/projects/e200/e200.gen/sources_1/bd/system/synth/system.v:1800]
WARNING: [Synth 8-7071] port 'tdd_sync_cntr' of module 'system_axi_ad9361_0' is unconnected for instance 'axi_ad9361' [/home/dator2/Documents/clean_fw_folder/antsdr-fw-patch/plutosdr-fw/hdl/projects/e200/e200.gen/sources_1/bd/system/synth/system.v:1800]
WARNING: [Synth 8-7071] port 'gps_pps_irq' of module 'system_axi_ad9361_0' is unconnected for instance 'axi_ad9361' [/home/dator2/Documents/clean_fw_folder/antsdr-fw-patch/plutosdr-fw/hdl/projects/e200/e200.gen/sources_1/bd/system/synth/system.v:1800]
WARNING: [Synth 8-7071] port 'adc_valid_i1' of module 'system_axi_ad9361_0' is unconnected for instance 'axi_ad9361' [/home/dator2/Documents/clean_fw_folder/antsdr-fw-patch/plutosdr-fw/hdl/projects/e200/e200.gen/sources_1/bd/system/synth/system.v:1800]
WARNING: [Synth 8-7071] port 'adc_valid_q1' of module 'system_axi_ad9361_0' is unconnected for instance 'axi_ad9361' [/home/dator2/Documents/clean_fw_folder/antsdr-fw-patch/plutosdr-fw/hdl/projects/e200/e200.gen/sources_1/bd/system/synth/system.v:1800]
WARNING: [Synth 8-7071] port 'adc_r1_mode' of module 'system_axi_ad9361_0' is unconnected for instance 'axi_ad9361' [/home/dator2/Documents/clean_fw_folder/antsdr-fw-patch/plutosdr-fw/hdl/projects/e200/e200.gen/sources_1/bd/system/synth/system.v:1800]
WARNING: [Synth 8-7071] port 'dac_valid_q1' of module 'system_axi_ad9361_0' is unconnected for instance 'axi_ad9361' [/home/dator2/Documents/clean_fw_folder/antsdr-fw-patch/plutosdr-fw/hdl/projects/e200/e200.gen/sources_1/bd/system/synth/system.v:1800]
WARNING: [Synth 8-7071] port 'dac_r1_mode' of module 'system_axi_ad9361_0' is unconnected for instance 'axi_ad9361' [/home/dator2/Documents/clean_fw_folder/antsdr-fw-patch/plutosdr-fw/hdl/projects/e200/e200.gen/sources_1/bd/system/synth/system.v:1800]
WARNING: [Synth 8-7023] instance 'axi_ad9361' of module 'system_axi_ad9361_0' has 73 connections declared, but only 65 given [/home/dator2/Documents/clean_fw_folder/antsdr-fw-patch/plutosdr-fw/hdl/projects/e200/e200.gen/sources_1/bd/system/synth/system.v:1800]
INFO: [Synth 8-6157] synthesizing module 'system_axi_ad9361_adc_dma_0' [/home/dator2/Documents/clean_fw_folder/antsdr-fw-patch/plutosdr-fw/hdl/projects/e200/e200.runs/synth_1/.Xil/Vivado-339061-dator2-Latitude-5430/realtime/system_axi_ad9361_adc_dma_0_stub.v:6]
INFO: [Synth 8-6155] done synthesizing module 'system_axi_ad9361_adc_dma_0' (0#1) [/home/dator2/Documents/clean_fw_folder/antsdr-fw-patch/plutosdr-fw/hdl/projects/e200/e200.runs/synth_1/.Xil/Vivado-339061-dator2-Latitude-5430/realtime/system_axi_ad9361_adc_dma_0_stub.v:6]
WARNING: [Synth 8-7071] port 'fifo_wr_xfer_req' of module 'system_axi_ad9361_adc_dma_0' is unconnected for instance 'axi_ad9361_adc_dma' [/home/dator2/Documents/clean_fw_folder/antsdr-fw-patch/plutosdr-fw/hdl/projects/e200/e200.gen/sources_1/bd/system/synth/system.v:1866]
WARNING: [Synth 8-7023] instance 'axi_ad9361_adc_dma' of module 'system_axi_ad9361_adc_dma_0' has 46 connections declared, but only 45 given [/home/dator2/Documents/clean_fw_folder/antsdr-fw-patch/plutosdr-fw/hdl/projects/e200/e200.gen/sources_1/bd/system/synth/system.v:1866]
INFO: [Synth 8-6157] synthesizing module 'system_axi_ad9361_dac_dma_0' [/home/dator2/Documents/clean_fw_folder/antsdr-fw-patch/plutosdr-fw/hdl/projects/e200/e200.runs/synth_1/.Xil/Vivado-339061-dator2-Latitude-5430/realtime/system_axi_ad9361_dac_dma_0_stub.v:6]
INFO: [Synth 8-6155] done synthesizing module 'system_axi_ad9361_dac_dma_0' (0#1) [/home/dator2/Documents/clean_fw_folder/antsdr-fw-patch/plutosdr-fw/hdl/projects/e200/e200.runs/synth_1/.Xil/Vivado-339061-dator2-Latitude-5430/realtime/system_axi_ad9361_dac_dma_0_stub.v:6]
WARNING: [Synth 8-7071] port 'm_axis_strb' of module 'system_axi_ad9361_dac_dma_0' is unconnected for instance 'axi_ad9361_dac_dma' [/home/dator2/Documents/clean_fw_folder/antsdr-fw-patch/plutosdr-fw/hdl/projects/e200/e200.gen/sources_1/bd/system/synth/system.v:1912]
WARNING: [Synth 8-7071] port 'm_axis_keep' of module 'system_axi_ad9361_dac_dma_0' is unconnected for instance 'axi_ad9361_dac_dma' [/home/dator2/Documents/clean_fw_folder/antsdr-fw-patch/plutosdr-fw/hdl/projects/e200/e200.gen/sources_1/bd/system/synth/system.v:1912]
WARNING: [Synth 8-7071] port 'm_axis_user' of module 'system_axi_ad9361_dac_dma_0' is unconnected for instance 'axi_ad9361_dac_dma' [/home/dator2/Documents/clean_fw_folder/antsdr-fw-patch/plutosdr-fw/hdl/projects/e200/e200.gen/sources_1/bd/system/synth/system.v:1912]
WARNING: [Synth 8-7071] port 'm_axis_id' of module 'system_axi_ad9361_dac_dma_0' is unconnected for instance 'axi_ad9361_dac_dma' [/home/dator2/Documents/clean_fw_folder/antsdr-fw-patch/plutosdr-fw/hdl/projects/e200/e200.gen/sources_1/bd/system/synth/system.v:1912]
WARNING: [Synth 8-7071] port 'm_axis_dest' of module 'system_axi_ad9361_dac_dma_0' is unconnected for instance 'axi_ad9361_dac_dma' [/home/dator2/Documents/clean_fw_folder/antsdr-fw-patch/plutosdr-fw/hdl/projects/e200/e200.gen/sources_1/bd/system/synth/system.v:1912]
WARNING: [Synth 8-7071] port 'm_axis_last' of module 'system_axi_ad9361_dac_dma_0' is unconnected for instance 'axi_ad9361_dac_dma' [/home/dator2/Documents/clean_fw_folder/antsdr-fw-patch/plutosdr-fw/hdl/projects/e200/e200.gen/sources_1/bd/system/synth/system.v:1912]
WARNING: [Synth 8-7071] port 'm_axis_xfer_req' of module 'system_axi_ad9361_dac_dma_0' is unconnected for instance 'axi_ad9361_dac_dma' [/home/dator2/Documents/clean_fw_folder/antsdr-fw-patch/plutosdr-fw/hdl/projects/e200/e200.gen/sources_1/bd/system/synth/system.v:1912]
WARNING: [Synth 8-7023] instance 'axi_ad9361_dac_dma' of module 'system_axi_ad9361_dac_dma_0' has 48 connections declared, but only 41 given [/home/dator2/Documents/clean_fw_folder/antsdr-fw-patch/plutosdr-fw/hdl/projects/e200/e200.gen/sources_1/bd/system/synth/system.v:1912]
INFO: [Synth 8-6157] synthesizing module 'system_axi_gp0_interconnect_0' [/home/dator2/Documents/clean_fw_folder/antsdr-fw-patch/plutosdr-fw/hdl/projects/e200/e200.gen/sources_1/bd/system/synth/system.v:2461]
INFO: [Synth 8-6157] synthesizing module 'm00_couplers_imp_1VZJM3G' [/home/dator2/Documents/clean_fw_folder/antsdr-fw-patch/plutosdr-fw/hdl/projects/e200/e200.gen/sources_1/bd/system/synth/system.v:167]
INFO: [Synth 8-6155] done synthesizing module 'm00_couplers_imp_1VZJM3G' (0#1) [/home/dator2/Documents/clean_fw_folder/antsdr-fw-patch/plutosdr-fw/hdl/projects/e200/e200.gen/sources_1/bd/system/synth/system.v:167]
INFO: [Synth 8-6157] synthesizing module 'm01_couplers_imp_PDBLSD' [/home/dator2/Documents/clean_fw_folder/antsdr-fw-patch/plutosdr-fw/hdl/projects/e200/e200.gen/sources_1/bd/system/synth/system.v:313]
INFO: [Synth 8-6155] done synthesizing module 'm01_couplers_imp_PDBLSD' (0#1) [/home/dator2/Documents/clean_fw_folder/antsdr-fw-patch/plutosdr-fw/hdl/projects/e200/e200.gen/sources_1/bd/system/synth/system.v:313]
INFO: [Synth 8-6157] synthesizing module 'm02_couplers_imp_VT9CLB' [/home/dator2/Documents/clean_fw_folder/antsdr-fw-patch/plutosdr-fw/hdl/projects/e200/e200.gen/sources_1/bd/system/synth/system.v:459]
INFO: [Synth 8-6155] done synthesizing module 'm02_couplers_imp_VT9CLB' (0#1) [/home/dator2/Documents/clean_fw_folder/antsdr-fw-patch/plutosdr-fw/hdl/projects/e200/e200.gen/sources_1/bd/system/synth/system.v:459]
INFO: [Synth 8-6157] synthesizing module 'm03_couplers_imp_1P9LVU6' [/home/dator2/Documents/clean_fw_folder/antsdr-fw-patch/plutosdr-fw/hdl/projects/e200/e200.gen/sources_1/bd/system/synth/system.v:605]
INFO: [Synth 8-6155] done synthesizing module 'm03_couplers_imp_1P9LVU6' (0#1) [/home/dator2/Documents/clean_fw_folder/antsdr-fw-patch/plutosdr-fw/hdl/projects/e200/e200.gen/sources_1/bd/system/synth/system.v:605]
INFO: [Synth 8-6157] synthesizing module 'm04_couplers_imp_97RDP7' [/home/dator2/Documents/clean_fw_folder/antsdr-fw-patch/plutosdr-fw/hdl/projects/e200/e200.gen/sources_1/bd/system/synth/system.v:751]
INFO: [Synth 8-6155] done synthesizing module 'm04_couplers_imp_97RDP7' (0#1) [/home/dator2/Documents/clean_fw_folder/antsdr-fw-patch/plutosdr-fw/hdl/projects/e200/e200.gen/sources_1/bd/system/synth/system.v:751]
INFO: [Synth 8-6157] synthesizing module 's00_couplers_imp_1HZ6LU5' [/home/dator2/Documents/clean_fw_folder/antsdr-fw-patch/plutosdr-fw/hdl/projects/e200/e200.gen/sources_1/bd/system/synth/system.v:1006]
INFO: [Synth 8-6157] synthesizing module 'system_auto_pc_0' [/home/dator2/Documents/clean_fw_folder/antsdr-fw-patch/plutosdr-fw/hdl/projects/e200/e200.runs/synth_1/.Xil/Vivado-339061-dator2-Latitude-5430/realtime/system_auto_pc_0_stub.v:6]
INFO: [Synth 8-6155] done synthesizing module 'system_auto_pc_0' (0#1) [/home/dator2/Documents/clean_fw_folder/antsdr-fw-patch/plutosdr-fw/hdl/projects/e200/e200.runs/synth_1/.Xil/Vivado-339061-dator2-Latitude-5430/realtime/system_auto_pc_0_stub.v:6]
INFO: [Synth 8-6155] done synthesizing module 's00_couplers_imp_1HZ6LU5' (0#1) [/home/dator2/Documents/clean_fw_folder/antsdr-fw-patch/plutosdr-fw/hdl/projects/e200/e200.gen/sources_1/bd/system/synth/system.v:1006]
INFO: [Synth 8-6157] synthesizing module 'system_xbar_0' [/home/dator2/Documents/clean_fw_folder/antsdr-fw-patch/plutosdr-fw/hdl/projects/e200/e200.runs/synth_1/.Xil/Vivado-339061-dator2-Latitude-5430/realtime/system_xbar_0_stub.v:6]
INFO: [Synth 8-6155] done synthesizing module 'system_xbar_0' (0#1) [/home/dator2/Documents/clean_fw_folder/antsdr-fw-patch/plutosdr-fw/hdl/projects/e200/e200.runs/synth_1/.Xil/Vivado-339061-dator2-Latitude-5430/realtime/system_xbar_0_stub.v:6]
INFO: [Synth 8-6155] done synthesizing module 'system_axi_gp0_interconnect_0' (0#1) [/home/dator2/Documents/clean_fw_folder/antsdr-fw-patch/plutosdr-fw/hdl/projects/e200/e200.gen/sources_1/bd/system/synth/system.v:2461]
INFO: [Synth 8-6157] synthesizing module 'axi_tdd_0_imp_PE8F36' [/home/dator2/Documents/clean_fw_folder/antsdr-fw-patch/plutosdr-fw/hdl/projects/e200/e200.gen/sources_1/bd/system/synth/system.v:13]
INFO: [Synth 8-6157] synthesizing module 'system_tdd_ch_slice_0_0' [/home/dator2/Documents/clean_fw_folder/antsdr-fw-patch/plutosdr-fw/hdl/projects/e200/e200.gen/sources_1/bd/system/ip/system_tdd_ch_slice_0_0/synth/system_tdd_ch_slice_0_0.v:53]
INFO: [Synth 8-6157] synthesizing module 'xlslice_v1_0_3_xlslice' [/home/dator2/Documents/clean_fw_folder/antsdr-fw-patch/plutosdr-fw/hdl/projects/e200/e200.gen/sources_1/bd/system/ipshared/217a/hdl/xlslice_v1_0_vl_rfs.v:58]
INFO: [Synth 8-6155] done synthesizing module 'xlslice_v1_0_3_xlslice' (0#1) [/home/dator2/Documents/clean_fw_folder/antsdr-fw-patch/plutosdr-fw/hdl/projects/e200/e200.gen/sources_1/bd/system/ipshared/217a/hdl/xlslice_v1_0_vl_rfs.v:58]
INFO: [Synth 8-6155] done synthesizing module 'system_tdd_ch_slice_0_0' (0#1) [/home/dator2/Documents/clean_fw_folder/antsdr-fw-patch/plutosdr-fw/hdl/projects/e200/e200.gen/sources_1/bd/system/ip/system_tdd_ch_slice_0_0/synth/system_tdd_ch_slice_0_0.v:53]
INFO: [Synth 8-6157] synthesizing module 'system_tdd_ch_slice_1_0' [/home/dator2/Documents/clean_fw_folder/antsdr-fw-patch/plutosdr-fw/hdl/projects/e200/e200.gen/sources_1/bd/system/ip/system_tdd_ch_slice_1_0/synth/system_tdd_ch_slice_1_0.v:53]
INFO: [Synth 8-6157] synthesizing module 'xlslice_v1_0_3_xlslice__parameterized0' [/home/dator2/Documents/clean_fw_folder/antsdr-fw-patch/plutosdr-fw/hdl/projects/e200/e200.gen/sources_1/bd/system/ipshared/217a/hdl/xlslice_v1_0_vl_rfs.v:58]
INFO: [Synth 8-6155] done synthesizing module 'xlslice_v1_0_3_xlslice__parameterized0' (0#1) [/home/dator2/Documents/clean_fw_folder/antsdr-fw-patch/plutosdr-fw/hdl/projects/e200/e200.gen/sources_1/bd/system/ipshared/217a/hdl/xlslice_v1_0_vl_rfs.v:58]
INFO: [Synth 8-6155] done synthesizing module 'system_tdd_ch_slice_1_0' (0#1) [/home/dator2/Documents/clean_fw_folder/antsdr-fw-patch/plutosdr-fw/hdl/projects/e200/e200.gen/sources_1/bd/system/ip/system_tdd_ch_slice_1_0/synth/system_tdd_ch_slice_1_0.v:53]
INFO: [Synth 8-6157] synthesizing module 'system_tdd_ch_slice_2_0' [/home/dator2/Documents/clean_fw_folder/antsdr-fw-patch/plutosdr-fw/hdl/projects/e200/e200.gen/sources_1/bd/system/ip/system_tdd_ch_slice_2_0/synth/system_tdd_ch_slice_2_0.v:53]
INFO: [Synth 8-6157] synthesizing module 'xlslice_v1_0_3_xlslice__parameterized1' [/home/dator2/Documents/clean_fw_folder/antsdr-fw-patch/plutosdr-fw/hdl/projects/e200/e200.gen/sources_1/bd/system/ipshared/217a/hdl/xlslice_v1_0_vl_rfs.v:58]
INFO: [Synth 8-6155] done synthesizing module 'xlslice_v1_0_3_xlslice__parameterized1' (0#1) [/home/dator2/Documents/clean_fw_folder/antsdr-fw-patch/plutosdr-fw/hdl/projects/e200/e200.gen/sources_1/bd/system/ipshared/217a/hdl/xlslice_v1_0_vl_rfs.v:58]
INFO: [Synth 8-6155] done synthesizing module 'system_tdd_ch_slice_2_0' (0#1) [/home/dator2/Documents/clean_fw_folder/antsdr-fw-patch/plutosdr-fw/hdl/projects/e200/e200.gen/sources_1/bd/system/ip/system_tdd_ch_slice_2_0/synth/system_tdd_ch_slice_2_0.v:53]
INFO: [Synth 8-6157] synthesizing module 'system_tdd_core_0' [/home/dator2/Documents/clean_fw_folder/antsdr-fw-patch/plutosdr-fw/hdl/projects/e200/e200.runs/synth_1/.Xil/Vivado-339061-dator2-Latitude-5430/realtime/system_tdd_core_0_stub.v:6]
INFO: [Synth 8-6155] done synthesizing module 'system_tdd_core_0' (0#1) [/home/dator2/Documents/clean_fw_folder/antsdr-fw-patch/plutosdr-fw/hdl/projects/e200/e200.runs/synth_1/.Xil/Vivado-339061-dator2-Latitude-5430/realtime/system_tdd_core_0_stub.v:6]
INFO: [Synth 8-6155] done synthesizing module 'axi_tdd_0_imp_PE8F36' (0#1) [/home/dator2/Documents/clean_fw_folder/antsdr-fw-patch/plutosdr-fw/hdl/projects/e200/e200.gen/sources_1/bd/system/synth/system.v:13]
WARNING: [Synth 8-7071] port 'sync_out' of module 'axi_tdd_0_imp_PE8F36' is unconnected for instance 'axi_tdd_0' [/home/dator2/Documents/clean_fw_folder/antsdr-fw-patch/plutosdr-fw/hdl/projects/e200/e200.gen/sources_1/bd/system/synth/system.v:2102]
WARNING: [Synth 8-7023] instance 'axi_tdd_0' of module 'axi_tdd_0_imp_PE8F36' has 28 connections declared, but only 27 given [/home/dator2/Documents/clean_fw_folder/antsdr-fw-patch/plutosdr-fw/hdl/projects/e200/e200.gen/sources_1/bd/system/synth/system.v:2102]
INFO: [Synth 8-6157] synthesizing module 'system_axi_vcxo_ctrl_0' [/home/dator2/Documents/clean_fw_folder/antsdr-fw-patch/plutosdr-fw/hdl/projects/e200/e200.runs/synth_1/.Xil/Vivado-339061-dator2-Latitude-5430/realtime/system_axi_vcxo_ctrl_0_stub.v:6]
INFO: [Synth 8-6155] done synthesizing module 'system_axi_vcxo_ctrl_0' (0#1) [/home/dator2/Documents/clean_fw_folder/antsdr-fw-patch/plutosdr-fw/hdl/projects/e200/e200.runs/synth_1/.Xil/Vivado-339061-dator2-Latitude-5430/realtime/system_axi_vcxo_ctrl_0_stub.v:6]
INFO: [Synth 8-6157] synthesizing module 'system_cpack_0' [/home/dator2/Documents/clean_fw_folder/antsdr-fw-patch/plutosdr-fw/hdl/projects/e200/e200.runs/synth_1/.Xil/Vivado-339061-dator2-Latitude-5430/realtime/system_cpack_0_stub.v:6]
INFO: [Synth 8-6155] done synthesizing module 'system_cpack_0' (0#1) [/home/dator2/Documents/clean_fw_folder/antsdr-fw-patch/plutosdr-fw/hdl/projects/e200/e200.runs/synth_1/.Xil/Vivado-339061-dator2-Latitude-5430/realtime/system_cpack_0_stub.v:6]
WARNING: [Synth 8-7071] port 'packed_sync' of module 'system_cpack_0' is unconnected for instance 'cpack' [/home/dator2/Documents/clean_fw_folder/antsdr-fw-patch/plutosdr-fw/hdl/projects/e200/e200.gen/sources_1/bd/system/synth/system.v:2162]
WARNING: [Synth 8-7023] instance 'cpack' of module 'system_cpack_0' has 16 connections declared, but only 15 given [/home/dator2/Documents/clean_fw_folder/antsdr-fw-patch/plutosdr-fw/hdl/projects/e200/e200.gen/sources_1/bd/system/synth/system.v:2162]
INFO: [Synth 8-6157] synthesizing module 'system_decim_slice_0' [/home/dator2/Documents/clean_fw_folder/antsdr-fw-patch/plutosdr-fw/hdl/projects/e200/e200.gen/sources_1/bd/system/ip/system_decim_slice_0/synth/system_decim_slice_0.v:53]
INFO: [Synth 8-6157] synthesizing module 'xlslice_v1_0_3_xlslice__parameterized2' [/home/dator2/Documents/clean_fw_folder/antsdr-fw-patch/plutosdr-fw/hdl/projects/e200/e200.gen/sources_1/bd/system/ipshared/217a/hdl/xlslice_v1_0_vl_rfs.v:58]
INFO: [Synth 8-6155] done synthesizing module 'xlslice_v1_0_3_xlslice__parameterized2' (0#1) [/home/dator2/Documents/clean_fw_folder/antsdr-fw-patch/plutosdr-fw/hdl/projects/e200/e200.gen/sources_1/bd/system/ipshared/217a/hdl/xlslice_v1_0_vl_rfs.v:58]
INFO: [Synth 8-6155] done synthesizing module 'system_decim_slice_0' (0#1) [/home/dator2/Documents/clean_fw_folder/antsdr-fw-patch/plutosdr-fw/hdl/projects/e200/e200.gen/sources_1/bd/system/ip/system_decim_slice_0/synth/system_decim_slice_0.v:53]
INFO: [Synth 8-6157] synthesizing module 'system_interp_slice_0' [/home/dator2/Documents/clean_fw_folder/antsdr-fw-patch/plutosdr-fw/hdl/projects/e200/e200.gen/sources_1/bd/system/ip/system_interp_slice_0/synth/system_interp_slice_0.v:53]
INFO: [Synth 8-6155] done synthesizing module 'system_interp_slice_0' (0#1) [/home/dator2/Documents/clean_fw_folder/antsdr-fw-patch/plutosdr-fw/hdl/projects/e200/e200.gen/sources_1/bd/system/ip/system_interp_slice_0/synth/system_interp_slice_0.v:53]
INFO: [Synth 8-6157] synthesizing module 'system_logic_inv_0' [/home/dator2/Documents/clean_fw_folder/antsdr-fw-patch/plutosdr-fw/hdl/projects/e200/e200.runs/synth_1/.Xil/Vivado-339061-dator2-Latitude-5430/realtime/system_logic_inv_0_stub.v:6]
INFO: [Synth 8-6155] done synthesizing module 'system_logic_inv_0' (0#1) [/home/dator2/Documents/clean_fw_folder/antsdr-fw-patch/plutosdr-fw/hdl/projects/e200/e200.runs/synth_1/.Xil/Vivado-339061-dator2-Latitude-5430/realtime/system_logic_inv_0_stub.v:6]
INFO: [Synth 8-6157] synthesizing module 'system_logic_or_0' [/home/dator2/Documents/clean_fw_folder/antsdr-fw-patch/plutosdr-fw/hdl/projects/e200/e200.runs/synth_1/.Xil/Vivado-339061-dator2-Latitude-5430/realtime/system_logic_or_0_stub.v:6]
INFO: [Synth 8-6155] done synthesizing module 'system_logic_or_0' (0#1) [/home/dator2/Documents/clean_fw_folder/antsdr-fw-patch/plutosdr-fw/hdl/projects/e200/e200.runs/synth_1/.Xil/Vivado-339061-dator2-Latitude-5430/realtime/system_logic_or_0_stub.v:6]
INFO: [Synth 8-6157] synthesizing module 'system_logic_or_1_0' [/home/dator2/Documents/clean_fw_folder/antsdr-fw-patch/plutosdr-fw/hdl/projects/e200/e200.runs/synth_1/.Xil/Vivado-339061-dator2-Latitude-5430/realtime/system_logic_or_1_0_stub.v:6]
INFO: [Synth 8-6155] done synthesizing module 'system_logic_or_1_0' (0#1) [/home/dator2/Documents/clean_fw_folder/antsdr-fw-patch/plutosdr-fw/hdl/projects/e200/e200.runs/synth_1/.Xil/Vivado-339061-dator2-Latitude-5430/realtime/system_logic_or_1_0_stub.v:6]
INFO: [Synth 8-6157] synthesizing module 'rx_fir_decimator_imp_1GA06XC' [/home/dator2/Documents/clean_fw_folder/antsdr-fw-patch/plutosdr-fw/hdl/projects/e200/e200.gen/sources_1/bd/system/synth/system.v:897]
INFO: [Synth 8-6157] synthesizing module 'system_cdc_sync_active_1' [/home/dator2/Documents/clean_fw_folder/antsdr-fw-patch/plutosdr-fw/hdl/projects/e200/e200.runs/synth_1/.Xil/Vivado-339061-dator2-Latitude-5430/realtime/system_cdc_sync_active_1_stub.v:6]
INFO: [Synth 8-6155] done synthesizing module 'system_cdc_sync_active_1' (0#1) [/home/dator2/Documents/clean_fw_folder/antsdr-fw-patch/plutosdr-fw/hdl/projects/e200/e200.runs/synth_1/.Xil/Vivado-339061-dator2-Latitude-5430/realtime/system_cdc_sync_active_1_stub.v:6]
INFO: [Synth 8-6157] synthesizing module 'system_fir_decimation_0_0' [/home/dator2/Documents/clean_fw_folder/antsdr-fw-patch/plutosdr-fw/hdl/projects/e200/e200.runs/synth_1/.Xil/Vivado-339061-dator2-Latitude-5430/realtime/system_fir_decimation_0_0_stub.v:6]
INFO: [Synth 8-6155] done synthesizing module 'system_fir_decimation_0_0' (0#1) [/home/dator2/Documents/clean_fw_folder/antsdr-fw-patch/plutosdr-fw/hdl/projects/e200/e200.runs/synth_1/.Xil/Vivado-339061-dator2-Latitude-5430/realtime/system_fir_decimation_0_0_stub.v:6]
WARNING: [Synth 8-7071] port 's_axis_data_tready' of module 'system_fir_decimation_0_0' is unconnected for instance 'fir_decimation_0' [/home/dator2/Documents/clean_fw_folder/antsdr-fw-patch/plutosdr-fw/hdl/projects/e200/e200.gen/sources_1/bd/system/synth/system.v:970]
WARNING: [Synth 8-7023] instance 'fir_decimation_0' of module 'system_fir_decimation_0_0' has 6 connections declared, but only 5 given [/home/dator2/Documents/clean_fw_folder/antsdr-fw-patch/plutosdr-fw/hdl/projects/e200/e200.gen/sources_1/bd/system/synth/system.v:970]
INFO: [Synth 8-6157] synthesizing module 'system_fir_decimation_1_0' [/home/dator2/Documents/clean_fw_folder/antsdr-fw-patch/plutosdr-fw/hdl/projects/e200/e200.runs/synth_1/.Xil/Vivado-339061-dator2-Latitude-5430/realtime/system_fir_decimation_1_0_stub.v:6]
INFO: [Synth 8-6155] done synthesizing module 'system_fir_decimation_1_0' (0#1) [/home/dator2/Documents/clean_fw_folder/antsdr-fw-patch/plutosdr-fw/hdl/projects/e200/e200.runs/synth_1/.Xil/Vivado-339061-dator2-Latitude-5430/realtime/system_fir_decimation_1_0_stub.v:6]
WARNING: [Synth 8-7071] port 's_axis_data_tready' of module 'system_fir_decimation_1_0' is unconnected for instance 'fir_decimation_1' [/home/dator2/Documents/clean_fw_folder/antsdr-fw-patch/plutosdr-fw/hdl/projects/e200/e200.gen/sources_1/bd/system/synth/system.v:976]
WARNING: [Synth 8-7023] instance 'fir_decimation_1' of module 'system_fir_decimation_1_0' has 6 connections declared, but only 5 given [/home/dator2/Documents/clean_fw_folder/antsdr-fw-patch/plutosdr-fw/hdl/projects/e200/e200.gen/sources_1/bd/system/synth/system.v:976]
INFO: [Synth 8-6157] synthesizing module 'system_out_mux_0_1' [/home/dator2/Documents/clean_fw_folder/antsdr-fw-patch/plutosdr-fw/hdl/projects/e200/e200.runs/synth_1/.Xil/Vivado-339061-dator2-Latitude-5430/realtime/system_out_mux_0_1_stub.v:6]
INFO: [Synth 8-6155] done synthesizing module 'system_out_mux_0_1' (0#1) [/home/dator2/Documents/clean_fw_folder/antsdr-fw-patch/plutosdr-fw/hdl/projects/e200/e200.runs/synth_1/.Xil/Vivado-339061-dator2-Latitude-5430/realtime/system_out_mux_0_1_stub.v:6]
INFO: [Synth 8-6157] synthesizing module 'system_out_mux_1_1' [/home/dator2/Documents/clean_fw_folder/antsdr-fw-patch/plutosdr-fw/hdl/projects/e200/e200.runs/synth_1/.Xil/Vivado-339061-dator2-Latitude-5430/realtime/system_out_mux_1_1_stub.v:6]
INFO: [Synth 8-6155] done synthesizing module 'system_out_mux_1_1' (0#1) [/home/dator2/Documents/clean_fw_folder/antsdr-fw-patch/plutosdr-fw/hdl/projects/e200/e200.runs/synth_1/.Xil/Vivado-339061-dator2-Latitude-5430/realtime/system_out_mux_1_1_stub.v:6]
INFO: [Synth 8-6155] done synthesizing module 'rx_fir_decimator_imp_1GA06XC' (0#1) [/home/dator2/Documents/clean_fw_folder/antsdr-fw-patch/plutosdr-fw/hdl/projects/e200/e200.gen/sources_1/bd/system/synth/system.v:897]
WARNING: [Synth 8-7071] port 'valid_out_1' of module 'rx_fir_decimator_imp_1GA06XC' is unconnected for instance 'rx_fir_decimator' [/home/dator2/Documents/clean_fw_folder/antsdr-fw-patch/plutosdr-fw/hdl/projects/e200/e200.gen/sources_1/bd/system/synth/system.v:2195]
WARNING: [Synth 8-7023] instance 'rx_fir_decimator' of module 'rx_fir_decimator_imp_1GA06XC' has 15 connections declared, but only 14 given [/home/dator2/Documents/clean_fw_folder/antsdr-fw-patch/plutosdr-fw/hdl/projects/e200/e200.gen/sources_1/bd/system/synth/system.v:2195]
INFO: [Synth 8-6157] synthesizing module 'system_sys_concat_intc_0' [/home/dator2/Documents/clean_fw_folder/antsdr-fw-patch/plutosdr-fw/hdl/projects/e200/e200.gen/sources_1/bd/system/ip/system_sys_concat_intc_0/synth/system_sys_concat_intc_0.v:53]
INFO: [Synth 8-6157] synthesizing module 'xlconcat_v2_1_5_xlconcat' [/home/dator2/Documents/clean_fw_folder/antsdr-fw-patch/plutosdr-fw/hdl/projects/e200/e200.gen/sources_1/bd/system/ipshared/147b/hdl/xlconcat_v2_1_vl_rfs.v:59]
INFO: [Synth 8-6155] done synthesizing module 'xlconcat_v2_1_5_xlconcat' (0#1) [/home/dator2/Documents/clean_fw_folder/antsdr-fw-patch/plutosdr-fw/hdl/projects/e200/e200.gen/sources_1/bd/system/ipshared/147b/hdl/xlconcat_v2_1_vl_rfs.v:59]
INFO: [Synth 8-6155] done synthesizing module 'system_sys_concat_intc_0' (0#1) [/home/dator2/Documents/clean_fw_folder/antsdr-fw-patch/plutosdr-fw/hdl/projects/e200/e200.gen/sources_1/bd/system/ip/system_sys_concat_intc_0/synth/system_sys_concat_intc_0.v:53]
INFO: [Synth 8-6157] synthesizing module 'system_sys_ps7_0' [/home/dator2/Documents/clean_fw_folder/antsdr-fw-patch/plutosdr-fw/hdl/projects/e200/e200.runs/synth_1/.Xil/Vivado-339061-dator2-Latitude-5430/realtime/system_sys_ps7_0_stub.v:6]
INFO: [Synth 8-6155] done synthesizing module 'system_sys_ps7_0' (0#1) [/home/dator2/Documents/clean_fw_folder/antsdr-fw-patch/plutosdr-fw/hdl/projects/e200/e200.runs/synth_1/.Xil/Vivado-339061-dator2-Latitude-5430/realtime/system_sys_ps7_0_stub.v:6]
WARNING: [Synth 8-7071] port 'SPI0_SCLK_T' of module 'system_sys_ps7_0' is unconnected for instance 'sys_ps7' [/home/dator2/Documents/clean_fw_folder/antsdr-fw-patch/plutosdr-fw/hdl/projects/e200/e200.gen/sources_1/bd/system/synth/system.v:2228]
WARNING: [Synth 8-7071] port 'SPI0_MOSI_T' of module 'system_sys_ps7_0' is unconnected for instance 'sys_ps7' [/home/dator2/Documents/clean_fw_folder/antsdr-fw-patch/plutosdr-fw/hdl/projects/e200/e200.gen/sources_1/bd/system/synth/system.v:2228]
WARNING: [Synth 8-7071] port 'SPI0_MISO_O' of module 'system_sys_ps7_0' is unconnected for instance 'sys_ps7' [/home/dator2/Documents/clean_fw_folder/antsdr-fw-patch/plutosdr-fw/hdl/projects/e200/e200.gen/sources_1/bd/system/synth/system.v:2228]
WARNING: [Synth 8-7071] port 'SPI0_MISO_T' of module 'system_sys_ps7_0' is unconnected for instance 'sys_ps7' [/home/dator2/Documents/clean_fw_folder/antsdr-fw-patch/plutosdr-fw/hdl/projects/e200/e200.gen/sources_1/bd/system/synth/system.v:2228]
WARNING: [Synth 8-7071] port 'SPI0_SS_T' of module 'system_sys_ps7_0' is unconnected for instance 'sys_ps7' [/home/dator2/Documents/clean_fw_folder/antsdr-fw-patch/plutosdr-fw/hdl/projects/e200/e200.gen/sources_1/bd/system/synth/system.v:2228]
WARNING: [Synth 8-7071] port 'USB0_PORT_INDCTL' of module 'system_sys_ps7_0' is unconnected for instance 'sys_ps7' [/home/dator2/Documents/clean_fw_folder/antsdr-fw-patch/plutosdr-fw/hdl/projects/e200/e200.gen/sources_1/bd/system/synth/system.v:2228]
WARNING: [Synth 8-7071] port 'USB0_VBUS_PWRSELECT' of module 'system_sys_ps7_0' is unconnected for instance 'sys_ps7' [/home/dator2/Documents/clean_fw_folder/antsdr-fw-patch/plutosdr-fw/hdl/projects/e200/e200.gen/sources_1/bd/system/synth/system.v:2228]
WARNING: [Synth 8-7071] port 'S_AXI_HP1_ARREADY' of module 'system_sys_ps7_0' is unconnected for instance 'sys_ps7' [/home/dator2/Documents/clean_fw_folder/antsdr-fw-patch/plutosdr-fw/hdl/projects/e200/e200.gen/sources_1/bd/system/synth/system.v:2228]
WARNING: [Synth 8-7071] port 'S_AXI_HP1_RLAST' of module 'system_sys_ps7_0' is unconnected for instance 'sys_ps7' [/home/dator2/Documents/clean_fw_folder/antsdr-fw-patch/plutosdr-fw/hdl/projects/e200/e200.gen/sources_1/bd/system/synth/system.v:2228]
WARNING: [Synth 8-7071] port 'S_AXI_HP1_RVALID' of module 'system_sys_ps7_0' is unconnected for instance 'sys_ps7' [/home/dator2/Documents/clean_fw_folder/antsdr-fw-patch/plutosdr-fw/hdl/projects/e200/e200.gen/sources_1/bd/system/synth/system.v:2228]
WARNING: [Synth 8-7071] port 'S_AXI_HP1_RRESP' of module 'system_sys_ps7_0' is unconnected for instance 'sys_ps7' [/home/dator2/Documents/clean_fw_folder/antsdr-fw-patch/plutosdr-fw/hdl/projects/e200/e200.gen/sources_1/bd/system/synth/system.v:2228]
WARNING: [Synth 8-7071] port 'S_AXI_HP1_BID' of module 'system_sys_ps7_0' is unconnected for instance 'sys_ps7' [/home/dator2/Documents/clean_fw_folder/antsdr-fw-patch/plutosdr-fw/hdl/projects/e200/e200.gen/sources_1/bd/system/synth/system.v:2228]
WARNING: [Synth 8-7071] port 'S_AXI_HP1_RID' of module 'system_sys_ps7_0' is unconnected for instance 'sys_ps7' [/home/dator2/Documents/clean_fw_folder/antsdr-fw-patch/plutosdr-fw/hdl/projects/e200/e200.gen/sources_1/bd/system/synth/system.v:2228]
WARNING: [Synth 8-7071] port 'S_AXI_HP1_RDATA' of module 'system_sys_ps7_0' is unconnected for instance 'sys_ps7' [/home/dator2/Documents/clean_fw_folder/antsdr-fw-patch/plutosdr-fw/hdl/projects/e200/e200.gen/sources_1/bd/system/synth/system.v:2228]
WARNING: [Synth 8-7071] port 'S_AXI_HP1_RCOUNT' of module 'system_sys_ps7_0' is unconnected for instance 'sys_ps7' [/home/dator2/Documents/clean_fw_folder/antsdr-fw-patch/plutosdr-fw/hdl/projects/e200/e200.gen/sources_1/bd/system/synth/system.v:2228]
WARNING: [Synth 8-7071] port 'S_AXI_HP1_WCOUNT' of module 'system_sys_ps7_0' is unconnected for instance 'sys_ps7' [/home/dator2/Documents/clean_fw_folder/antsdr-fw-patch/plutosdr-fw/hdl/projects/e200/e200.gen/sources_1/bd/system/synth/system.v:2228]
WARNING: [Synth 8-7071] port 'S_AXI_HP1_RACOUNT' of module 'system_sys_ps7_0' is unconnected for instance 'sys_ps7' [/home/dator2/Documents/clean_fw_folder/antsdr-fw-patch/plutosdr-fw/hdl/projects/e200/e200.gen/sources_1/bd/system/synth/system.v:2228]
WARNING: [Synth 8-7071] port 'S_AXI_HP1_WACOUNT' of module 'system_sys_ps7_0' is unconnected for instance 'sys_ps7' [/home/dator2/Documents/clean_fw_folder/antsdr-fw-patch/plutosdr-fw/hdl/projects/e200/e200.gen/sources_1/bd/system/synth/system.v:2228]
WARNING: [Synth 8-7071] port 'S_AXI_HP2_AWREADY' of module 'system_sys_ps7_0' is unconnected for instance 'sys_ps7' [/home/dator2/Documents/clean_fw_folder/antsdr-fw-patch/plutosdr-fw/hdl/projects/e200/e200.gen/sources_1/bd/system/synth/system.v:2228]
WARNING: [Synth 8-7071] port 'S_AXI_HP2_BVALID' of module 'system_sys_ps7_0' is unconnected for instance 'sys_ps7' [/home/dator2/Documents/clean_fw_folder/antsdr-fw-patch/plutosdr-fw/hdl/projects/e200/e200.gen/sources_1/bd/system/synth/system.v:2228]
WARNING: [Synth 8-7071] port 'S_AXI_HP2_WREADY' of module 'system_sys_ps7_0' is unconnected for instance 'sys_ps7' [/home/dator2/Documents/clean_fw_folder/antsdr-fw-patch/plutosdr-fw/hdl/projects/e200/e200.gen/sources_1/bd/system/synth/system.v:2228]
WARNING: [Synth 8-7071] port 'S_AXI_HP2_BRESP' of module 'system_sys_ps7_0' is unconnected for instance 'sys_ps7' [/home/dator2/Documents/clean_fw_folder/antsdr-fw-patch/plutosdr-fw/hdl/projects/e200/e200.gen/sources_1/bd/system/synth/system.v:2228]
WARNING: [Synth 8-7071] port 'S_AXI_HP2_BID' of module 'system_sys_ps7_0' is unconnected for instance 'sys_ps7' [/home/dator2/Documents/clean_fw_folder/antsdr-fw-patch/plutosdr-fw/hdl/projects/e200/e200.gen/sources_1/bd/system/synth/system.v:2228]
WARNING: [Synth 8-7071] port 'S_AXI_HP2_RID' of module 'system_sys_ps7_0' is unconnected for instance 'sys_ps7' [/home/dator2/Documents/clean_fw_folder/antsdr-fw-patch/plutosdr-fw/hdl/projects/e200/e200.gen/sources_1/bd/system/synth/system.v:2228]
WARNING: [Synth 8-7071] port 'S_AXI_HP2_RCOUNT' of module 'system_sys_ps7_0' is unconnected for instance 'sys_ps7' [/home/dator2/Documents/clean_fw_folder/antsdr-fw-patch/plutosdr-fw/hdl/projects/e200/e200.gen/sources_1/bd/system/synth/system.v:2228]
WARNING: [Synth 8-7071] port 'S_AXI_HP2_WCOUNT' of module 'system_sys_ps7_0' is unconnected for instance 'sys_ps7' [/home/dator2/Documents/clean_fw_folder/antsdr-fw-patch/plutosdr-fw/hdl/projects/e200/e200.gen/sources_1/bd/system/synth/system.v:2228]
WARNING: [Synth 8-7071] port 'S_AXI_HP2_RACOUNT' of module 'system_sys_ps7_0' is unconnected for instance 'sys_ps7' [/home/dator2/Documents/clean_fw_folder/antsdr-fw-patch/plutosdr-fw/hdl/projects/e200/e200.gen/sources_1/bd/system/synth/system.v:2228]
WARNING: [Synth 8-7071] port 'S_AXI_HP2_WACOUNT' of module 'system_sys_ps7_0' is unconnected for instance 'sys_ps7' [/home/dator2/Documents/clean_fw_folder/antsdr-fw-patch/plutosdr-fw/hdl/projects/e200/e200.gen/sources_1/bd/system/synth/system.v:2228]
WARNING: [Synth 8-7071] port 'FCLK_RESET1_N' of module 'system_sys_ps7_0' is unconnected for instance 'sys_ps7' [/home/dator2/Documents/clean_fw_folder/antsdr-fw-patch/plutosdr-fw/hdl/projects/e200/e200.gen/sources_1/bd/system/synth/system.v:2228]
WARNING: [Synth 8-7023] instance 'sys_ps7' of module 'system_sys_ps7_0' has 190 connections declared, but only 161 given [/home/dator2/Documents/clean_fw_folder/antsdr-fw-patch/plutosdr-fw/hdl/projects/e200/e200.gen/sources_1/bd/system/synth/system.v:2228]
INFO: [Synth 8-6157] synthesizing module 'system_sys_rgmii_0' [/home/dator2/Documents/clean_fw_folder/antsdr-fw-patch/plutosdr-fw/hdl/projects/e200/e200.runs/synth_1/.Xil/Vivado-339061-dator2-Latitude-5430/realtime/system_sys_rgmii_0_stub.v:6]
INFO: [Synth 8-6155] done synthesizing module 'system_sys_rgmii_0' (0#1) [/home/dator2/Documents/clean_fw_folder/antsdr-fw-patch/plutosdr-fw/hdl/projects/e200/e200.runs/synth_1/.Xil/Vivado-339061-dator2-Latitude-5430/realtime/system_sys_rgmii_0_stub.v:6]
WARNING: [Synth 8-7071] port 'ref_clk_out' of module 'system_sys_rgmii_0' is unconnected for instance 'sys_rgmii' [/home/dator2/Documents/clean_fw_folder/antsdr-fw-patch/plutosdr-fw/hdl/projects/e200/e200.gen/sources_1/bd/system/synth/system.v:2390]
WARNING: [Synth 8-7071] port 'mmcm_locked_out' of module 'system_sys_rgmii_0' is unconnected for instance 'sys_rgmii' [/home/dator2/Documents/clean_fw_folder/antsdr-fw-patch/plutosdr-fw/hdl/projects/e200/e200.gen/sources_1/bd/system/synth/system.v:2390]
WARNING: [Synth 8-7071] port 'gmii_clk_125m_out' of module 'system_sys_rgmii_0' is unconnected for instance 'sys_rgmii' [/home/dator2/Documents/clean_fw_folder/antsdr-fw-patch/plutosdr-fw/hdl/projects/e200/e200.gen/sources_1/bd/system/synth/system.v:2390]
WARNING: [Synth 8-7071] port 'gmii_clk_25m_out' of module 'system_sys_rgmii_0' is unconnected for instance 'sys_rgmii' [/home/dator2/Documents/clean_fw_folder/antsdr-fw-patch/plutosdr-fw/hdl/projects/e200/e200.gen/sources_1/bd/system/synth/system.v:2390]
WARNING: [Synth 8-7071] port 'gmii_clk_2_5m_out' of module 'system_sys_rgmii_0' is unconnected for instance 'sys_rgmii' [/home/dator2/Documents/clean_fw_folder/antsdr-fw-patch/plutosdr-fw/hdl/projects/e200/e200.gen/sources_1/bd/system/synth/system.v:2390]
WARNING: [Synth 8-7071] port 'speed_mode' of module 'system_sys_rgmii_0' is unconnected for instance 'sys_rgmii' [/home/dator2/Documents/clean_fw_folder/antsdr-fw-patch/plutosdr-fw/hdl/projects/e200/e200.gen/sources_1/bd/system/synth/system.v:2390]
WARNING: [Synth 8-7071] port 'link_status' of module 'system_sys_rgmii_0' is unconnected for instance 'sys_rgmii' [/home/dator2/Documents/clean_fw_folder/antsdr-fw-patch/plutosdr-fw/hdl/projects/e200/e200.gen/sources_1/bd/system/synth/system.v:2390]
WARNING: [Synth 8-7071] port 'clock_speed' of module 'system_sys_rgmii_0' is unconnected for instance 'sys_rgmii' [/home/dator2/Documents/clean_fw_folder/antsdr-fw-patch/plutosdr-fw/hdl/projects/e200/e200.gen/sources_1/bd/system/synth/system.v:2390]
WARNING: [Synth 8-7071] port 'duplex_status' of module 'system_sys_rgmii_0' is unconnected for instance 'sys_rgmii' [/home/dator2/Documents/clean_fw_folder/antsdr-fw-patch/plutosdr-fw/hdl/projects/e200/e200.gen/sources_1/bd/system/synth/system.v:2390]
WARNING: [Synth 8-7023] instance 'sys_rgmii' of module 'system_sys_rgmii_0' has 36 connections declared, but only 27 given [/home/dator2/Documents/clean_fw_folder/antsdr-fw-patch/plutosdr-fw/hdl/projects/e200/e200.gen/sources_1/bd/system/synth/system.v:2390]
INFO: [Synth 8-6157] synthesizing module 'system_sys_rstgen_0' [/home/dator2/Documents/clean_fw_folder/antsdr-fw-patch/plutosdr-fw/hdl/projects/e200/e200.runs/synth_1/.Xil/Vivado-339061-dator2-Latitude-5430/realtime/system_sys_rstgen_0_stub.v:6]
INFO: [Synth 8-6155] done synthesizing module 'system_sys_rstgen_0' (0#1) [/home/dator2/Documents/clean_fw_folder/antsdr-fw-patch/plutosdr-fw/hdl/projects/e200/e200.runs/synth_1/.Xil/Vivado-339061-dator2-Latitude-5430/realtime/system_sys_rstgen_0_stub.v:6]
WARNING: [Synth 8-7071] port 'mb_reset' of module 'system_sys_rstgen_0' is unconnected for instance 'sys_rstgen' [/home/dator2/Documents/clean_fw_folder/antsdr-fw-patch/plutosdr-fw/hdl/projects/e200/e200.gen/sources_1/bd/system/synth/system.v:2418]
WARNING: [Synth 8-7071] port 'bus_struct_reset' of module 'system_sys_rstgen_0' is unconnected for instance 'sys_rstgen' [/home/dator2/Documents/clean_fw_folder/antsdr-fw-patch/plutosdr-fw/hdl/projects/e200/e200.gen/sources_1/bd/system/synth/system.v:2418]
WARNING: [Synth 8-7071] port 'interconnect_aresetn' of module 'system_sys_rstgen_0' is unconnected for instance 'sys_rstgen' [/home/dator2/Documents/clean_fw_folder/antsdr-fw-patch/plutosdr-fw/hdl/projects/e200/e200.gen/sources_1/bd/system/synth/system.v:2418]
WARNING: [Synth 8-7023] instance 'sys_rstgen' of module 'system_sys_rstgen_0' has 10 connections declared, but only 7 given [/home/dator2/Documents/clean_fw_folder/antsdr-fw-patch/plutosdr-fw/hdl/projects/e200/e200.gen/sources_1/bd/system/synth/system.v:2418]
INFO: [Synth 8-6157] synthesizing module 'tx_fir_interpolator_imp_1308SRJ' [/home/dator2/Documents/clean_fw_folder/antsdr-fw-patch/plutosdr-fw/hdl/projects/e200/e200.gen/sources_1/bd/system/synth/system.v:3462]
INFO: [Synth 8-6157] synthesizing module 'system_cdc_sync_active_0' [/home/dator2/Documents/clean_fw_folder/antsdr-fw-patch/plutosdr-fw/hdl/projects/e200/e200.runs/synth_1/.Xil/Vivado-339061-dator2-Latitude-5430/realtime/system_cdc_sync_active_0_stub.v:6]
INFO: [Synth 8-6155] done synthesizing module 'system_cdc_sync_active_0' (0#1) [/home/dator2/Documents/clean_fw_folder/antsdr-fw-patch/plutosdr-fw/hdl/projects/e200/e200.runs/synth_1/.Xil/Vivado-339061-dator2-Latitude-5430/realtime/system_cdc_sync_active_0_stub.v:6]
INFO: [Synth 8-6157] synthesizing module 'system_fir_interpolation_0_0' [/home/dator2/Documents/clean_fw_folder/antsdr-fw-patch/plutosdr-fw/hdl/projects/e200/e200.runs/synth_1/.Xil/Vivado-339061-dator2-Latitude-5430/realtime/system_fir_interpolation_0_0_stub.v:6]
INFO: [Synth 8-6155] done synthesizing module 'system_fir_interpolation_0_0' (0#1) [/home/dator2/Documents/clean_fw_folder/antsdr-fw-patch/plutosdr-fw/hdl/projects/e200/e200.runs/synth_1/.Xil/Vivado-339061-dator2-Latitude-5430/realtime/system_fir_interpolation_0_0_stub.v:6]
WARNING: [Synth 8-7071] port 's_axis_data_tready' of module 'system_fir_interpolation_0_0' is unconnected for instance 'fir_interpolation_0' [/home/dator2/Documents/clean_fw_folder/antsdr-fw-patch/plutosdr-fw/hdl/projects/e200/e200.gen/sources_1/bd/system/synth/system.v:3544]
WARNING: [Synth 8-7071] port 'm_axis_data_tvalid' of module 'system_fir_interpolation_0_0' is unconnected for instance 'fir_interpolation_0' [/home/dator2/Documents/clean_fw_folder/antsdr-fw-patch/plutosdr-fw/hdl/projects/e200/e200.gen/sources_1/bd/system/synth/system.v:3544]
WARNING: [Synth 8-7023] instance 'fir_interpolation_0' of module 'system_fir_interpolation_0_0' has 6 connections declared, but only 4 given [/home/dator2/Documents/clean_fw_folder/antsdr-fw-patch/plutosdr-fw/hdl/projects/e200/e200.gen/sources_1/bd/system/synth/system.v:3544]
INFO: [Synth 8-6157] synthesizing module 'system_fir_interpolation_1_0' [/home/dator2/Documents/clean_fw_folder/antsdr-fw-patch/plutosdr-fw/hdl/projects/e200/e200.runs/synth_1/.Xil/Vivado-339061-dator2-Latitude-5430/realtime/system_fir_interpolation_1_0_stub.v:6]
INFO: [Synth 8-6155] done synthesizing module 'system_fir_interpolation_1_0' (0#1) [/home/dator2/Documents/clean_fw_folder/antsdr-fw-patch/plutosdr-fw/hdl/projects/e200/e200.runs/synth_1/.Xil/Vivado-339061-dator2-Latitude-5430/realtime/system_fir_interpolation_1_0_stub.v:6]
WARNING: [Synth 8-7071] port 's_axis_data_tready' of module 'system_fir_interpolation_1_0' is unconnected for instance 'fir_interpolation_1' [/home/dator2/Documents/clean_fw_folder/antsdr-fw-patch/plutosdr-fw/hdl/projects/e200/e200.gen/sources_1/bd/system/synth/system.v:3549]
WARNING: [Synth 8-7071] port 'm_axis_data_tvalid' of module 'system_fir_interpolation_1_0' is unconnected for instance 'fir_interpolation_1' [/home/dator2/Documents/clean_fw_folder/antsdr-fw-patch/plutosdr-fw/hdl/projects/e200/e200.gen/sources_1/bd/system/synth/system.v:3549]
WARNING: [Synth 8-7023] instance 'fir_interpolation_1' of module 'system_fir_interpolation_1_0' has 6 connections declared, but only 4 given [/home/dator2/Documents/clean_fw_folder/antsdr-fw-patch/plutosdr-fw/hdl/projects/e200/e200.gen/sources_1/bd/system/synth/system.v:3549]
INFO: [Synth 8-6157] synthesizing module 'system_logic_and_0_0' [/home/dator2/Documents/clean_fw_folder/antsdr-fw-patch/plutosdr-fw/hdl/projects/e200/e200.runs/synth_1/.Xil/Vivado-339061-dator2-Latitude-5430/realtime/system_logic_and_0_0_stub.v:6]
INFO: [Synth 8-6155] done synthesizing module 'system_logic_and_0_0' (0#1) [/home/dator2/Documents/clean_fw_folder/antsdr-fw-patch/plutosdr-fw/hdl/projects/e200/e200.runs/synth_1/.Xil/Vivado-339061-dator2-Latitude-5430/realtime/system_logic_and_0_0_stub.v:6]
INFO: [Synth 8-6157] synthesizing module 'system_logic_and_1_0' [/home/dator2/Documents/clean_fw_folder/antsdr-fw-patch/plutosdr-fw/hdl/projects/e200/e200.runs/synth_1/.Xil/Vivado-339061-dator2-Latitude-5430/realtime/system_logic_and_1_0_stub.v:6]
INFO: [Synth 8-6155] done synthesizing module 'system_logic_and_1_0' (0#1) [/home/dator2/Documents/clean_fw_folder/antsdr-fw-patch/plutosdr-fw/hdl/projects/e200/e200.runs/synth_1/.Xil/Vivado-339061-dator2-Latitude-5430/realtime/system_logic_and_1_0_stub.v:6]
INFO: [Synth 8-6157] synthesizing module 'system_out_mux_0_0' [/home/dator2/Documents/clean_fw_folder/antsdr-fw-patch/plutosdr-fw/hdl/projects/e200/e200.runs/synth_1/.Xil/Vivado-339061-dator2-Latitude-5430/realtime/system_out_mux_0_0_stub.v:6]
INFO: [Synth 8-6155] done synthesizing module 'system_out_mux_0_0' (0#1) [/home/dator2/Documents/clean_fw_folder/antsdr-fw-patch/plutosdr-fw/hdl/projects/e200/e200.runs/synth_1/.Xil/Vivado-339061-dator2-Latitude-5430/realtime/system_out_mux_0_0_stub.v:6]
INFO: [Synth 8-6157] synthesizing module 'system_out_mux_1_0' [/home/dator2/Documents/clean_fw_folder/antsdr-fw-patch/plutosdr-fw/hdl/projects/e200/e200.runs/synth_1/.Xil/Vivado-339061-dator2-Latitude-5430/realtime/system_out_mux_1_0_stub.v:6]
INFO: [Synth 8-6155] done synthesizing module 'system_out_mux_1_0' (0#1) [/home/dator2/Documents/clean_fw_folder/antsdr-fw-patch/plutosdr-fw/hdl/projects/e200/e200.runs/synth_1/.Xil/Vivado-339061-dator2-Latitude-5430/realtime/system_out_mux_1_0_stub.v:6]
INFO: [Synth 8-6157] synthesizing module 'system_rate_gen_0' [/home/dator2/Documents/clean_fw_folder/antsdr-fw-patch/plutosdr-fw/hdl/projects/e200/e200.runs/synth_1/.Xil/Vivado-339061-dator2-Latitude-5430/realtime/system_rate_gen_0_stub.v:6]
INFO: [Synth 8-6155] done synthesizing module 'system_rate_gen_0' (0#1) [/home/dator2/Documents/clean_fw_folder/antsdr-fw-patch/plutosdr-fw/hdl/projects/e200/e200.runs/synth_1/.Xil/Vivado-339061-dator2-Latitude-5430/realtime/system_rate_gen_0_stub.v:6]
WARNING: [Synth 8-7071] port 'pulse_counter' of module 'system_rate_gen_0' is unconnected for instance 'rate_gen' [/home/dator2/Documents/clean_fw_folder/antsdr-fw-patch/plutosdr-fw/hdl/projects/e200/e200.gen/sources_1/bd/system/synth/system.v:3584]
WARNING: [Synth 8-7023] instance 'rate_gen' of module 'system_rate_gen_0' has 7 connections declared, but only 6 given [/home/dator2/Documents/clean_fw_folder/antsdr-fw-patch/plutosdr-fw/hdl/projects/e200/e200.gen/sources_1/bd/system/synth/system.v:3584]
INFO: [Synth 8-6155] done synthesizing module 'tx_fir_interpolator_imp_1308SRJ' (0#1) [/home/dator2/Documents/clean_fw_folder/antsdr-fw-patch/plutosdr-fw/hdl/projects/e200/e200.gen/sources_1/bd/system/synth/system.v:3462]
WARNING: [Synth 8-7071] port 'valid_out_1' of module 'tx_fir_interpolator_imp_1308SRJ' is unconnected for instance 'tx_fir_interpolator' [/home/dator2/Documents/clean_fw_folder/antsdr-fw-patch/plutosdr-fw/hdl/projects/e200/e200.gen/sources_1/bd/system/synth/system.v:2426]
WARNING: [Synth 8-7023] instance 'tx_fir_interpolator' of module 'tx_fir_interpolator_imp_1308SRJ' has 17 connections declared, but only 16 given [/home/dator2/Documents/clean_fw_folder/antsdr-fw-patch/plutosdr-fw/hdl/projects/e200/e200.gen/sources_1/bd/system/synth/system.v:2426]
INFO: [Synth 8-6157] synthesizing module 'system_tx_upack_0' [/home/dator2/Documents/clean_fw_folder/antsdr-fw-patch/plutosdr-fw/hdl/projects/e200/e200.runs/synth_1/.Xil/Vivado-339061-dator2-Latitude-5430/realtime/system_tx_upack_0_stub.v:6]
INFO: [Synth 8-6155] done synthesizing module 'system_tx_upack_0' (0#1) [/home/dator2/Documents/clean_fw_folder/antsdr-fw-patch/plutosdr-fw/hdl/projects/e200/e200.runs/synth_1/.Xil/Vivado-339061-dator2-Latitude-5430/realtime/system_tx_upack_0_stub.v:6]
WARNING: [Synth 8-7071] port 'fifo_rd_valid' of module 'system_tx_upack_0' is unconnected for instance 'tx_upack' [/home/dator2/Documents/clean_fw_folder/antsdr-fw-patch/plutosdr-fw/hdl/projects/e200/e200.gen/sources_1/bd/system/synth/system.v:2443]
WARNING: [Synth 8-7023] instance 'tx_upack' of module 'system_tx_upack_0' has 16 connections declared, but only 15 given [/home/dator2/Documents/clean_fw_folder/antsdr-fw-patch/plutosdr-fw/hdl/projects/e200/e200.gen/sources_1/bd/system/synth/system.v:2443]
INFO: [Synth 8-6155] done synthesizing module 'system' (0#1) [/home/dator2/Documents/clean_fw_folder/antsdr-fw-patch/plutosdr-fw/hdl/projects/e200/e200.gen/sources_1/bd/system/synth/system.v:1311]
INFO: [Synth 8-6155] done synthesizing module 'system_wrapper' (0#1) [/home/dator2/Documents/clean_fw_folder/antsdr-fw-patch/plutosdr-fw/hdl/projects/e200/e200.srcs/sources_1/imports/hdl/system_wrapper.v:13]
INFO: [Synth 8-6155] done synthesizing module 'system_top' (0#1) [/home/dator2/Documents/clean_fw_folder/antsdr-fw-patch/plutosdr-fw/hdl/projects/e200/system_top.v:38]
WARNING: [Synth 8-3848] Net pl_burst in module/entity system_top does not have driver. [/home/dator2/Documents/clean_fw_folder/antsdr-fw-patch/plutosdr-fw/hdl/projects/e200/system_top.v:119]
WARNING: [Synth 8-3848] Net pl_spi_clk_o in module/entity system_top does not have driver. [/home/dator2/Documents/clean_fw_folder/antsdr-fw-patch/plutosdr-fw/hdl/projects/e200/system_top.v:121]
WARNING: [Synth 8-3917] design system_top has port eth_rst_n driven by constant 1
WARNING: [Synth 8-3917] design system_top has port CLKIN_10MHz_REQ driven by constant 1
WARNING: [Synth 8-3917] design system_top has port tx_amp_en driven by constant 1
WARNING: [Synth 8-7129] Port In16[0] in module xlconcat_v2_1_5_xlconcat is either unconnected or has no load
WARNING: [Synth 8-7129] Port In17[0] in module xlconcat_v2_1_5_xlconcat is either unconnected or has no load
WARNING: [Synth 8-7129] Port In18[0] in module xlconcat_v2_1_5_xlconcat is either unconnected or has no load
WARNING: [Synth 8-7129] Port In19[0] in module xlconcat_v2_1_5_xlconcat is either unconnected or has no load
WARNING: [Synth 8-7129] Port In20[0] in module xlconcat_v2_1_5_xlconcat is either unconnected or has no load
WARNING: [Synth 8-7129] Port In21[0] in module xlconcat_v2_1_5_xlconcat is either unconnected or has no load
WARNING: [Synth 8-7129] Port In22[0] in module xlconcat_v2_1_5_xlconcat is either unconnected or has no load
WARNING: [Synth 8-7129] Port In23[0] in module xlconcat_v2_1_5_xlconcat is either unconnected or has no load
WARNING: [Synth 8-7129] Port In24[0] in module xlconcat_v2_1_5_xlconcat is either unconnected or has no load
WARNING: [Synth 8-7129] Port In25[0] in module xlconcat_v2_1_5_xlconcat is either unconnected or has no load
WARNING: [Synth 8-7129] Port In26[0] in module xlconcat_v2_1_5_xlconcat is either unconnected or has no load
WARNING: [Synth 8-7129] Port In27[0] in module xlconcat_v2_1_5_xlconcat is either unconnected or has no load
WARNING: [Synth 8-7129] Port In28[0] in module xlconcat_v2_1_5_xlconcat is either unconnected or has no load
WARNING: [Synth 8-7129] Port In29[0] in module xlconcat_v2_1_5_xlconcat is either unconnected or has no load
WARNING: [Synth 8-7129] Port In30[0] in module xlconcat_v2_1_5_xlconcat is either unconnected or has no load
WARNING: [Synth 8-7129] Port In31[0] in module xlconcat_v2_1_5_xlconcat is either unconnected or has no load
WARNING: [Synth 8-7129] Port In32[0] in module xlconcat_v2_1_5_xlconcat is either unconnected or has no load
WARNING: [Synth 8-7129] Port In33[0] in module xlconcat_v2_1_5_xlconcat is either unconnected or has no load
WARNING: [Synth 8-7129] Port In34[0] in module xlconcat_v2_1_5_xlconcat is either unconnected or has no load
WARNING: [Synth 8-7129] Port In35[0] in module xlconcat_v2_1_5_xlconcat is either unconnected or has no load
WARNING: [Synth 8-7129] Port In36[0] in module xlconcat_v2_1_5_xlconcat is either unconnected or has no load
WARNING: [Synth 8-7129] Port In37[0] in module xlconcat_v2_1_5_xlconcat is either unconnected or has no load
WARNING: [Synth 8-7129] Port In38[0] in module xlconcat_v2_1_5_xlconcat is either unconnected or has no load
WARNING: [Synth 8-7129] Port In39[0] in module xlconcat_v2_1_5_xlconcat is either unconnected or has no load
WARNING: [Synth 8-7129] Port In40[0] in module xlconcat_v2_1_5_xlconcat is either unconnected or has no load
WARNING: [Synth 8-7129] Port In41[0] in module xlconcat_v2_1_5_xlconcat is either unconnected or has no load
WARNING: [Synth 8-7129] Port In42[0] in module xlconcat_v2_1_5_xlconcat is either unconnected or has no load
WARNING: [Synth 8-7129] Port In43[0] in module xlconcat_v2_1_5_xlconcat is either unconnected or has no load
WARNING: [Synth 8-7129] Port In44[0] in module xlconcat_v2_1_5_xlconcat is either unconnected or has no load
WARNING: [Synth 8-7129] Port In45[0] in module xlconcat_v2_1_5_xlconcat is either unconnected or has no load
WARNING: [Synth 8-7129] Port In46[0] in module xlconcat_v2_1_5_xlconcat is either unconnected or has no load
WARNING: [Synth 8-7129] Port In47[0] in module xlconcat_v2_1_5_xlconcat is either unconnected or has no load
WARNING: [Synth 8-7129] Port In48[0] in module xlconcat_v2_1_5_xlconcat is either unconnected or has no load
WARNING: [Synth 8-7129] Port In49[0] in module xlconcat_v2_1_5_xlconcat is either unconnected or has no load
WARNING: [Synth 8-7129] Port In50[0] in module xlconcat_v2_1_5_xlconcat is either unconnected or has no load
WARNING: [Synth 8-7129] Port In51[0] in module xlconcat_v2_1_5_xlconcat is either unconnected or has no load
WARNING: [Synth 8-7129] Port In52[0] in module xlconcat_v2_1_5_xlconcat is either unconnected or has no load
WARNING: [Synth 8-7129] Port In53[0] in module xlconcat_v2_1_5_xlconcat is either unconnected or has no load
WARNING: [Synth 8-7129] Port In54[0] in module xlconcat_v2_1_5_xlconcat is either unconnected or has no load
WARNING: [Synth 8-7129] Port In55[0] in module xlconcat_v2_1_5_xlconcat is either unconnected or has no load
WARNING: [Synth 8-7129] Port In56[0] in module xlconcat_v2_1_5_xlconcat is either unconnected or has no load
WARNING: [Synth 8-7129] Port In57[0] in module xlconcat_v2_1_5_xlconcat is either unconnected or has no load
WARNING: [Synth 8-7129] Port In58[0] in module xlconcat_v2_1_5_xlconcat is either unconnected or has no load
WARNING: [Synth 8-7129] Port In59[0] in module xlconcat_v2_1_5_xlconcat is either unconnected or has no load
WARNING: [Synth 8-7129] Port In60[0] in module xlconcat_v2_1_5_xlconcat is either unconnected or has no load
WARNING: [Synth 8-7129] Port In61[0] in module xlconcat_v2_1_5_xlconcat is either unconnected or has no load
WARNING: [Synth 8-7129] Port In62[0] in module xlconcat_v2_1_5_xlconcat is either unconnected or has no load
WARNING: [Synth 8-7129] Port In63[0] in module xlconcat_v2_1_5_xlconcat is either unconnected or has no load
WARNING: [Synth 8-7129] Port In64[0] in module xlconcat_v2_1_5_xlconcat is either unconnected or has no load
WARNING: [Synth 8-7129] Port In65[0] in module xlconcat_v2_1_5_xlconcat is either unconnected or has no load
WARNING: [Synth 8-7129] Port In66[0] in module xlconcat_v2_1_5_xlconcat is either unconnected or has no load
WARNING: [Synth 8-7129] Port In67[0] in module xlconcat_v2_1_5_xlconcat is either unconnected or has no load
WARNING: [Synth 8-7129] Port In68[0] in module xlconcat_v2_1_5_xlconcat is either unconnected or has no load
WARNING: [Synth 8-7129] Port In69[0] in module xlconcat_v2_1_5_xlconcat is either unconnected or has no load
WARNING: [Synth 8-7129] Port In70[0] in module xlconcat_v2_1_5_xlconcat is either unconnected or has no load
WARNING: [Synth 8-7129] Port In71[0] in module xlconcat_v2_1_5_xlconcat is either unconnected or has no load
WARNING: [Synth 8-7129] Port In72[0] in module xlconcat_v2_1_5_xlconcat is either unconnected or has no load
WARNING: [Synth 8-7129] Port In73[0] in module xlconcat_v2_1_5_xlconcat is either unconnected or has no load
WARNING: [Synth 8-7129] Port In74[0] in module xlconcat_v2_1_5_xlconcat is either unconnected or has no load
WARNING: [Synth 8-7129] Port In75[0] in module xlconcat_v2_1_5_xlconcat is either unconnected or has no load
WARNING: [Synth 8-7129] Port In76[0] in module xlconcat_v2_1_5_xlconcat is either unconnected or has no load
WARNING: [Synth 8-7129] Port In77[0] in module xlconcat_v2_1_5_xlconcat is either unconnected or has no load
WARNING: [Synth 8-7129] Port In78[0] in module xlconcat_v2_1_5_xlconcat is either unconnected or has no load
WARNING: [Synth 8-7129] Port In79[0] in module xlconcat_v2_1_5_xlconcat is either unconnected or has no load
WARNING: [Synth 8-7129] Port In80[0] in module xlconcat_v2_1_5_xlconcat is either unconnected or has no load
WARNING: [Synth 8-7129] Port In81[0] in module xlconcat_v2_1_5_xlconcat is either unconnected or has no load
WARNING: [Synth 8-7129] Port In82[0] in module xlconcat_v2_1_5_xlconcat is either unconnected or has no load
WARNING: [Synth 8-7129] Port In83[0] in module xlconcat_v2_1_5_xlconcat is either unconnected or has no load
WARNING: [Synth 8-7129] Port In84[0] in module xlconcat_v2_1_5_xlconcat is either unconnected or has no load
WARNING: [Synth 8-7129] Port In85[0] in module xlconcat_v2_1_5_xlconcat is either unconnected or has no load
WARNING: [Synth 8-7129] Port In86[0] in module xlconcat_v2_1_5_xlconcat is either unconnected or has no load
WARNING: [Synth 8-7129] Port In87[0] in module xlconcat_v2_1_5_xlconcat is either unconnected or has no load
WARNING: [Synth 8-7129] Port In88[0] in module xlconcat_v2_1_5_xlconcat is either unconnected or has no load
WARNING: [Synth 8-7129] Port In89[0] in module xlconcat_v2_1_5_xlconcat is either unconnected or has no load
WARNING: [Synth 8-7129] Port In90[0] in module xlconcat_v2_1_5_xlconcat is either unconnected or has no load
WARNING: [Synth 8-7129] Port In91[0] in module xlconcat_v2_1_5_xlconcat is either unconnected or has no load
WARNING: [Synth 8-7129] Port In92[0] in module xlconcat_v2_1_5_xlconcat is either unconnected or has no load
WARNING: [Synth 8-7129] Port In93[0] in module xlconcat_v2_1_5_xlconcat is either unconnected or has no load
WARNING: [Synth 8-7129] Port In94[0] in module xlconcat_v2_1_5_xlconcat is either unconnected or has no load
WARNING: [Synth 8-7129] Port In95[0] in module xlconcat_v2_1_5_xlconcat is either unconnected or has no load
WARNING: [Synth 8-7129] Port In96[0] in module xlconcat_v2_1_5_xlconcat is either unconnected or has no load
WARNING: [Synth 8-7129] Port In97[0] in module xlconcat_v2_1_5_xlconcat is either unconnected or has no load
WARNING: [Synth 8-7129] Port In98[0] in module xlconcat_v2_1_5_xlconcat is either unconnected or has no load
WARNING: [Synth 8-7129] Port In99[0] in module xlconcat_v2_1_5_xlconcat is either unconnected or has no load
WARNING: [Synth 8-7129] Port In100[0] in module xlconcat_v2_1_5_xlconcat is either unconnected or has no load
WARNING: [Synth 8-7129] Port In101[0] in module xlconcat_v2_1_5_xlconcat is either unconnected or has no load
WARNING: [Synth 8-7129] Port In102[0] in module xlconcat_v2_1_5_xlconcat is either unconnected or has no load
WARNING: [Synth 8-7129] Port In103[0] in module xlconcat_v2_1_5_xlconcat is either unconnected or has no load
WARNING: [Synth 8-7129] Port In104[0] in module xlconcat_v2_1_5_xlconcat is either unconnected or has no load
WARNING: [Synth 8-7129] Port In105[0] in module xlconcat_v2_1_5_xlconcat is either unconnected or has no load
WARNING: [Synth 8-7129] Port In106[0] in module xlconcat_v2_1_5_xlconcat is either unconnected or has no load
WARNING: [Synth 8-7129] Port In107[0] in module xlconcat_v2_1_5_xlconcat is either unconnected or has no load
WARNING: [Synth 8-7129] Port In108[0] in module xlconcat_v2_1_5_xlconcat is either unconnected or has no load
WARNING: [Synth 8-7129] Port In109[0] in module xlconcat_v2_1_5_xlconcat is either unconnected or has no load
WARNING: [Synth 8-7129] Port In110[0] in module xlconcat_v2_1_5_xlconcat is either unconnected or has no load
WARNING: [Synth 8-7129] Port In111[0] in module xlconcat_v2_1_5_xlconcat is either unconnected or has no load
WARNING: [Synth 8-7129] Port In112[0] in module xlconcat_v2_1_5_xlconcat is either unconnected or has no load
WARNING: [Synth 8-7129] Port In113[0] in module xlconcat_v2_1_5_xlconcat is either unconnected or has no load
WARNING: [Synth 8-7129] Port In114[0] in module xlconcat_v2_1_5_xlconcat is either unconnected or has no load
WARNING: [Synth 8-7129] Port In115[0] in module xlconcat_v2_1_5_xlconcat is either unconnected or has no load
WARNING: [Synth 8-7129] Port In116[0] in module xlconcat_v2_1_5_xlconcat is either unconnected or has no load
WARNING: [Synth 8-7129] Port In117[0] in module xlconcat_v2_1_5_xlconcat is either unconnected or has no load
WARNING: [Synth 8-7129] Port In118[0] in module xlconcat_v2_1_5_xlconcat is either unconnected or has no load
WARNING: [Synth 8-7129] Port In119[0] in module xlconcat_v2_1_5_xlconcat is either unconnected or has no load
WARNING: [Synth 8-7129] Port In120[0] in module xlconcat_v2_1_5_xlconcat is either unconnected or has no load
WARNING: [Synth 8-7129] Port In121[0] in module xlconcat_v2_1_5_xlconcat is either unconnected or has no load
WARNING: [Synth 8-7129] Port In122[0] in module xlconcat_v2_1_5_xlconcat is either unconnected or has no load
WARNING: [Synth 8-7129] Port In123[0] in module xlconcat_v2_1_5_xlconcat is either unconnected or has no load
WARNING: [Synth 8-7129] Port In124[0] in module xlconcat_v2_1_5_xlconcat is either unconnected or has no load
WARNING: [Synth 8-7129] Port In125[0] in module xlconcat_v2_1_5_xlconcat is either unconnected or has no load
WARNING: [Synth 8-7129] Port In126[0] in module xlconcat_v2_1_5_xlconcat is either unconnected or has no load
WARNING: [Synth 8-7129] Port In127[0] in module xlconcat_v2_1_5_xlconcat is either unconnected or has no load
WARNING: [Synth 8-7129] Port Din[31] in module xlslice_v1_0_3_xlslice__parameterized2 is either unconnected or has no load
WARNING: [Synth 8-7129] Port Din[30] in module xlslice_v1_0_3_xlslice__parameterized2 is either unconnected or has no load
WARNING: [Synth 8-7129] Port Din[29] in module xlslice_v1_0_3_xlslice__parameterized2 is either unconnected or has no load
WARNING: [Synth 8-7129] Port Din[28] in module xlslice_v1_0_3_xlslice__parameterized2 is either unconnected or has no load
WARNING: [Synth 8-7129] Port Din[27] in module xlslice_v1_0_3_xlslice__parameterized2 is either unconnected or has no load
WARNING: [Synth 8-7129] Port Din[26] in module xlslice_v1_0_3_xlslice__parameterized2 is either unconnected or has no load
WARNING: [Synth 8-7129] Port Din[25] in module xlslice_v1_0_3_xlslice__parameterized2 is either unconnected or has no load
WARNING: [Synth 8-7129] Port Din[24] in module xlslice_v1_0_3_xlslice__parameterized2 is either unconnected or has no load
WARNING: [Synth 8-7129] Port Din[23] in module xlslice_v1_0_3_xlslice__parameterized2 is either unconnected or has no load
WARNING: [Synth 8-7129] Port Din[22] in module xlslice_v1_0_3_xlslice__parameterized2 is either unconnected or has no load
WARNING: [Synth 8-7129] Port Din[21] in module xlslice_v1_0_3_xlslice__parameterized2 is either unconnected or has no load
WARNING: [Synth 8-7129] Port Din[20] in module xlslice_v1_0_3_xlslice__parameterized2 is either unconnected or has no load
WARNING: [Synth 8-7129] Port Din[19] in module xlslice_v1_0_3_xlslice__parameterized2 is either unconnected or has no load
WARNING: [Synth 8-7129] Port Din[18] in module xlslice_v1_0_3_xlslice__parameterized2 is either unconnected or has no load
WARNING: [Synth 8-7129] Port Din[17] in module xlslice_v1_0_3_xlslice__parameterized2 is either unconnected or has no load
WARNING: [Synth 8-7129] Port Din[16] in module xlslice_v1_0_3_xlslice__parameterized2 is either unconnected or has no load
WARNING: [Synth 8-7129] Port Din[15] in module xlslice_v1_0_3_xlslice__parameterized2 is either unconnected or has no load
WARNING: [Synth 8-7129] Port Din[14] in module xlslice_v1_0_3_xlslice__parameterized2 is either unconnected or has no load
WARNING: [Synth 8-7129] Port Din[13] in module xlslice_v1_0_3_xlslice__parameterized2 is either unconnected or has no load
WARNING: [Synth 8-7129] Port Din[12] in module xlslice_v1_0_3_xlslice__parameterized2 is either unconnected or has no load
WARNING: [Synth 8-7129] Port Din[11] in module xlslice_v1_0_3_xlslice__parameterized2 is either unconnected or has no load
WARNING: [Synth 8-7129] Port Din[10] in module xlslice_v1_0_3_xlslice__parameterized2 is either unconnected or has no load
WARNING: [Synth 8-7129] Port Din[9] in module xlslice_v1_0_3_xlslice__parameterized2 is either unconnected or has no load
WARNING: [Synth 8-7129] Port Din[8] in module xlslice_v1_0_3_xlslice__parameterized2 is either unconnected or has no load
WARNING: [Synth 8-7129] Port Din[7] in module xlslice_v1_0_3_xlslice__parameterized2 is either unconnected or has no load
WARNING: [Synth 8-7129] Port Din[6] in module xlslice_v1_0_3_xlslice__parameterized2 is either unconnected or has no load
WARNING: [Synth 8-7129] Port Din[5] in module xlslice_v1_0_3_xlslice__parameterized2 is either unconnected or has no load
WARNING: [Synth 8-7129] Port Din[4] in module xlslice_v1_0_3_xlslice__parameterized2 is either unconnected or has no load
WARNING: [Synth 8-7129] Port Din[3] in module xlslice_v1_0_3_xlslice__parameterized2 is either unconnected or has no load
WARNING: [Synth 8-7129] Port Din[2] in module xlslice_v1_0_3_xlslice__parameterized2 is either unconnected or has no load
WARNING: [Synth 8-7129] Port Din[1] in module xlslice_v1_0_3_xlslice__parameterized2 is either unconnected or has no load
WARNING: [Synth 8-7129] Port Din[1] in module xlslice_v1_0_3_xlslice__parameterized1 is either unconnected or has no load
WARNING: [Synth 8-7129] Port Din[0] in module xlslice_v1_0_3_xlslice__parameterized1 is either unconnected or has no load
WARNING: [Synth 8-7129] Port Din[2] in module xlslice_v1_0_3_xlslice__parameterized0 is either unconnected or has no load
WARNING: [Synth 8-7129] Port Din[0] in module xlslice_v1_0_3_xlslice__parameterized0 is either unconnected or has no load
WARNING: [Synth 8-7129] Port Din[2] in module xlslice_v1_0_3_xlslice is either unconnected or has no load
WARNING: [Synth 8-7129] Port Din[1] in module xlslice_v1_0_3_xlslice is either unconnected or has no load
WARNING: [Synth 8-7129] Port s_axi_araddr[31] in module axi_tdd_0_imp_PE8F36 is either unconnected or has no load
WARNING: [Synth 8-7129] Port s_axi_araddr[30] in module axi_tdd_0_imp_PE8F36 is either unconnected or has no load
WARNING: [Synth 8-7129] Port s_axi_araddr[29] in module axi_tdd_0_imp_PE8F36 is either unconnected or has no load
WARNING: [Synth 8-7129] Port s_axi_araddr[28] in module axi_tdd_0_imp_PE8F36 is either unconnected or has no load
WARNING: [Synth 8-7129] Port s_axi_araddr[27] in module axi_tdd_0_imp_PE8F36 is either unconnected or has no load
WARNING: [Synth 8-7129] Port s_axi_araddr[26] in module axi_tdd_0_imp_PE8F36 is either unconnected or has no load
WARNING: [Synth 8-7129] Port s_axi_araddr[25] in module axi_tdd_0_imp_PE8F36 is either unconnected or has no load
WARNING: [Synth 8-7129] Port s_axi_araddr[24] in module axi_tdd_0_imp_PE8F36 is either unconnected or has no load
WARNING: [Synth 8-7129] Port s_axi_araddr[23] in module axi_tdd_0_imp_PE8F36 is either unconnected or has no load
WARNING: [Synth 8-7129] Port s_axi_araddr[22] in module axi_tdd_0_imp_PE8F36 is either unconnected or has no load
WARNING: [Synth 8-7129] Port s_axi_araddr[21] in module axi_tdd_0_imp_PE8F36 is either unconnected or has no load
WARNING: [Synth 8-7129] Port s_axi_araddr[20] in module axi_tdd_0_imp_PE8F36 is either unconnected or has no load
WARNING: [Synth 8-7129] Port s_axi_araddr[19] in module axi_tdd_0_imp_PE8F36 is either unconnected or has no load
WARNING: [Synth 8-7129] Port s_axi_araddr[18] in module axi_tdd_0_imp_PE8F36 is either unconnected or has no load
WARNING: [Synth 8-7129] Port s_axi_araddr[17] in module axi_tdd_0_imp_PE8F36 is either unconnected or has no load
WARNING: [Synth 8-7129] Port s_axi_araddr[16] in module axi_tdd_0_imp_PE8F36 is either unconnected or has no load
WARNING: [Synth 8-7129] Port s_axi_araddr[15] in module axi_tdd_0_imp_PE8F36 is either unconnected or has no load
WARNING: [Synth 8-7129] Port s_axi_araddr[14] in module axi_tdd_0_imp_PE8F36 is either unconnected or has no load
WARNING: [Synth 8-7129] Port s_axi_araddr[13] in module axi_tdd_0_imp_PE8F36 is either unconnected or has no load
WARNING: [Synth 8-7129] Port s_axi_araddr[12] in module axi_tdd_0_imp_PE8F36 is either unconnected or has no load
WARNING: [Synth 8-7129] Port s_axi_araddr[11] in module axi_tdd_0_imp_PE8F36 is either unconnected or has no load
WARNING: [Synth 8-7129] Port s_axi_araddr[10] in module axi_tdd_0_imp_PE8F36 is either unconnected or has no load
WARNING: [Synth 8-7129] Port s_axi_awaddr[31] in module axi_tdd_0_imp_PE8F36 is either unconnected or has no load
WARNING: [Synth 8-7129] Port s_axi_awaddr[30] in module axi_tdd_0_imp_PE8F36 is either unconnected or has no load
WARNING: [Synth 8-7129] Port s_axi_awaddr[29] in module axi_tdd_0_imp_PE8F36 is either unconnected or has no load
WARNING: [Synth 8-7129] Port s_axi_awaddr[28] in module axi_tdd_0_imp_PE8F36 is either unconnected or has no load
WARNING: [Synth 8-7129] Port s_axi_awaddr[27] in module axi_tdd_0_imp_PE8F36 is either unconnected or has no load
WARNING: [Synth 8-7129] Port s_axi_awaddr[26] in module axi_tdd_0_imp_PE8F36 is either unconnected or has no load
WARNING: [Synth 8-7129] Port s_axi_awaddr[25] in module axi_tdd_0_imp_PE8F36 is either unconnected or has no load
WARNING: [Synth 8-7129] Port s_axi_awaddr[24] in module axi_tdd_0_imp_PE8F36 is either unconnected or has no load
WARNING: [Synth 8-7129] Port s_axi_awaddr[23] in module axi_tdd_0_imp_PE8F36 is either unconnected or has no load
WARNING: [Synth 8-7129] Port s_axi_awaddr[22] in module axi_tdd_0_imp_PE8F36 is either unconnected or has no load
WARNING: [Synth 8-7129] Port s_axi_awaddr[21] in module axi_tdd_0_imp_PE8F36 is either unconnected or has no load
WARNING: [Synth 8-7129] Port s_axi_awaddr[20] in module axi_tdd_0_imp_PE8F36 is either unconnected or has no load
WARNING: [Synth 8-7129] Port s_axi_awaddr[19] in module axi_tdd_0_imp_PE8F36 is either unconnected or has no load
WARNING: [Synth 8-7129] Port s_axi_awaddr[18] in module axi_tdd_0_imp_PE8F36 is either unconnected or has no load
WARNING: [Synth 8-7129] Port s_axi_awaddr[17] in module axi_tdd_0_imp_PE8F36 is either unconnected or has no load
WARNING: [Synth 8-7129] Port s_axi_awaddr[16] in module axi_tdd_0_imp_PE8F36 is either unconnected or has no load
WARNING: [Synth 8-7129] Port s_axi_awaddr[15] in module axi_tdd_0_imp_PE8F36 is either unconnected or has no load
WARNING: [Synth 8-7129] Port s_axi_awaddr[14] in module axi_tdd_0_imp_PE8F36 is either unconnected or has no load
WARNING: [Synth 8-7129] Port s_axi_awaddr[13] in module axi_tdd_0_imp_PE8F36 is either unconnected or has no load
WARNING: [Synth 8-7129] Port s_axi_awaddr[12] in module axi_tdd_0_imp_PE8F36 is either unconnected or has no load
WARNING: [Synth 8-7129] Port s_axi_awaddr[11] in module axi_tdd_0_imp_PE8F36 is either unconnected or has no load
WARNING: [Synth 8-7129] Port s_axi_awaddr[10] in module axi_tdd_0_imp_PE8F36 is either unconnected or has no load
WARNING: [Synth 8-7129] Port M_ACLK in module s00_couplers_imp_1HZ6LU5 is either unconnected or has no load
WARNING: [Synth 8-7129] Port M_ARESETN in module s00_couplers_imp_1HZ6LU5 is either unconnected or has no load
WARNING: [Synth 8-7129] Port M_ACLK in module m04_couplers_imp_97RDP7 is either unconnected or has no load
WARNING: [Synth 8-7129] Port M_ARESETN in module m04_couplers_imp_97RDP7 is either unconnected or has no load
WARNING: [Synth 8-7129] Port S_ACLK in module m04_couplers_imp_97RDP7 is either unconnected or has no load
WARNING: [Synth 8-7129] Port S_ARESETN in module m04_couplers_imp_97RDP7 is either unconnected or has no load
WARNING: [Synth 8-7129] Port M_ACLK in module m03_couplers_imp_1P9LVU6 is either unconnected or has no load
WARNING: [Synth 8-7129] Port M_ARESETN in module m03_couplers_imp_1P9LVU6 is either unconnected or has no load
WARNING: [Synth 8-7129] Port S_ACLK in module m03_couplers_imp_1P9LVU6 is either unconnected or has no load
WARNING: [Synth 8-7129] Port S_ARESETN in module m03_couplers_imp_1P9LVU6 is either unconnected or has no load
WARNING: [Synth 8-7129] Port M_ACLK in module m02_couplers_imp_VT9CLB is either unconnected or has no load
WARNING: [Synth 8-7129] Port M_ARESETN in module m02_couplers_imp_VT9CLB is either unconnected or has no load
WARNING: [Synth 8-7129] Port S_ACLK in module m02_couplers_imp_VT9CLB is either unconnected or has no load
WARNING: [Synth 8-7129] Port S_ARESETN in module m02_couplers_imp_VT9CLB is either unconnected or has no load
WARNING: [Synth 8-7129] Port M_ACLK in module m01_couplers_imp_PDBLSD is either unconnected or has no load
WARNING: [Synth 8-7129] Port M_ARESETN in module m01_couplers_imp_PDBLSD is either unconnected or has no load
WARNING: [Synth 8-7129] Port S_ACLK in module m01_couplers_imp_PDBLSD is either unconnected or has no load
WARNING: [Synth 8-7129] Port S_ARESETN in module m01_couplers_imp_PDBLSD is either unconnected or has no load
WARNING: [Synth 8-7129] Port M_ACLK in module m00_couplers_imp_1VZJM3G is either unconnected or has no load
WARNING: [Synth 8-7129] Port M_ARESETN in module m00_couplers_imp_1VZJM3G is either unconnected or has no load
WARNING: [Synth 8-7129] Port S_ACLK in module m00_couplers_imp_1VZJM3G is either unconnected or has no load
WARNING: [Synth 8-7129] Port S_ARESETN in module m00_couplers_imp_1VZJM3G is either unconnected or has no load
WARNING: [Synth 8-7129] Port M00_ACLK in module system_axi_gp0_interconnect_0 is either unconnected or has no load
WARNING: [Synth 8-7129] Port M00_ARESETN in module system_axi_gp0_interconnect_0 is either unconnected or has no load
WARNING: [Synth 8-7129] Port M01_ACLK in module system_axi_gp0_interconnect_0 is either unconnected or has no load
WARNING: [Synth 8-7129] Port M01_ARESETN in module system_axi_gp0_interconnect_0 is either unconnected or has no load
WARNING: [Synth 8-7129] Port M02_ACLK in module system_axi_gp0_interconnect_0 is either unconnected or has no load
WARNING: [Synth 8-7129] Port M02_ARESETN in module system_axi_gp0_interconnect_0 is either unconnected or has no load
WARNING: [Synth 8-7129] Port M03_ACLK in module system_axi_gp0_interconnect_0 is either unconnected or has no load
WARNING: [Synth 8-7129] Port M03_ARESETN in module system_axi_gp0_interconnect_0 is either unconnected or has no load
WARNING: [Synth 8-7129] Port M04_ACLK in module system_axi_gp0_interconnect_0 is either unconnected or has no load
WARNING: [Synth 8-7129] Port M04_ARESETN in module system_axi_gp0_interconnect_0 is either unconnected or has no load
WARNING: [Synth 8-7129] Port S00_ACLK in module system_axi_gp0_interconnect_0 is either unconnected or has no load
WARNING: [Synth 8-7129] Port S00_ARESETN in module system_axi_gp0_interconnect_0 is either unconnected or has no load
---------------------------------------------------------------------------------
Finished RTL Elaboration : Time (s): cpu = 00:00:04 ; elapsed = 00:00:04 . Memory (MB): peak = 2180.824 ; gain = 497.652 ; free physical = 5154 ; free virtual = 9447
---------------------------------------------------------------------------------
---------------------------------------------------------------------------------
Start Handling Custom Attributes
---------------------------------------------------------------------------------
---------------------------------------------------------------------------------
Finished Handling Custom Attributes : Time (s): cpu = 00:00:04 ; elapsed = 00:00:04 . Memory (MB): peak = 2195.668 ; gain = 512.496 ; free physical = 5154 ; free virtual = 9447
---------------------------------------------------------------------------------
---------------------------------------------------------------------------------
Finished RTL Optimization Phase 1 : Time (s): cpu = 00:00:04 ; elapsed = 00:00:04 . Memory (MB): peak = 2195.668 ; gain = 512.496 ; free physical = 5154 ; free virtual = 9447
---------------------------------------------------------------------------------
Netlist sorting complete. Time (s): cpu = 00:00:00.02 ; elapsed = 00:00:00.01 . Memory (MB): peak = 2201.605 ; gain = 0.000 ; free physical = 5150 ; free virtual = 9443
INFO: [Netlist 29-17] Analyzing 1 Unisim elements for replacement
INFO: [Netlist 29-28] Unisim Transformation completed in 0 CPU seconds
INFO: [Project 1-570] Preparing netlist for logic optimization

Processing XDC Constraints
Initializing timing engine
Parsing XDC File [/home/dator2/Documents/clean_fw_folder/antsdr-fw-patch/plutosdr-fw/hdl/projects/e200/e200.gen/sources_1/bd/system/ip/system_sys_ps7_0/system_sys_ps7_0/system_sys_ps7_0_in_context.xdc] for cell 'i_system_wrapper/system_i/sys_ps7'
Finished Parsing XDC File [/home/dator2/Documents/clean_fw_folder/antsdr-fw-patch/plutosdr-fw/hdl/projects/e200/e200.gen/sources_1/bd/system/ip/system_sys_ps7_0/system_sys_ps7_0/system_sys_ps7_0_in_context.xdc] for cell 'i_system_wrapper/system_i/sys_ps7'
Parsing XDC File [/home/dator2/Documents/clean_fw_folder/antsdr-fw-patch/plutosdr-fw/hdl/projects/e200/e200.gen/sources_1/bd/system/ip/system_sys_rstgen_0/system_sys_rstgen_0/system_sys_rstgen_0_in_context.xdc] for cell 'i_system_wrapper/system_i/sys_rstgen'
Finished Parsing XDC File [/home/dator2/Documents/clean_fw_folder/antsdr-fw-patch/plutosdr-fw/hdl/projects/e200/e200.gen/sources_1/bd/system/ip/system_sys_rstgen_0/system_sys_rstgen_0/system_sys_rstgen_0_in_context.xdc] for cell 'i_system_wrapper/system_i/sys_rstgen'
Parsing XDC File [/home/dator2/Documents/clean_fw_folder/antsdr-fw-patch/plutosdr-fw/hdl/projects/e200/e200.gen/sources_1/bd/system/ip/system_sys_rgmii_0/system_sys_rgmii_0/system_sys_rgmii_0_in_context.xdc] for cell 'i_system_wrapper/system_i/sys_rgmii'
Finished Parsing XDC File [/home/dator2/Documents/clean_fw_folder/antsdr-fw-patch/plutosdr-fw/hdl/projects/e200/e200.gen/sources_1/bd/system/ip/system_sys_rgmii_0/system_sys_rgmii_0/system_sys_rgmii_0_in_context.xdc] for cell 'i_system_wrapper/system_i/sys_rgmii'
Parsing XDC File [/home/dator2/Documents/clean_fw_folder/antsdr-fw-patch/plutosdr-fw/hdl/projects/e200/e200.gen/sources_1/bd/system/ip/system_axi_vcxo_ctrl_0/system_axi_vcxo_ctrl_0/system_axi_vcxo_ctrl_0_in_context.xdc] for cell 'i_system_wrapper/system_i/axi_vcxo_ctrl'
Finished Parsing XDC File [/home/dator2/Documents/clean_fw_folder/antsdr-fw-patch/plutosdr-fw/hdl/projects/e200/e200.gen/sources_1/bd/system/ip/system_axi_vcxo_ctrl_0/system_axi_vcxo_ctrl_0/system_axi_vcxo_ctrl_0_in_context.xdc] for cell 'i_system_wrapper/system_i/axi_vcxo_ctrl'
Parsing XDC File [/home/dator2/Documents/clean_fw_folder/antsdr-fw-patch/plutosdr-fw/hdl/projects/e200/e200.gen/sources_1/bd/system/ip/system_axi_ad9361_0/system_axi_ad9361_0/system_axi_ad9361_0_in_context.xdc] for cell 'i_system_wrapper/system_i/axi_ad9361'
Finished Parsing XDC File [/home/dator2/Documents/clean_fw_folder/antsdr-fw-patch/plutosdr-fw/hdl/projects/e200/e200.gen/sources_1/bd/system/ip/system_axi_ad9361_0/system_axi_ad9361_0/system_axi_ad9361_0_in_context.xdc] for cell 'i_system_wrapper/system_i/axi_ad9361'
Parsing XDC File [/home/dator2/Documents/clean_fw_folder/antsdr-fw-patch/plutosdr-fw/hdl/projects/e200/e200.gen/sources_1/bd/system/ip/system_axi_ad9361_dac_dma_0/system_axi_ad9361_dac_dma_0/system_axi_ad9361_dac_dma_0_in_context.xdc] for cell 'i_system_wrapper/system_i/axi_ad9361_dac_dma'
Finished Parsing XDC File [/home/dator2/Documents/clean_fw_folder/antsdr-fw-patch/plutosdr-fw/hdl/projects/e200/e200.gen/sources_1/bd/system/ip/system_axi_ad9361_dac_dma_0/system_axi_ad9361_dac_dma_0/system_axi_ad9361_dac_dma_0_in_context.xdc] for cell 'i_system_wrapper/system_i/axi_ad9361_dac_dma'
Parsing XDC File [/home/dator2/Documents/clean_fw_folder/antsdr-fw-patch/plutosdr-fw/hdl/projects/e200/e200.gen/sources_1/bd/system/ip/system_cdc_sync_active_0/system_cdc_sync_active_0/system_cdc_sync_active_0_in_context.xdc] for cell 'i_system_wrapper/system_i/tx_fir_interpolator/cdc_sync_active'
Finished Parsing XDC File [/home/dator2/Documents/clean_fw_folder/antsdr-fw-patch/plutosdr-fw/hdl/projects/e200/e200.gen/sources_1/bd/system/ip/system_cdc_sync_active_0/system_cdc_sync_active_0/system_cdc_sync_active_0_in_context.xdc] for cell 'i_system_wrapper/system_i/tx_fir_interpolator/cdc_sync_active'
Parsing XDC File [/home/dator2/Documents/clean_fw_folder/antsdr-fw-patch/plutosdr-fw/hdl/projects/e200/e200.gen/sources_1/bd/system/ip/system_rate_gen_0/system_rate_gen_0/system_rate_gen_0_in_context.xdc] for cell 'i_system_wrapper/system_i/tx_fir_interpolator/rate_gen'
Finished Parsing XDC File [/home/dator2/Documents/clean_fw_folder/antsdr-fw-patch/plutosdr-fw/hdl/projects/e200/e200.gen/sources_1/bd/system/ip/system_rate_gen_0/system_rate_gen_0/system_rate_gen_0_in_context.xdc] for cell 'i_system_wrapper/system_i/tx_fir_interpolator/rate_gen'
Parsing XDC File [/home/dator2/Documents/clean_fw_folder/antsdr-fw-patch/plutosdr-fw/hdl/projects/e200/e200.gen/sources_1/bd/system/ip/system_fir_interpolation_0_0/system_fir_interpolation_0_0/system_fir_interpolation_0_0_in_context.xdc] for cell 'i_system_wrapper/system_i/tx_fir_interpolator/fir_interpolation_0'
Finished Parsing XDC File [/home/dator2/Documents/clean_fw_folder/antsdr-fw-patch/plutosdr-fw/hdl/projects/e200/e200.gen/sources_1/bd/system/ip/system_fir_interpolation_0_0/system_fir_interpolation_0_0/system_fir_interpolation_0_0_in_context.xdc] for cell 'i_system_wrapper/system_i/tx_fir_interpolator/fir_interpolation_0'
Parsing XDC File [/home/dator2/Documents/clean_fw_folder/antsdr-fw-patch/plutosdr-fw/hdl/projects/e200/e200.gen/sources_1/bd/system/ip/system_logic_and_0_0/system_logic_and_0_0/system_logic_and_0_0_in_context.xdc] for cell 'i_system_wrapper/system_i/tx_fir_interpolator/logic_and_0'
Finished Parsing XDC File [/home/dator2/Documents/clean_fw_folder/antsdr-fw-patch/plutosdr-fw/hdl/projects/e200/e200.gen/sources_1/bd/system/ip/system_logic_and_0_0/system_logic_and_0_0/system_logic_and_0_0_in_context.xdc] for cell 'i_system_wrapper/system_i/tx_fir_interpolator/logic_and_0'
Parsing XDC File [/home/dator2/Documents/clean_fw_folder/antsdr-fw-patch/plutosdr-fw/hdl/projects/e200/e200.gen/sources_1/bd/system/ip/system_out_mux_0_0/system_out_mux_0_0/system_out_mux_0_0_in_context.xdc] for cell 'i_system_wrapper/system_i/tx_fir_interpolator/out_mux_0'
Finished Parsing XDC File [/home/dator2/Documents/clean_fw_folder/antsdr-fw-patch/plutosdr-fw/hdl/projects/e200/e200.gen/sources_1/bd/system/ip/system_out_mux_0_0/system_out_mux_0_0/system_out_mux_0_0_in_context.xdc] for cell 'i_system_wrapper/system_i/tx_fir_interpolator/out_mux_0'
Parsing XDC File [/home/dator2/Documents/clean_fw_folder/antsdr-fw-patch/plutosdr-fw/hdl/projects/e200/e200.gen/sources_1/bd/system/ip/system_fir_interpolation_1_0/system_fir_interpolation_1_0/system_fir_interpolation_0_0_in_context.xdc] for cell 'i_system_wrapper/system_i/tx_fir_interpolator/fir_interpolation_1'
Finished Parsing XDC File [/home/dator2/Documents/clean_fw_folder/antsdr-fw-patch/plutosdr-fw/hdl/projects/e200/e200.gen/sources_1/bd/system/ip/system_fir_interpolation_1_0/system_fir_interpolation_1_0/system_fir_interpolation_0_0_in_context.xdc] for cell 'i_system_wrapper/system_i/tx_fir_interpolator/fir_interpolation_1'
Parsing XDC File [/home/dator2/Documents/clean_fw_folder/antsdr-fw-patch/plutosdr-fw/hdl/projects/e200/e200.gen/sources_1/bd/system/ip/system_logic_and_1_0/system_logic_and_1_0/system_logic_and_0_0_in_context.xdc] for cell 'i_system_wrapper/system_i/tx_fir_interpolator/logic_and_1'
Finished Parsing XDC File [/home/dator2/Documents/clean_fw_folder/antsdr-fw-patch/plutosdr-fw/hdl/projects/e200/e200.gen/sources_1/bd/system/ip/system_logic_and_1_0/system_logic_and_1_0/system_logic_and_0_0_in_context.xdc] for cell 'i_system_wrapper/system_i/tx_fir_interpolator/logic_and_1'
Parsing XDC File [/home/dator2/Documents/clean_fw_folder/antsdr-fw-patch/plutosdr-fw/hdl/projects/e200/e200.gen/sources_1/bd/system/ip/system_out_mux_1_0/system_out_mux_1_0/system_out_mux_0_0_in_context.xdc] for cell 'i_system_wrapper/system_i/tx_fir_interpolator/out_mux_1'
Finished Parsing XDC File [/home/dator2/Documents/clean_fw_folder/antsdr-fw-patch/plutosdr-fw/hdl/projects/e200/e200.gen/sources_1/bd/system/ip/system_out_mux_1_0/system_out_mux_1_0/system_out_mux_0_0_in_context.xdc] for cell 'i_system_wrapper/system_i/tx_fir_interpolator/out_mux_1'
Parsing XDC File [/home/dator2/Documents/clean_fw_folder/antsdr-fw-patch/plutosdr-fw/hdl/projects/e200/e200.gen/sources_1/bd/system/ip/system_tx_upack_0/system_tx_upack_0/system_tx_upack_0_in_context.xdc] for cell 'i_system_wrapper/system_i/tx_upack'
Finished Parsing XDC File [/home/dator2/Documents/clean_fw_folder/antsdr-fw-patch/plutosdr-fw/hdl/projects/e200/e200.gen/sources_1/bd/system/ip/system_tx_upack_0/system_tx_upack_0/system_tx_upack_0_in_context.xdc] for cell 'i_system_wrapper/system_i/tx_upack'
Parsing XDC File [/home/dator2/Documents/clean_fw_folder/antsdr-fw-patch/plutosdr-fw/hdl/projects/e200/e200.gen/sources_1/bd/system/ip/system_axi_ad9361_adc_dma_0/system_axi_ad9361_adc_dma_0/system_axi_ad9361_adc_dma_0_in_context.xdc] for cell 'i_system_wrapper/system_i/axi_ad9361_adc_dma'
Finished Parsing XDC File [/home/dator2/Documents/clean_fw_folder/antsdr-fw-patch/plutosdr-fw/hdl/projects/e200/e200.gen/sources_1/bd/system/ip/system_axi_ad9361_adc_dma_0/system_axi_ad9361_adc_dma_0/system_axi_ad9361_adc_dma_0_in_context.xdc] for cell 'i_system_wrapper/system_i/axi_ad9361_adc_dma'
Parsing XDC File [/home/dator2/Documents/clean_fw_folder/antsdr-fw-patch/plutosdr-fw/hdl/projects/e200/e200.gen/sources_1/bd/system/ip/system_cdc_sync_active_1/system_cdc_sync_active_1/system_cdc_sync_active_0_in_context.xdc] for cell 'i_system_wrapper/system_i/rx_fir_decimator/cdc_sync_active'
Finished Parsing XDC File [/home/dator2/Documents/clean_fw_folder/antsdr-fw-patch/plutosdr-fw/hdl/projects/e200/e200.gen/sources_1/bd/system/ip/system_cdc_sync_active_1/system_cdc_sync_active_1/system_cdc_sync_active_0_in_context.xdc] for cell 'i_system_wrapper/system_i/rx_fir_decimator/cdc_sync_active'
Parsing XDC File [/home/dator2/Documents/clean_fw_folder/antsdr-fw-patch/plutosdr-fw/hdl/projects/e200/e200.gen/sources_1/bd/system/ip/system_fir_decimation_0_0/system_fir_decimation_0_0/system_fir_decimation_0_0_in_context.xdc] for cell 'i_system_wrapper/system_i/rx_fir_decimator/fir_decimation_0'
Finished Parsing XDC File [/home/dator2/Documents/clean_fw_folder/antsdr-fw-patch/plutosdr-fw/hdl/projects/e200/e200.gen/sources_1/bd/system/ip/system_fir_decimation_0_0/system_fir_decimation_0_0/system_fir_decimation_0_0_in_context.xdc] for cell 'i_system_wrapper/system_i/rx_fir_decimator/fir_decimation_0'
Parsing XDC File [/home/dator2/Documents/clean_fw_folder/antsdr-fw-patch/plutosdr-fw/hdl/projects/e200/e200.gen/sources_1/bd/system/ip/system_out_mux_0_1/system_out_mux_0_1/system_out_mux_0_0_in_context.xdc] for cell 'i_system_wrapper/system_i/rx_fir_decimator/out_mux_0'
Finished Parsing XDC File [/home/dator2/Documents/clean_fw_folder/antsdr-fw-patch/plutosdr-fw/hdl/projects/e200/e200.gen/sources_1/bd/system/ip/system_out_mux_0_1/system_out_mux_0_1/system_out_mux_0_0_in_context.xdc] for cell 'i_system_wrapper/system_i/rx_fir_decimator/out_mux_0'
Parsing XDC File [/home/dator2/Documents/clean_fw_folder/antsdr-fw-patch/plutosdr-fw/hdl/projects/e200/e200.gen/sources_1/bd/system/ip/system_fir_decimation_1_0/system_fir_decimation_1_0/system_fir_decimation_0_0_in_context.xdc] for cell 'i_system_wrapper/system_i/rx_fir_decimator/fir_decimation_1'
Finished Parsing XDC File [/home/dator2/Documents/clean_fw_folder/antsdr-fw-patch/plutosdr-fw/hdl/projects/e200/e200.gen/sources_1/bd/system/ip/system_fir_decimation_1_0/system_fir_decimation_1_0/system_fir_decimation_0_0_in_context.xdc] for cell 'i_system_wrapper/system_i/rx_fir_decimator/fir_decimation_1'
Parsing XDC File [/home/dator2/Documents/clean_fw_folder/antsdr-fw-patch/plutosdr-fw/hdl/projects/e200/e200.gen/sources_1/bd/system/ip/system_out_mux_1_1/system_out_mux_1_1/system_out_mux_0_0_in_context.xdc] for cell 'i_system_wrapper/system_i/rx_fir_decimator/out_mux_1'
Finished Parsing XDC File [/home/dator2/Documents/clean_fw_folder/antsdr-fw-patch/plutosdr-fw/hdl/projects/e200/e200.gen/sources_1/bd/system/ip/system_out_mux_1_1/system_out_mux_1_1/system_out_mux_0_0_in_context.xdc] for cell 'i_system_wrapper/system_i/rx_fir_decimator/out_mux_1'
Parsing XDC File [/home/dator2/Documents/clean_fw_folder/antsdr-fw-patch/plutosdr-fw/hdl/projects/e200/e200.gen/sources_1/bd/system/ip/system_cpack_0/system_cpack_0/system_cpack_0_in_context.xdc] for cell 'i_system_wrapper/system_i/cpack'
Finished Parsing XDC File [/home/dator2/Documents/clean_fw_folder/antsdr-fw-patch/plutosdr-fw/hdl/projects/e200/e200.gen/sources_1/bd/system/ip/system_cpack_0/system_cpack_0/system_cpack_0_in_context.xdc] for cell 'i_system_wrapper/system_i/cpack'
Parsing XDC File [/home/dator2/Documents/clean_fw_folder/antsdr-fw-patch/plutosdr-fw/hdl/projects/e200/e200.gen/sources_1/bd/system/ip/system_logic_or_0/system_logic_or_0/system_logic_or_0_in_context.xdc] for cell 'i_system_wrapper/system_i/logic_or'
Finished Parsing XDC File [/home/dator2/Documents/clean_fw_folder/antsdr-fw-patch/plutosdr-fw/hdl/projects/e200/e200.gen/sources_1/bd/system/ip/system_logic_or_0/system_logic_or_0/system_logic_or_0_in_context.xdc] for cell 'i_system_wrapper/system_i/logic_or'
Parsing XDC File [/home/dator2/Documents/clean_fw_folder/antsdr-fw-patch/plutosdr-fw/hdl/projects/e200/e200.gen/sources_1/bd/system/ip/system_tdd_core_0/system_tdd_core_0/system_tdd_core_0_in_context.xdc] for cell 'i_system_wrapper/system_i/axi_tdd_0/tdd_core'
Finished Parsing XDC File [/home/dator2/Documents/clean_fw_folder/antsdr-fw-patch/plutosdr-fw/hdl/projects/e200/e200.gen/sources_1/bd/system/ip/system_tdd_core_0/system_tdd_core_0/system_tdd_core_0_in_context.xdc] for cell 'i_system_wrapper/system_i/axi_tdd_0/tdd_core'
Parsing XDC File [/home/dator2/Documents/clean_fw_folder/antsdr-fw-patch/plutosdr-fw/hdl/projects/e200/e200.gen/sources_1/bd/system/ip/system_logic_inv_0/system_logic_inv_0/system_logic_inv_0_in_context.xdc] for cell 'i_system_wrapper/system_i/logic_inv'
Finished Parsing XDC File [/home/dator2/Documents/clean_fw_folder/antsdr-fw-patch/plutosdr-fw/hdl/projects/e200/e200.gen/sources_1/bd/system/ip/system_logic_inv_0/system_logic_inv_0/system_logic_inv_0_in_context.xdc] for cell 'i_system_wrapper/system_i/logic_inv'
Parsing XDC File [/home/dator2/Documents/clean_fw_folder/antsdr-fw-patch/plutosdr-fw/hdl/projects/e200/e200.gen/sources_1/bd/system/ip/system_logic_or_1_0/system_logic_or_1_0/system_logic_or_0_in_context.xdc] for cell 'i_system_wrapper/system_i/logic_or_1'
Finished Parsing XDC File [/home/dator2/Documents/clean_fw_folder/antsdr-fw-patch/plutosdr-fw/hdl/projects/e200/e200.gen/sources_1/bd/system/ip/system_logic_or_1_0/system_logic_or_1_0/system_logic_or_0_in_context.xdc] for cell 'i_system_wrapper/system_i/logic_or_1'
Parsing XDC File [/home/dator2/Documents/clean_fw_folder/antsdr-fw-patch/plutosdr-fw/hdl/projects/e200/e200.gen/sources_1/bd/system/ip/system_xbar_0/system_xbar_0/system_xbar_0_in_context.xdc] for cell 'i_system_wrapper/system_i/axi_gp0_interconnect/xbar'
Finished Parsing XDC File [/home/dator2/Documents/clean_fw_folder/antsdr-fw-patch/plutosdr-fw/hdl/projects/e200/e200.gen/sources_1/bd/system/ip/system_xbar_0/system_xbar_0/system_xbar_0_in_context.xdc] for cell 'i_system_wrapper/system_i/axi_gp0_interconnect/xbar'
Parsing XDC File [/home/dator2/Documents/clean_fw_folder/antsdr-fw-patch/plutosdr-fw/hdl/projects/e200/e200.gen/sources_1/bd/system/ip/system_auto_pc_0/system_auto_pc_0/system_auto_pc_0_in_context.xdc] for cell 'i_system_wrapper/system_i/axi_gp0_interconnect/s00_couplers/auto_pc'
Finished Parsing XDC File [/home/dator2/Documents/clean_fw_folder/antsdr-fw-patch/plutosdr-fw/hdl/projects/e200/e200.gen/sources_1/bd/system/ip/system_auto_pc_0/system_auto_pc_0/system_auto_pc_0_in_context.xdc] for cell 'i_system_wrapper/system_i/axi_gp0_interconnect/s00_couplers/auto_pc'
Parsing XDC File [/home/dator2/Documents/clean_fw_folder/antsdr-fw-patch/plutosdr-fw/hdl/projects/common/xilinx/adi_fir_filter_constr.xdc]
WARNING: [Vivado 12-180] No cells matched 'get_cells -hier -filter {name =~ */cdc_sync_active/inst/cdc_sync_stage1_reg*}'. [/home/dator2/Documents/clean_fw_folder/antsdr-fw-patch/plutosdr-fw/hdl/projects/common/xilinx/adi_fir_filter_constr.xdc:7]
WARNING: [Vivado 12-180] No cells matched 'get_cells -hier -filter {name =~ */cdc_sync_active/inst/cdc_sync_stage2_reg*}'. [/home/dator2/Documents/clean_fw_folder/antsdr-fw-patch/plutosdr-fw/hdl/projects/common/xilinx/adi_fir_filter_constr.xdc:8]
WARNING: [Vivado 12-180] No cells matched 'get_cells -hierarchical -filter {name =~ */cdc_sync_active/inst/cdc_sync_stage1_reg** && IS_SEQUENTIAL}'. [/home/dator2/Documents/clean_fw_folder/antsdr-fw-patch/plutosdr-fw/hdl/projects/common/xilinx/adi_fir_filter_constr.xdc:10]
WARNING: [Vivado 12-180] No cells matched 'get_cells -hierarchical -filter {name =~ */cdc_sync_active/inst/cdc_sync_stage2_reg** && IS_SEQUENTIAL}'. [/home/dator2/Documents/clean_fw_folder/antsdr-fw-patch/plutosdr-fw/hdl/projects/common/xilinx/adi_fir_filter_constr.xdc:11]
Finished Parsing XDC File [/home/dator2/Documents/clean_fw_folder/antsdr-fw-patch/plutosdr-fw/hdl/projects/common/xilinx/adi_fir_filter_constr.xdc]
WARNING: [Project 1-498] One or more constraints failed evaluation while reading constraint file [/home/dator2/Documents/clean_fw_folder/antsdr-fw-patch/plutosdr-fw/hdl/projects/common/xilinx/adi_fir_filter_constr.xdc] and the design contains unresolved black boxes. These constraints will be read post-synthesis (as long as their source constraint file is marked as used_in_implementation) and should be applied correctly then. You should review the constraints listed in the file [.Xil/system_top_propImpl.xdc] and check the run log file to verify that these constraints were correctly applied.
Parsing XDC File [/home/dator2/Documents/clean_fw_folder/antsdr-fw-patch/plutosdr-fw/hdl/projects/e200/system_constr.xdc]
WARNING: [Vivado 12-508] No pins matched 'i_system_wrapper/system_i/sys_ps7/inst/PS7_i/FCLKCLK[0]'. [/home/dator2/Documents/clean_fw_folder/antsdr-fw-patch/plutosdr-fw/hdl/projects/e200/system_constr.xdc:97]
WARNING: [Vivado 12-508] No pins matched 'i_system_wrapper/system_i/sys_ps7/inst/PS7_i/FCLKCLK[1]'. [/home/dator2/Documents/clean_fw_folder/antsdr-fw-patch/plutosdr-fw/hdl/projects/e200/system_constr.xdc:98]
WARNING: [Vivado 12-508] No pins matched '*/EMIOSPI0SCLKO'. [/home/dator2/Documents/clean_fw_folder/antsdr-fw-patch/plutosdr-fw/hdl/projects/e200/system_constr.xdc:100]
WARNING: [Vivado 12-508] No pins matched 'i_system_wrapper/system_i/axi_ad9361/inst/i_rx/i_up_adc_common/up_adc_gpio_out_int_reg[0]/C'. [/home/dator2/Documents/clean_fw_folder/antsdr-fw-patch/plutosdr-fw/hdl/projects/e200/system_constr.xdc:106]
WARNING: [Vivado 12-508] No pins matched 'i_system_wrapper/system_i/axi_ad9361/inst/i_tx/i_up_dac_common/up_dac_gpio_out_int_reg[0]/C'. [/home/dator2/Documents/clean_fw_folder/antsdr-fw-patch/plutosdr-fw/hdl/projects/e200/system_constr.xdc:107]
Finished Parsing XDC File [/home/dator2/Documents/clean_fw_folder/antsdr-fw-patch/plutosdr-fw/hdl/projects/e200/system_constr.xdc]
WARNING: [Project 1-498] One or more constraints failed evaluation while reading constraint file [/home/dator2/Documents/clean_fw_folder/antsdr-fw-patch/plutosdr-fw/hdl/projects/e200/system_constr.xdc] and the design contains unresolved black boxes. These constraints will be read post-synthesis (as long as their source constraint file is marked as used_in_implementation) and should be applied correctly then. You should review the constraints listed in the file [.Xil/system_top_propImpl.xdc] and check the run log file to verify that these constraints were correctly applied.
INFO: [Project 1-236] Implementation specific constraints were found while reading constraint file [/home/dator2/Documents/clean_fw_folder/antsdr-fw-patch/plutosdr-fw/hdl/projects/e200/system_constr.xdc]. These constraints will be ignored for synthesis but will be used in implementation. Impacted constraints are listed in the file [.Xil/system_top_propImpl.xdc].
Resolution: To avoid this warning, move constraints listed in [.Xil/system_top_propImpl.xdc] to another XDC file and exclude this new file from synthesis with the used_in_synthesis property (File Properties dialog in GUI) and re-run elaboration/synthesis.
Parsing XDC File [/home/dator2/Documents/clean_fw_folder/antsdr-fw-patch/plutosdr-fw/hdl/projects/e200/e200.runs/synth_1/dont_touch.xdc]
Finished Parsing XDC File [/home/dator2/Documents/clean_fw_folder/antsdr-fw-patch/plutosdr-fw/hdl/projects/e200/e200.runs/synth_1/dont_touch.xdc]
Completed Processing XDC Constraints

Netlist sorting complete. Time (s): cpu = 00:00:00 ; elapsed = 00:00:00 . Memory (MB): peak = 2315.449 ; gain = 0.000 ; free physical = 5137 ; free virtual = 9421
INFO: [Project 1-111] Unisim Transformation Summary:
  A total of 1 instances were transformed.
  IOBUF => IOBUF (IBUF, OBUFT): 1 instance 

Constraint Validation Runtime : Time (s): cpu = 00:00:00 ; elapsed = 00:00:00.01 . Memory (MB): peak = 2315.484 ; gain = 0.000 ; free physical = 5137 ; free virtual = 9421
---------------------------------------------------------------------------------
Finished Constraint Validation : Time (s): cpu = 00:00:08 ; elapsed = 00:00:08 . Memory (MB): peak = 2315.484 ; gain = 632.312 ; free physical = 5136 ; free virtual = 9421
---------------------------------------------------------------------------------
---------------------------------------------------------------------------------
Start Loading Part and Timing Information
---------------------------------------------------------------------------------
Loading part: xc7z020clg400-2
---------------------------------------------------------------------------------
Finished Loading Part and Timing Information : Time (s): cpu = 00:00:08 ; elapsed = 00:00:08 . Memory (MB): peak = 2315.484 ; gain = 632.312 ; free physical = 5136 ; free virtual = 9421
---------------------------------------------------------------------------------
---------------------------------------------------------------------------------
Start Applying 'set_property' XDC Constraints
---------------------------------------------------------------------------------
Applied set_property IO_BUFFER_TYPE = NONE for ddr_addr[0]. (constraint file  /home/dator2/Documents/clean_fw_folder/antsdr-fw-patch/plutosdr-fw/hdl/projects/e200/e200.gen/sources_1/bd/system/ip/system_sys_ps7_0/system_sys_ps7_0/system_sys_ps7_0_in_context.xdc, line 3).
Applied set_property CLOCK_BUFFER_TYPE = NONE for ddr_addr[0]. (constraint file  /home/dator2/Documents/clean_fw_folder/antsdr-fw-patch/plutosdr-fw/hdl/projects/e200/e200.gen/sources_1/bd/system/ip/system_sys_ps7_0/system_sys_ps7_0/system_sys_ps7_0_in_context.xdc, line 4).
Applied set_property IO_BUFFER_TYPE = NONE for ddr_addr[10]. (constraint file  /home/dator2/Documents/clean_fw_folder/antsdr-fw-patch/plutosdr-fw/hdl/projects/e200/e200.gen/sources_1/bd/system/ip/system_sys_ps7_0/system_sys_ps7_0/system_sys_ps7_0_in_context.xdc, line 5).
Applied set_property CLOCK_BUFFER_TYPE = NONE for ddr_addr[10]. (constraint file  /home/dator2/Documents/clean_fw_folder/antsdr-fw-patch/plutosdr-fw/hdl/projects/e200/e200.gen/sources_1/bd/system/ip/system_sys_ps7_0/system_sys_ps7_0/system_sys_ps7_0_in_context.xdc, line 6).
Applied set_property IO_BUFFER_TYPE = NONE for ddr_addr[11]. (constraint file  /home/dator2/Documents/clean_fw_folder/antsdr-fw-patch/plutosdr-fw/hdl/projects/e200/e200.gen/sources_1/bd/system/ip/system_sys_ps7_0/system_sys_ps7_0/system_sys_ps7_0_in_context.xdc, line 7).
Applied set_property CLOCK_BUFFER_TYPE = NONE for ddr_addr[11]. (constraint file  /home/dator2/Documents/clean_fw_folder/antsdr-fw-patch/plutosdr-fw/hdl/projects/e200/e200.gen/sources_1/bd/system/ip/system_sys_ps7_0/system_sys_ps7_0/system_sys_ps7_0_in_context.xdc, line 8).
Applied set_property IO_BUFFER_TYPE = NONE for ddr_addr[12]. (constraint file  /home/dator2/Documents/clean_fw_folder/antsdr-fw-patch/plutosdr-fw/hdl/projects/e200/e200.gen/sources_1/bd/system/ip/system_sys_ps7_0/system_sys_ps7_0/system_sys_ps7_0_in_context.xdc, line 9).
Applied set_property CLOCK_BUFFER_TYPE = NONE for ddr_addr[12]. (constraint file  /home/dator2/Documents/clean_fw_folder/antsdr-fw-patch/plutosdr-fw/hdl/projects/e200/e200.gen/sources_1/bd/system/ip/system_sys_ps7_0/system_sys_ps7_0/system_sys_ps7_0_in_context.xdc, line 10).
Applied set_property IO_BUFFER_TYPE = NONE for ddr_addr[13]. (constraint file  /home/dator2/Documents/clean_fw_folder/antsdr-fw-patch/plutosdr-fw/hdl/projects/e200/e200.gen/sources_1/bd/system/ip/system_sys_ps7_0/system_sys_ps7_0/system_sys_ps7_0_in_context.xdc, line 11).
Applied set_property CLOCK_BUFFER_TYPE = NONE for ddr_addr[13]. (constraint file  /home/dator2/Documents/clean_fw_folder/antsdr-fw-patch/plutosdr-fw/hdl/projects/e200/e200.gen/sources_1/bd/system/ip/system_sys_ps7_0/system_sys_ps7_0/system_sys_ps7_0_in_context.xdc, line 12).
Applied set_property IO_BUFFER_TYPE = NONE for ddr_addr[14]. (constraint file  /home/dator2/Documents/clean_fw_folder/antsdr-fw-patch/plutosdr-fw/hdl/projects/e200/e200.gen/sources_1/bd/system/ip/system_sys_ps7_0/system_sys_ps7_0/system_sys_ps7_0_in_context.xdc, line 13).
Applied set_property CLOCK_BUFFER_TYPE = NONE for ddr_addr[14]. (constraint file  /home/dator2/Documents/clean_fw_folder/antsdr-fw-patch/plutosdr-fw/hdl/projects/e200/e200.gen/sources_1/bd/system/ip/system_sys_ps7_0/system_sys_ps7_0/system_sys_ps7_0_in_context.xdc, line 14).
Applied set_property IO_BUFFER_TYPE = NONE for ddr_addr[1]. (constraint file  /home/dator2/Documents/clean_fw_folder/antsdr-fw-patch/plutosdr-fw/hdl/projects/e200/e200.gen/sources_1/bd/system/ip/system_sys_ps7_0/system_sys_ps7_0/system_sys_ps7_0_in_context.xdc, line 15).
Applied set_property CLOCK_BUFFER_TYPE = NONE for ddr_addr[1]. (constraint file  /home/dator2/Documents/clean_fw_folder/antsdr-fw-patch/plutosdr-fw/hdl/projects/e200/e200.gen/sources_1/bd/system/ip/system_sys_ps7_0/system_sys_ps7_0/system_sys_ps7_0_in_context.xdc, line 16).
Applied set_property IO_BUFFER_TYPE = NONE for ddr_addr[2]. (constraint file  /home/dator2/Documents/clean_fw_folder/antsdr-fw-patch/plutosdr-fw/hdl/projects/e200/e200.gen/sources_1/bd/system/ip/system_sys_ps7_0/system_sys_ps7_0/system_sys_ps7_0_in_context.xdc, line 17).
Applied set_property CLOCK_BUFFER_TYPE = NONE for ddr_addr[2]. (constraint file  /home/dator2/Documents/clean_fw_folder/antsdr-fw-patch/plutosdr-fw/hdl/projects/e200/e200.gen/sources_1/bd/system/ip/system_sys_ps7_0/system_sys_ps7_0/system_sys_ps7_0_in_context.xdc, line 18).
Applied set_property IO_BUFFER_TYPE = NONE for ddr_addr[3]. (constraint file  /home/dator2/Documents/clean_fw_folder/antsdr-fw-patch/plutosdr-fw/hdl/projects/e200/e200.gen/sources_1/bd/system/ip/system_sys_ps7_0/system_sys_ps7_0/system_sys_ps7_0_in_context.xdc, line 19).
Applied set_property CLOCK_BUFFER_TYPE = NONE for ddr_addr[3]. (constraint file  /home/dator2/Documents/clean_fw_folder/antsdr-fw-patch/plutosdr-fw/hdl/projects/e200/e200.gen/sources_1/bd/system/ip/system_sys_ps7_0/system_sys_ps7_0/system_sys_ps7_0_in_context.xdc, line 20).
Applied set_property IO_BUFFER_TYPE = NONE for ddr_addr[4]. (constraint file  /home/dator2/Documents/clean_fw_folder/antsdr-fw-patch/plutosdr-fw/hdl/projects/e200/e200.gen/sources_1/bd/system/ip/system_sys_ps7_0/system_sys_ps7_0/system_sys_ps7_0_in_context.xdc, line 21).
Applied set_property CLOCK_BUFFER_TYPE = NONE for ddr_addr[4]. (constraint file  /home/dator2/Documents/clean_fw_folder/antsdr-fw-patch/plutosdr-fw/hdl/projects/e200/e200.gen/sources_1/bd/system/ip/system_sys_ps7_0/system_sys_ps7_0/system_sys_ps7_0_in_context.xdc, line 22).
Applied set_property IO_BUFFER_TYPE = NONE for ddr_addr[5]. (constraint file  /home/dator2/Documents/clean_fw_folder/antsdr-fw-patch/plutosdr-fw/hdl/projects/e200/e200.gen/sources_1/bd/system/ip/system_sys_ps7_0/system_sys_ps7_0/system_sys_ps7_0_in_context.xdc, line 23).
Applied set_property CLOCK_BUFFER_TYPE = NONE for ddr_addr[5]. (constraint file  /home/dator2/Documents/clean_fw_folder/antsdr-fw-patch/plutosdr-fw/hdl/projects/e200/e200.gen/sources_1/bd/system/ip/system_sys_ps7_0/system_sys_ps7_0/system_sys_ps7_0_in_context.xdc, line 24).
Applied set_property IO_BUFFER_TYPE = NONE for ddr_addr[6]. (constraint file  /home/dator2/Documents/clean_fw_folder/antsdr-fw-patch/plutosdr-fw/hdl/projects/e200/e200.gen/sources_1/bd/system/ip/system_sys_ps7_0/system_sys_ps7_0/system_sys_ps7_0_in_context.xdc, line 25).
Applied set_property CLOCK_BUFFER_TYPE = NONE for ddr_addr[6]. (constraint file  /home/dator2/Documents/clean_fw_folder/antsdr-fw-patch/plutosdr-fw/hdl/projects/e200/e200.gen/sources_1/bd/system/ip/system_sys_ps7_0/system_sys_ps7_0/system_sys_ps7_0_in_context.xdc, line 26).
Applied set_property IO_BUFFER_TYPE = NONE for ddr_addr[7]. (constraint file  /home/dator2/Documents/clean_fw_folder/antsdr-fw-patch/plutosdr-fw/hdl/projects/e200/e200.gen/sources_1/bd/system/ip/system_sys_ps7_0/system_sys_ps7_0/system_sys_ps7_0_in_context.xdc, line 27).
Applied set_property CLOCK_BUFFER_TYPE = NONE for ddr_addr[7]. (constraint file  /home/dator2/Documents/clean_fw_folder/antsdr-fw-patch/plutosdr-fw/hdl/projects/e200/e200.gen/sources_1/bd/system/ip/system_sys_ps7_0/system_sys_ps7_0/system_sys_ps7_0_in_context.xdc, line 28).
Applied set_property IO_BUFFER_TYPE = NONE for ddr_addr[8]. (constraint file  /home/dator2/Documents/clean_fw_folder/antsdr-fw-patch/plutosdr-fw/hdl/projects/e200/e200.gen/sources_1/bd/system/ip/system_sys_ps7_0/system_sys_ps7_0/system_sys_ps7_0_in_context.xdc, line 29).
Applied set_property CLOCK_BUFFER_TYPE = NONE for ddr_addr[8]. (constraint file  /home/dator2/Documents/clean_fw_folder/antsdr-fw-patch/plutosdr-fw/hdl/projects/e200/e200.gen/sources_1/bd/system/ip/system_sys_ps7_0/system_sys_ps7_0/system_sys_ps7_0_in_context.xdc, line 30).
Applied set_property IO_BUFFER_TYPE = NONE for ddr_addr[9]. (constraint file  /home/dator2/Documents/clean_fw_folder/antsdr-fw-patch/plutosdr-fw/hdl/projects/e200/e200.gen/sources_1/bd/system/ip/system_sys_ps7_0/system_sys_ps7_0/system_sys_ps7_0_in_context.xdc, line 31).
Applied set_property CLOCK_BUFFER_TYPE = NONE for ddr_addr[9]. (constraint file  /home/dator2/Documents/clean_fw_folder/antsdr-fw-patch/plutosdr-fw/hdl/projects/e200/e200.gen/sources_1/bd/system/ip/system_sys_ps7_0/system_sys_ps7_0/system_sys_ps7_0_in_context.xdc, line 32).
Applied set_property IO_BUFFER_TYPE = NONE for ddr_ba[0]. (constraint file  /home/dator2/Documents/clean_fw_folder/antsdr-fw-patch/plutosdr-fw/hdl/projects/e200/e200.gen/sources_1/bd/system/ip/system_sys_ps7_0/system_sys_ps7_0/system_sys_ps7_0_in_context.xdc, line 33).
Applied set_property CLOCK_BUFFER_TYPE = NONE for ddr_ba[0]. (constraint file  /home/dator2/Documents/clean_fw_folder/antsdr-fw-patch/plutosdr-fw/hdl/projects/e200/e200.gen/sources_1/bd/system/ip/system_sys_ps7_0/system_sys_ps7_0/system_sys_ps7_0_in_context.xdc, line 34).
Applied set_property IO_BUFFER_TYPE = NONE for ddr_ba[1]. (constraint file  /home/dator2/Documents/clean_fw_folder/antsdr-fw-patch/plutosdr-fw/hdl/projects/e200/e200.gen/sources_1/bd/system/ip/system_sys_ps7_0/system_sys_ps7_0/system_sys_ps7_0_in_context.xdc, line 35).
Applied set_property CLOCK_BUFFER_TYPE = NONE for ddr_ba[1]. (constraint file  /home/dator2/Documents/clean_fw_folder/antsdr-fw-patch/plutosdr-fw/hdl/projects/e200/e200.gen/sources_1/bd/system/ip/system_sys_ps7_0/system_sys_ps7_0/system_sys_ps7_0_in_context.xdc, line 36).
Applied set_property IO_BUFFER_TYPE = NONE for ddr_ba[2]. (constraint file  /home/dator2/Documents/clean_fw_folder/antsdr-fw-patch/plutosdr-fw/hdl/projects/e200/e200.gen/sources_1/bd/system/ip/system_sys_ps7_0/system_sys_ps7_0/system_sys_ps7_0_in_context.xdc, line 37).
Applied set_property CLOCK_BUFFER_TYPE = NONE for ddr_ba[2]. (constraint file  /home/dator2/Documents/clean_fw_folder/antsdr-fw-patch/plutosdr-fw/hdl/projects/e200/e200.gen/sources_1/bd/system/ip/system_sys_ps7_0/system_sys_ps7_0/system_sys_ps7_0_in_context.xdc, line 38).
Applied set_property IO_BUFFER_TYPE = NONE for ddr_cas_n. (constraint file  /home/dator2/Documents/clean_fw_folder/antsdr-fw-patch/plutosdr-fw/hdl/projects/e200/e200.gen/sources_1/bd/system/ip/system_sys_ps7_0/system_sys_ps7_0/system_sys_ps7_0_in_context.xdc, line 39).
Applied set_property CLOCK_BUFFER_TYPE = NONE for ddr_cas_n. (constraint file  /home/dator2/Documents/clean_fw_folder/antsdr-fw-patch/plutosdr-fw/hdl/projects/e200/e200.gen/sources_1/bd/system/ip/system_sys_ps7_0/system_sys_ps7_0/system_sys_ps7_0_in_context.xdc, line 40).
Applied set_property IO_BUFFER_TYPE = NONE for ddr_cke. (constraint file  /home/dator2/Documents/clean_fw_folder/antsdr-fw-patch/plutosdr-fw/hdl/projects/e200/e200.gen/sources_1/bd/system/ip/system_sys_ps7_0/system_sys_ps7_0/system_sys_ps7_0_in_context.xdc, line 41).
Applied set_property CLOCK_BUFFER_TYPE = NONE for ddr_cke. (constraint file  /home/dator2/Documents/clean_fw_folder/antsdr-fw-patch/plutosdr-fw/hdl/projects/e200/e200.gen/sources_1/bd/system/ip/system_sys_ps7_0/system_sys_ps7_0/system_sys_ps7_0_in_context.xdc, line 42).
Applied set_property IO_BUFFER_TYPE = NONE for ddr_cs_n. (constraint file  /home/dator2/Documents/clean_fw_folder/antsdr-fw-patch/plutosdr-fw/hdl/projects/e200/e200.gen/sources_1/bd/system/ip/system_sys_ps7_0/system_sys_ps7_0/system_sys_ps7_0_in_context.xdc, line 43).
Applied set_property CLOCK_BUFFER_TYPE = NONE for ddr_cs_n. (constraint file  /home/dator2/Documents/clean_fw_folder/antsdr-fw-patch/plutosdr-fw/hdl/projects/e200/e200.gen/sources_1/bd/system/ip/system_sys_ps7_0/system_sys_ps7_0/system_sys_ps7_0_in_context.xdc, line 44).
Applied set_property IO_BUFFER_TYPE = NONE for ddr_ck_p. (constraint file  /home/dator2/Documents/clean_fw_folder/antsdr-fw-patch/plutosdr-fw/hdl/projects/e200/e200.gen/sources_1/bd/system/ip/system_sys_ps7_0/system_sys_ps7_0/system_sys_ps7_0_in_context.xdc, line 45).
Applied set_property CLOCK_BUFFER_TYPE = NONE for ddr_ck_p. (constraint file  /home/dator2/Documents/clean_fw_folder/antsdr-fw-patch/plutosdr-fw/hdl/projects/e200/e200.gen/sources_1/bd/system/ip/system_sys_ps7_0/system_sys_ps7_0/system_sys_ps7_0_in_context.xdc, line 46).
Applied set_property IO_BUFFER_TYPE = NONE for ddr_ck_n. (constraint file  /home/dator2/Documents/clean_fw_folder/antsdr-fw-patch/plutosdr-fw/hdl/projects/e200/e200.gen/sources_1/bd/system/ip/system_sys_ps7_0/system_sys_ps7_0/system_sys_ps7_0_in_context.xdc, line 47).
Applied set_property CLOCK_BUFFER_TYPE = NONE for ddr_ck_n. (constraint file  /home/dator2/Documents/clean_fw_folder/antsdr-fw-patch/plutosdr-fw/hdl/projects/e200/e200.gen/sources_1/bd/system/ip/system_sys_ps7_0/system_sys_ps7_0/system_sys_ps7_0_in_context.xdc, line 48).
Applied set_property IO_BUFFER_TYPE = NONE for ddr_dm[0]. (constraint file  /home/dator2/Documents/clean_fw_folder/antsdr-fw-patch/plutosdr-fw/hdl/projects/e200/e200.gen/sources_1/bd/system/ip/system_sys_ps7_0/system_sys_ps7_0/system_sys_ps7_0_in_context.xdc, line 49).
Applied set_property CLOCK_BUFFER_TYPE = NONE for ddr_dm[0]. (constraint file  /home/dator2/Documents/clean_fw_folder/antsdr-fw-patch/plutosdr-fw/hdl/projects/e200/e200.gen/sources_1/bd/system/ip/system_sys_ps7_0/system_sys_ps7_0/system_sys_ps7_0_in_context.xdc, line 50).
Applied set_property IO_BUFFER_TYPE = NONE for ddr_dm[1]. (constraint file  /home/dator2/Documents/clean_fw_folder/antsdr-fw-patch/plutosdr-fw/hdl/projects/e200/e200.gen/sources_1/bd/system/ip/system_sys_ps7_0/system_sys_ps7_0/system_sys_ps7_0_in_context.xdc, line 51).
Applied set_property CLOCK_BUFFER_TYPE = NONE for ddr_dm[1]. (constraint file  /home/dator2/Documents/clean_fw_folder/antsdr-fw-patch/plutosdr-fw/hdl/projects/e200/e200.gen/sources_1/bd/system/ip/system_sys_ps7_0/system_sys_ps7_0/system_sys_ps7_0_in_context.xdc, line 52).
Applied set_property IO_BUFFER_TYPE = NONE for ddr_dqs_p[0]. (constraint file  /home/dator2/Documents/clean_fw_folder/antsdr-fw-patch/plutosdr-fw/hdl/projects/e200/e200.gen/sources_1/bd/system/ip/system_sys_ps7_0/system_sys_ps7_0/system_sys_ps7_0_in_context.xdc, line 57).
Applied set_property CLOCK_BUFFER_TYPE = NONE for ddr_dqs_p[0]. (constraint file  /home/dator2/Documents/clean_fw_folder/antsdr-fw-patch/plutosdr-fw/hdl/projects/e200/e200.gen/sources_1/bd/system/ip/system_sys_ps7_0/system_sys_ps7_0/system_sys_ps7_0_in_context.xdc, line 58).
Applied set_property IO_BUFFER_TYPE = NONE for ddr_dqs_p[1]. (constraint file  /home/dator2/Documents/clean_fw_folder/antsdr-fw-patch/plutosdr-fw/hdl/projects/e200/e200.gen/sources_1/bd/system/ip/system_sys_ps7_0/system_sys_ps7_0/system_sys_ps7_0_in_context.xdc, line 59).
Applied set_property CLOCK_BUFFER_TYPE = NONE for ddr_dqs_p[1]. (constraint file  /home/dator2/Documents/clean_fw_folder/antsdr-fw-patch/plutosdr-fw/hdl/projects/e200/e200.gen/sources_1/bd/system/ip/system_sys_ps7_0/system_sys_ps7_0/system_sys_ps7_0_in_context.xdc, line 60).
Applied set_property IO_BUFFER_TYPE = NONE for ddr_dqs_n[0]. (constraint file  /home/dator2/Documents/clean_fw_folder/antsdr-fw-patch/plutosdr-fw/hdl/projects/e200/e200.gen/sources_1/bd/system/ip/system_sys_ps7_0/system_sys_ps7_0/system_sys_ps7_0_in_context.xdc, line 65).
Applied set_property CLOCK_BUFFER_TYPE = NONE for ddr_dqs_n[0]. (constraint file  /home/dator2/Documents/clean_fw_folder/antsdr-fw-patch/plutosdr-fw/hdl/projects/e200/e200.gen/sources_1/bd/system/ip/system_sys_ps7_0/system_sys_ps7_0/system_sys_ps7_0_in_context.xdc, line 66).
Applied set_property IO_BUFFER_TYPE = NONE for ddr_dqs_n[1]. (constraint file  /home/dator2/Documents/clean_fw_folder/antsdr-fw-patch/plutosdr-fw/hdl/projects/e200/e200.gen/sources_1/bd/system/ip/system_sys_ps7_0/system_sys_ps7_0/system_sys_ps7_0_in_context.xdc, line 67).
Applied set_property CLOCK_BUFFER_TYPE = NONE for ddr_dqs_n[1]. (constraint file  /home/dator2/Documents/clean_fw_folder/antsdr-fw-patch/plutosdr-fw/hdl/projects/e200/e200.gen/sources_1/bd/system/ip/system_sys_ps7_0/system_sys_ps7_0/system_sys_ps7_0_in_context.xdc, line 68).
Applied set_property IO_BUFFER_TYPE = NONE for ddr_dq[0]. (constraint file  /home/dator2/Documents/clean_fw_folder/antsdr-fw-patch/plutosdr-fw/hdl/projects/e200/e200.gen/sources_1/bd/system/ip/system_sys_ps7_0/system_sys_ps7_0/system_sys_ps7_0_in_context.xdc, line 73).
Applied set_property CLOCK_BUFFER_TYPE = NONE for ddr_dq[0]. (constraint file  /home/dator2/Documents/clean_fw_folder/antsdr-fw-patch/plutosdr-fw/hdl/projects/e200/e200.gen/sources_1/bd/system/ip/system_sys_ps7_0/system_sys_ps7_0/system_sys_ps7_0_in_context.xdc, line 74).
Applied set_property IO_BUFFER_TYPE = NONE for ddr_dq[10]. (constraint file  /home/dator2/Documents/clean_fw_folder/antsdr-fw-patch/plutosdr-fw/hdl/projects/e200/e200.gen/sources_1/bd/system/ip/system_sys_ps7_0/system_sys_ps7_0/system_sys_ps7_0_in_context.xdc, line 75).
Applied set_property CLOCK_BUFFER_TYPE = NONE for ddr_dq[10]. (constraint file  /home/dator2/Documents/clean_fw_folder/antsdr-fw-patch/plutosdr-fw/hdl/projects/e200/e200.gen/sources_1/bd/system/ip/system_sys_ps7_0/system_sys_ps7_0/system_sys_ps7_0_in_context.xdc, line 76).
Applied set_property IO_BUFFER_TYPE = NONE for ddr_dq[11]. (constraint file  /home/dator2/Documents/clean_fw_folder/antsdr-fw-patch/plutosdr-fw/hdl/projects/e200/e200.gen/sources_1/bd/system/ip/system_sys_ps7_0/system_sys_ps7_0/system_sys_ps7_0_in_context.xdc, line 77).
Applied set_property CLOCK_BUFFER_TYPE = NONE for ddr_dq[11]. (constraint file  /home/dator2/Documents/clean_fw_folder/antsdr-fw-patch/plutosdr-fw/hdl/projects/e200/e200.gen/sources_1/bd/system/ip/system_sys_ps7_0/system_sys_ps7_0/system_sys_ps7_0_in_context.xdc, line 78).
Applied set_property IO_BUFFER_TYPE = NONE for ddr_dq[12]. (constraint file  /home/dator2/Documents/clean_fw_folder/antsdr-fw-patch/plutosdr-fw/hdl/projects/e200/e200.gen/sources_1/bd/system/ip/system_sys_ps7_0/system_sys_ps7_0/system_sys_ps7_0_in_context.xdc, line 79).
Applied set_property CLOCK_BUFFER_TYPE = NONE for ddr_dq[12]. (constraint file  /home/dator2/Documents/clean_fw_folder/antsdr-fw-patch/plutosdr-fw/hdl/projects/e200/e200.gen/sources_1/bd/system/ip/system_sys_ps7_0/system_sys_ps7_0/system_sys_ps7_0_in_context.xdc, line 80).
Applied set_property IO_BUFFER_TYPE = NONE for ddr_dq[13]. (constraint file  /home/dator2/Documents/clean_fw_folder/antsdr-fw-patch/plutosdr-fw/hdl/projects/e200/e200.gen/sources_1/bd/system/ip/system_sys_ps7_0/system_sys_ps7_0/system_sys_ps7_0_in_context.xdc, line 81).
Applied set_property CLOCK_BUFFER_TYPE = NONE for ddr_dq[13]. (constraint file  /home/dator2/Documents/clean_fw_folder/antsdr-fw-patch/plutosdr-fw/hdl/projects/e200/e200.gen/sources_1/bd/system/ip/system_sys_ps7_0/system_sys_ps7_0/system_sys_ps7_0_in_context.xdc, line 82).
Applied set_property IO_BUFFER_TYPE = NONE for ddr_dq[14]. (constraint file  /home/dator2/Documents/clean_fw_folder/antsdr-fw-patch/plutosdr-fw/hdl/projects/e200/e200.gen/sources_1/bd/system/ip/system_sys_ps7_0/system_sys_ps7_0/system_sys_ps7_0_in_context.xdc, line 83).
Applied set_property CLOCK_BUFFER_TYPE = NONE for ddr_dq[14]. (constraint file  /home/dator2/Documents/clean_fw_folder/antsdr-fw-patch/plutosdr-fw/hdl/projects/e200/e200.gen/sources_1/bd/system/ip/system_sys_ps7_0/system_sys_ps7_0/system_sys_ps7_0_in_context.xdc, line 84).
Applied set_property IO_BUFFER_TYPE = NONE for ddr_dq[15]. (constraint file  /home/dator2/Documents/clean_fw_folder/antsdr-fw-patch/plutosdr-fw/hdl/projects/e200/e200.gen/sources_1/bd/system/ip/system_sys_ps7_0/system_sys_ps7_0/system_sys_ps7_0_in_context.xdc, line 85).
Applied set_property CLOCK_BUFFER_TYPE = NONE for ddr_dq[15]. (constraint file  /home/dator2/Documents/clean_fw_folder/antsdr-fw-patch/plutosdr-fw/hdl/projects/e200/e200.gen/sources_1/bd/system/ip/system_sys_ps7_0/system_sys_ps7_0/system_sys_ps7_0_in_context.xdc, line 86).
Applied set_property IO_BUFFER_TYPE = NONE for ddr_dq[16]. (constraint file  /home/dator2/Documents/clean_fw_folder/antsdr-fw-patch/plutosdr-fw/hdl/projects/e200/e200.gen/sources_1/bd/system/ip/system_sys_ps7_0/system_sys_ps7_0/system_sys_ps7_0_in_context.xdc, line 87).
Applied set_property CLOCK_BUFFER_TYPE = NONE for ddr_dq[16]. (constraint file  /home/dator2/Documents/clean_fw_folder/antsdr-fw-patch/plutosdr-fw/hdl/projects/e200/e200.gen/sources_1/bd/system/ip/system_sys_ps7_0/system_sys_ps7_0/system_sys_ps7_0_in_context.xdc, line 88).
Applied set_property IO_BUFFER_TYPE = NONE for ddr_dq[17]. (constraint file  /home/dator2/Documents/clean_fw_folder/antsdr-fw-patch/plutosdr-fw/hdl/projects/e200/e200.gen/sources_1/bd/system/ip/system_sys_ps7_0/system_sys_ps7_0/system_sys_ps7_0_in_context.xdc, line 89).
Applied set_property CLOCK_BUFFER_TYPE = NONE for ddr_dq[17]. (constraint file  /home/dator2/Documents/clean_fw_folder/antsdr-fw-patch/plutosdr-fw/hdl/projects/e200/e200.gen/sources_1/bd/system/ip/system_sys_ps7_0/system_sys_ps7_0/system_sys_ps7_0_in_context.xdc, line 90).
Applied set_property IO_BUFFER_TYPE = NONE for ddr_dq[18]. (constraint file  /home/dator2/Documents/clean_fw_folder/antsdr-fw-patch/plutosdr-fw/hdl/projects/e200/e200.gen/sources_1/bd/system/ip/system_sys_ps7_0/system_sys_ps7_0/system_sys_ps7_0_in_context.xdc, line 91).
Applied set_property CLOCK_BUFFER_TYPE = NONE for ddr_dq[18]. (constraint file  /home/dator2/Documents/clean_fw_folder/antsdr-fw-patch/plutosdr-fw/hdl/projects/e200/e200.gen/sources_1/bd/system/ip/system_sys_ps7_0/system_sys_ps7_0/system_sys_ps7_0_in_context.xdc, line 92).
Applied set_property IO_BUFFER_TYPE = NONE for ddr_dq[19]. (constraint file  /home/dator2/Documents/clean_fw_folder/antsdr-fw-patch/plutosdr-fw/hdl/projects/e200/e200.gen/sources_1/bd/system/ip/system_sys_ps7_0/system_sys_ps7_0/system_sys_ps7_0_in_context.xdc, line 93).
Applied set_property CLOCK_BUFFER_TYPE = NONE for ddr_dq[19]. (constraint file  /home/dator2/Documents/clean_fw_folder/antsdr-fw-patch/plutosdr-fw/hdl/projects/e200/e200.gen/sources_1/bd/system/ip/system_sys_ps7_0/system_sys_ps7_0/system_sys_ps7_0_in_context.xdc, line 94).
Applied set_property IO_BUFFER_TYPE = NONE for ddr_dq[1]. (constraint file  /home/dator2/Documents/clean_fw_folder/antsdr-fw-patch/plutosdr-fw/hdl/projects/e200/e200.gen/sources_1/bd/system/ip/system_sys_ps7_0/system_sys_ps7_0/system_sys_ps7_0_in_context.xdc, line 95).
Applied set_property CLOCK_BUFFER_TYPE = NONE for ddr_dq[1]. (constraint file  /home/dator2/Documents/clean_fw_folder/antsdr-fw-patch/plutosdr-fw/hdl/projects/e200/e200.gen/sources_1/bd/system/ip/system_sys_ps7_0/system_sys_ps7_0/system_sys_ps7_0_in_context.xdc, line 96).
Applied set_property IO_BUFFER_TYPE = NONE for ddr_dq[20]. (constraint file  /home/dator2/Documents/clean_fw_folder/antsdr-fw-patch/plutosdr-fw/hdl/projects/e200/e200.gen/sources_1/bd/system/ip/system_sys_ps7_0/system_sys_ps7_0/system_sys_ps7_0_in_context.xdc, line 97).
Applied set_property CLOCK_BUFFER_TYPE = NONE for ddr_dq[20]. (constraint file  /home/dator2/Documents/clean_fw_folder/antsdr-fw-patch/plutosdr-fw/hdl/projects/e200/e200.gen/sources_1/bd/system/ip/system_sys_ps7_0/system_sys_ps7_0/system_sys_ps7_0_in_context.xdc, line 98).
Applied set_property IO_BUFFER_TYPE = NONE for ddr_dq[21]. (constraint file  /home/dator2/Documents/clean_fw_folder/antsdr-fw-patch/plutosdr-fw/hdl/projects/e200/e200.gen/sources_1/bd/system/ip/system_sys_ps7_0/system_sys_ps7_0/system_sys_ps7_0_in_context.xdc, line 99).
Applied set_property CLOCK_BUFFER_TYPE = NONE for ddr_dq[21]. (constraint file  /home/dator2/Documents/clean_fw_folder/antsdr-fw-patch/plutosdr-fw/hdl/projects/e200/e200.gen/sources_1/bd/system/ip/system_sys_ps7_0/system_sys_ps7_0/system_sys_ps7_0_in_context.xdc, line 100).
Applied set_property IO_BUFFER_TYPE = NONE for ddr_dq[22]. (constraint file  /home/dator2/Documents/clean_fw_folder/antsdr-fw-patch/plutosdr-fw/hdl/projects/e200/e200.gen/sources_1/bd/system/ip/system_sys_ps7_0/system_sys_ps7_0/system_sys_ps7_0_in_context.xdc, line 101).
Applied set_property CLOCK_BUFFER_TYPE = NONE for ddr_dq[22]. (constraint file  /home/dator2/Documents/clean_fw_folder/antsdr-fw-patch/plutosdr-fw/hdl/projects/e200/e200.gen/sources_1/bd/system/ip/system_sys_ps7_0/system_sys_ps7_0/system_sys_ps7_0_in_context.xdc, line 102).
Applied set_property IO_BUFFER_TYPE = NONE for ddr_dq[23]. (constraint file  /home/dator2/Documents/clean_fw_folder/antsdr-fw-patch/plutosdr-fw/hdl/projects/e200/e200.gen/sources_1/bd/system/ip/system_sys_ps7_0/system_sys_ps7_0/system_sys_ps7_0_in_context.xdc, line 103).
Applied set_property CLOCK_BUFFER_TYPE = NONE for ddr_dq[23]. (constraint file  /home/dator2/Documents/clean_fw_folder/antsdr-fw-patch/plutosdr-fw/hdl/projects/e200/e200.gen/sources_1/bd/system/ip/system_sys_ps7_0/system_sys_ps7_0/system_sys_ps7_0_in_context.xdc, line 104).
Applied set_property IO_BUFFER_TYPE = NONE for ddr_dq[24]. (constraint file  /home/dator2/Documents/clean_fw_folder/antsdr-fw-patch/plutosdr-fw/hdl/projects/e200/e200.gen/sources_1/bd/system/ip/system_sys_ps7_0/system_sys_ps7_0/system_sys_ps7_0_in_context.xdc, line 105).
Applied set_property CLOCK_BUFFER_TYPE = NONE for ddr_dq[24]. (constraint file  /home/dator2/Documents/clean_fw_folder/antsdr-fw-patch/plutosdr-fw/hdl/projects/e200/e200.gen/sources_1/bd/system/ip/system_sys_ps7_0/system_sys_ps7_0/system_sys_ps7_0_in_context.xdc, line 106).
Applied set_property IO_BUFFER_TYPE = NONE for ddr_dq[25]. (constraint file  /home/dator2/Documents/clean_fw_folder/antsdr-fw-patch/plutosdr-fw/hdl/projects/e200/e200.gen/sources_1/bd/system/ip/system_sys_ps7_0/system_sys_ps7_0/system_sys_ps7_0_in_context.xdc, line 107).
Applied set_property CLOCK_BUFFER_TYPE = NONE for ddr_dq[25]. (constraint file  /home/dator2/Documents/clean_fw_folder/antsdr-fw-patch/plutosdr-fw/hdl/projects/e200/e200.gen/sources_1/bd/system/ip/system_sys_ps7_0/system_sys_ps7_0/system_sys_ps7_0_in_context.xdc, line 108).
Applied set_property IO_BUFFER_TYPE = NONE for ddr_dq[26]. (constraint file  /home/dator2/Documents/clean_fw_folder/antsdr-fw-patch/plutosdr-fw/hdl/projects/e200/e200.gen/sources_1/bd/system/ip/system_sys_ps7_0/system_sys_ps7_0/system_sys_ps7_0_in_context.xdc, line 109).
Applied set_property CLOCK_BUFFER_TYPE = NONE for ddr_dq[26]. (constraint file  /home/dator2/Documents/clean_fw_folder/antsdr-fw-patch/plutosdr-fw/hdl/projects/e200/e200.gen/sources_1/bd/system/ip/system_sys_ps7_0/system_sys_ps7_0/system_sys_ps7_0_in_context.xdc, line 110).
Applied set_property IO_BUFFER_TYPE = NONE for ddr_dq[27]. (constraint file  /home/dator2/Documents/clean_fw_folder/antsdr-fw-patch/plutosdr-fw/hdl/projects/e200/e200.gen/sources_1/bd/system/ip/system_sys_ps7_0/system_sys_ps7_0/system_sys_ps7_0_in_context.xdc, line 111).
Applied set_property CLOCK_BUFFER_TYPE = NONE for ddr_dq[27]. (constraint file  /home/dator2/Documents/clean_fw_folder/antsdr-fw-patch/plutosdr-fw/hdl/projects/e200/e200.gen/sources_1/bd/system/ip/system_sys_ps7_0/system_sys_ps7_0/system_sys_ps7_0_in_context.xdc, line 112).
Applied set_property IO_BUFFER_TYPE = NONE for ddr_dq[28]. (constraint file  /home/dator2/Documents/clean_fw_folder/antsdr-fw-patch/plutosdr-fw/hdl/projects/e200/e200.gen/sources_1/bd/system/ip/system_sys_ps7_0/system_sys_ps7_0/system_sys_ps7_0_in_context.xdc, line 113).
Applied set_property CLOCK_BUFFER_TYPE = NONE for ddr_dq[28]. (constraint file  /home/dator2/Documents/clean_fw_folder/antsdr-fw-patch/plutosdr-fw/hdl/projects/e200/e200.gen/sources_1/bd/system/ip/system_sys_ps7_0/system_sys_ps7_0/system_sys_ps7_0_in_context.xdc, line 114).
Applied set_property IO_BUFFER_TYPE = NONE for ddr_dq[29]. (constraint file  /home/dator2/Documents/clean_fw_folder/antsdr-fw-patch/plutosdr-fw/hdl/projects/e200/e200.gen/sources_1/bd/system/ip/system_sys_ps7_0/system_sys_ps7_0/system_sys_ps7_0_in_context.xdc, line 115).
Applied set_property CLOCK_BUFFER_TYPE = NONE for ddr_dq[29]. (constraint file  /home/dator2/Documents/clean_fw_folder/antsdr-fw-patch/plutosdr-fw/hdl/projects/e200/e200.gen/sources_1/bd/system/ip/system_sys_ps7_0/system_sys_ps7_0/system_sys_ps7_0_in_context.xdc, line 116).
Applied set_property IO_BUFFER_TYPE = NONE for ddr_dq[2]. (constraint file  /home/dator2/Documents/clean_fw_folder/antsdr-fw-patch/plutosdr-fw/hdl/projects/e200/e200.gen/sources_1/bd/system/ip/system_sys_ps7_0/system_sys_ps7_0/system_sys_ps7_0_in_context.xdc, line 117).
Applied set_property CLOCK_BUFFER_TYPE = NONE for ddr_dq[2]. (constraint file  /home/dator2/Documents/clean_fw_folder/antsdr-fw-patch/plutosdr-fw/hdl/projects/e200/e200.gen/sources_1/bd/system/ip/system_sys_ps7_0/system_sys_ps7_0/system_sys_ps7_0_in_context.xdc, line 118).
Applied set_property IO_BUFFER_TYPE = NONE for ddr_dq[30]. (constraint file  /home/dator2/Documents/clean_fw_folder/antsdr-fw-patch/plutosdr-fw/hdl/projects/e200/e200.gen/sources_1/bd/system/ip/system_sys_ps7_0/system_sys_ps7_0/system_sys_ps7_0_in_context.xdc, line 119).
Applied set_property CLOCK_BUFFER_TYPE = NONE for ddr_dq[30]. (constraint file  /home/dator2/Documents/clean_fw_folder/antsdr-fw-patch/plutosdr-fw/hdl/projects/e200/e200.gen/sources_1/bd/system/ip/system_sys_ps7_0/system_sys_ps7_0/system_sys_ps7_0_in_context.xdc, line 120).
Applied set_property IO_BUFFER_TYPE = NONE for ddr_dq[31]. (constraint file  /home/dator2/Documents/clean_fw_folder/antsdr-fw-patch/plutosdr-fw/hdl/projects/e200/e200.gen/sources_1/bd/system/ip/system_sys_ps7_0/system_sys_ps7_0/system_sys_ps7_0_in_context.xdc, line 121).
Applied set_property CLOCK_BUFFER_TYPE = NONE for ddr_dq[31]. (constraint file  /home/dator2/Documents/clean_fw_folder/antsdr-fw-patch/plutosdr-fw/hdl/projects/e200/e200.gen/sources_1/bd/system/ip/system_sys_ps7_0/system_sys_ps7_0/system_sys_ps7_0_in_context.xdc, line 122).
Applied set_property IO_BUFFER_TYPE = NONE for ddr_dq[3]. (constraint file  /home/dator2/Documents/clean_fw_folder/antsdr-fw-patch/plutosdr-fw/hdl/projects/e200/e200.gen/sources_1/bd/system/ip/system_sys_ps7_0/system_sys_ps7_0/system_sys_ps7_0_in_context.xdc, line 123).
Applied set_property CLOCK_BUFFER_TYPE = NONE for ddr_dq[3]. (constraint file  /home/dator2/Documents/clean_fw_folder/antsdr-fw-patch/plutosdr-fw/hdl/projects/e200/e200.gen/sources_1/bd/system/ip/system_sys_ps7_0/system_sys_ps7_0/system_sys_ps7_0_in_context.xdc, line 124).
Applied set_property IO_BUFFER_TYPE = NONE for ddr_dq[4]. (constraint file  /home/dator2/Documents/clean_fw_folder/antsdr-fw-patch/plutosdr-fw/hdl/projects/e200/e200.gen/sources_1/bd/system/ip/system_sys_ps7_0/system_sys_ps7_0/system_sys_ps7_0_in_context.xdc, line 125).
Applied set_property CLOCK_BUFFER_TYPE = NONE for ddr_dq[4]. (constraint file  /home/dator2/Documents/clean_fw_folder/antsdr-fw-patch/plutosdr-fw/hdl/projects/e200/e200.gen/sources_1/bd/system/ip/system_sys_ps7_0/system_sys_ps7_0/system_sys_ps7_0_in_context.xdc, line 126).
Applied set_property IO_BUFFER_TYPE = NONE for ddr_dq[5]. (constraint file  /home/dator2/Documents/clean_fw_folder/antsdr-fw-patch/plutosdr-fw/hdl/projects/e200/e200.gen/sources_1/bd/system/ip/system_sys_ps7_0/system_sys_ps7_0/system_sys_ps7_0_in_context.xdc, line 127).
Applied set_property CLOCK_BUFFER_TYPE = NONE for ddr_dq[5]. (constraint file  /home/dator2/Documents/clean_fw_folder/antsdr-fw-patch/plutosdr-fw/hdl/projects/e200/e200.gen/sources_1/bd/system/ip/system_sys_ps7_0/system_sys_ps7_0/system_sys_ps7_0_in_context.xdc, line 128).
Applied set_property IO_BUFFER_TYPE = NONE for ddr_dq[6]. (constraint file  /home/dator2/Documents/clean_fw_folder/antsdr-fw-patch/plutosdr-fw/hdl/projects/e200/e200.gen/sources_1/bd/system/ip/system_sys_ps7_0/system_sys_ps7_0/system_sys_ps7_0_in_context.xdc, line 129).
Applied set_property CLOCK_BUFFER_TYPE = NONE for ddr_dq[6]. (constraint file  /home/dator2/Documents/clean_fw_folder/antsdr-fw-patch/plutosdr-fw/hdl/projects/e200/e200.gen/sources_1/bd/system/ip/system_sys_ps7_0/system_sys_ps7_0/system_sys_ps7_0_in_context.xdc, line 130).
Applied set_property IO_BUFFER_TYPE = NONE for ddr_dq[7]. (constraint file  /home/dator2/Documents/clean_fw_folder/antsdr-fw-patch/plutosdr-fw/hdl/projects/e200/e200.gen/sources_1/bd/system/ip/system_sys_ps7_0/system_sys_ps7_0/system_sys_ps7_0_in_context.xdc, line 131).
Applied set_property CLOCK_BUFFER_TYPE = NONE for ddr_dq[7]. (constraint file  /home/dator2/Documents/clean_fw_folder/antsdr-fw-patch/plutosdr-fw/hdl/projects/e200/e200.gen/sources_1/bd/system/ip/system_sys_ps7_0/system_sys_ps7_0/system_sys_ps7_0_in_context.xdc, line 132).
Applied set_property IO_BUFFER_TYPE = NONE for ddr_dq[8]. (constraint file  /home/dator2/Documents/clean_fw_folder/antsdr-fw-patch/plutosdr-fw/hdl/projects/e200/e200.gen/sources_1/bd/system/ip/system_sys_ps7_0/system_sys_ps7_0/system_sys_ps7_0_in_context.xdc, line 133).
Applied set_property CLOCK_BUFFER_TYPE = NONE for ddr_dq[8]. (constraint file  /home/dator2/Documents/clean_fw_folder/antsdr-fw-patch/plutosdr-fw/hdl/projects/e200/e200.gen/sources_1/bd/system/ip/system_sys_ps7_0/system_sys_ps7_0/system_sys_ps7_0_in_context.xdc, line 134).
Applied set_property IO_BUFFER_TYPE = NONE for ddr_dq[9]. (constraint file  /home/dator2/Documents/clean_fw_folder/antsdr-fw-patch/plutosdr-fw/hdl/projects/e200/e200.gen/sources_1/bd/system/ip/system_sys_ps7_0/system_sys_ps7_0/system_sys_ps7_0_in_context.xdc, line 135).
Applied set_property CLOCK_BUFFER_TYPE = NONE for ddr_dq[9]. (constraint file  /home/dator2/Documents/clean_fw_folder/antsdr-fw-patch/plutosdr-fw/hdl/projects/e200/e200.gen/sources_1/bd/system/ip/system_sys_ps7_0/system_sys_ps7_0/system_sys_ps7_0_in_context.xdc, line 136).
Applied set_property IO_BUFFER_TYPE = NONE for ddr_reset_n. (constraint file  /home/dator2/Documents/clean_fw_folder/antsdr-fw-patch/plutosdr-fw/hdl/projects/e200/e200.gen/sources_1/bd/system/ip/system_sys_ps7_0/system_sys_ps7_0/system_sys_ps7_0_in_context.xdc, line 137).
Applied set_property CLOCK_BUFFER_TYPE = NONE for ddr_reset_n. (constraint file  /home/dator2/Documents/clean_fw_folder/antsdr-fw-patch/plutosdr-fw/hdl/projects/e200/e200.gen/sources_1/bd/system/ip/system_sys_ps7_0/system_sys_ps7_0/system_sys_ps7_0_in_context.xdc, line 138).
Applied set_property IO_BUFFER_TYPE = NONE for ddr_odt. (constraint file  /home/dator2/Documents/clean_fw_folder/antsdr-fw-patch/plutosdr-fw/hdl/projects/e200/e200.gen/sources_1/bd/system/ip/system_sys_ps7_0/system_sys_ps7_0/system_sys_ps7_0_in_context.xdc, line 139).
Applied set_property CLOCK_BUFFER_TYPE = NONE for ddr_odt. (constraint file  /home/dator2/Documents/clean_fw_folder/antsdr-fw-patch/plutosdr-fw/hdl/projects/e200/e200.gen/sources_1/bd/system/ip/system_sys_ps7_0/system_sys_ps7_0/system_sys_ps7_0_in_context.xdc, line 140).
Applied set_property IO_BUFFER_TYPE = NONE for ddr_ras_n. (constraint file  /home/dator2/Documents/clean_fw_folder/antsdr-fw-patch/plutosdr-fw/hdl/projects/e200/e200.gen/sources_1/bd/system/ip/system_sys_ps7_0/system_sys_ps7_0/system_sys_ps7_0_in_context.xdc, line 141).
Applied set_property CLOCK_BUFFER_TYPE = NONE for ddr_ras_n. (constraint file  /home/dator2/Documents/clean_fw_folder/antsdr-fw-patch/plutosdr-fw/hdl/projects/e200/e200.gen/sources_1/bd/system/ip/system_sys_ps7_0/system_sys_ps7_0/system_sys_ps7_0_in_context.xdc, line 142).
Applied set_property IO_BUFFER_TYPE = NONE for fixed_io_ddr_vrn. (constraint file  /home/dator2/Documents/clean_fw_folder/antsdr-fw-patch/plutosdr-fw/hdl/projects/e200/e200.gen/sources_1/bd/system/ip/system_sys_ps7_0/system_sys_ps7_0/system_sys_ps7_0_in_context.xdc, line 143).
Applied set_property CLOCK_BUFFER_TYPE = NONE for fixed_io_ddr_vrn. (constraint file  /home/dator2/Documents/clean_fw_folder/antsdr-fw-patch/plutosdr-fw/hdl/projects/e200/e200.gen/sources_1/bd/system/ip/system_sys_ps7_0/system_sys_ps7_0/system_sys_ps7_0_in_context.xdc, line 144).
Applied set_property IO_BUFFER_TYPE = NONE for fixed_io_ddr_vrp. (constraint file  /home/dator2/Documents/clean_fw_folder/antsdr-fw-patch/plutosdr-fw/hdl/projects/e200/e200.gen/sources_1/bd/system/ip/system_sys_ps7_0/system_sys_ps7_0/system_sys_ps7_0_in_context.xdc, line 145).
Applied set_property CLOCK_BUFFER_TYPE = NONE for fixed_io_ddr_vrp. (constraint file  /home/dator2/Documents/clean_fw_folder/antsdr-fw-patch/plutosdr-fw/hdl/projects/e200/e200.gen/sources_1/bd/system/ip/system_sys_ps7_0/system_sys_ps7_0/system_sys_ps7_0_in_context.xdc, line 146).
Applied set_property IO_BUFFER_TYPE = NONE for ddr_we_n. (constraint file  /home/dator2/Documents/clean_fw_folder/antsdr-fw-patch/plutosdr-fw/hdl/projects/e200/e200.gen/sources_1/bd/system/ip/system_sys_ps7_0/system_sys_ps7_0/system_sys_ps7_0_in_context.xdc, line 147).
Applied set_property CLOCK_BUFFER_TYPE = NONE for ddr_we_n. (constraint file  /home/dator2/Documents/clean_fw_folder/antsdr-fw-patch/plutosdr-fw/hdl/projects/e200/e200.gen/sources_1/bd/system/ip/system_sys_ps7_0/system_sys_ps7_0/system_sys_ps7_0_in_context.xdc, line 148).
Applied set_property IO_BUFFER_TYPE = NONE for fixed_io_mio[0]. (constraint file  /home/dator2/Documents/clean_fw_folder/antsdr-fw-patch/plutosdr-fw/hdl/projects/e200/e200.gen/sources_1/bd/system/ip/system_sys_ps7_0/system_sys_ps7_0/system_sys_ps7_0_in_context.xdc, line 149).
Applied set_property CLOCK_BUFFER_TYPE = NONE for fixed_io_mio[0]. (constraint file  /home/dator2/Documents/clean_fw_folder/antsdr-fw-patch/plutosdr-fw/hdl/projects/e200/e200.gen/sources_1/bd/system/ip/system_sys_ps7_0/system_sys_ps7_0/system_sys_ps7_0_in_context.xdc, line 150).
Applied set_property IO_BUFFER_TYPE = NONE for fixed_io_mio[10]. (constraint file  /home/dator2/Documents/clean_fw_folder/antsdr-fw-patch/plutosdr-fw/hdl/projects/e200/e200.gen/sources_1/bd/system/ip/system_sys_ps7_0/system_sys_ps7_0/system_sys_ps7_0_in_context.xdc, line 151).
Applied set_property CLOCK_BUFFER_TYPE = NONE for fixed_io_mio[10]. (constraint file  /home/dator2/Documents/clean_fw_folder/antsdr-fw-patch/plutosdr-fw/hdl/projects/e200/e200.gen/sources_1/bd/system/ip/system_sys_ps7_0/system_sys_ps7_0/system_sys_ps7_0_in_context.xdc, line 152).
Applied set_property IO_BUFFER_TYPE = NONE for fixed_io_mio[11]. (constraint file  /home/dator2/Documents/clean_fw_folder/antsdr-fw-patch/plutosdr-fw/hdl/projects/e200/e200.gen/sources_1/bd/system/ip/system_sys_ps7_0/system_sys_ps7_0/system_sys_ps7_0_in_context.xdc, line 153).
Applied set_property CLOCK_BUFFER_TYPE = NONE for fixed_io_mio[11]. (constraint file  /home/dator2/Documents/clean_fw_folder/antsdr-fw-patch/plutosdr-fw/hdl/projects/e200/e200.gen/sources_1/bd/system/ip/system_sys_ps7_0/system_sys_ps7_0/system_sys_ps7_0_in_context.xdc, line 154).
Applied set_property IO_BUFFER_TYPE = NONE for fixed_io_mio[12]. (constraint file  /home/dator2/Documents/clean_fw_folder/antsdr-fw-patch/plutosdr-fw/hdl/projects/e200/e200.gen/sources_1/bd/system/ip/system_sys_ps7_0/system_sys_ps7_0/system_sys_ps7_0_in_context.xdc, line 155).
Applied set_property CLOCK_BUFFER_TYPE = NONE for fixed_io_mio[12]. (constraint file  /home/dator2/Documents/clean_fw_folder/antsdr-fw-patch/plutosdr-fw/hdl/projects/e200/e200.gen/sources_1/bd/system/ip/system_sys_ps7_0/system_sys_ps7_0/system_sys_ps7_0_in_context.xdc, line 156).
Applied set_property IO_BUFFER_TYPE = NONE for fixed_io_mio[13]. (constraint file  /home/dator2/Documents/clean_fw_folder/antsdr-fw-patch/plutosdr-fw/hdl/projects/e200/e200.gen/sources_1/bd/system/ip/system_sys_ps7_0/system_sys_ps7_0/system_sys_ps7_0_in_context.xdc, line 157).
Applied set_property CLOCK_BUFFER_TYPE = NONE for fixed_io_mio[13]. (constraint file  /home/dator2/Documents/clean_fw_folder/antsdr-fw-patch/plutosdr-fw/hdl/projects/e200/e200.gen/sources_1/bd/system/ip/system_sys_ps7_0/system_sys_ps7_0/system_sys_ps7_0_in_context.xdc, line 158).
Applied set_property IO_BUFFER_TYPE = NONE for fixed_io_mio[14]. (constraint file  /home/dator2/Documents/clean_fw_folder/antsdr-fw-patch/plutosdr-fw/hdl/projects/e200/e200.gen/sources_1/bd/system/ip/system_sys_ps7_0/system_sys_ps7_0/system_sys_ps7_0_in_context.xdc, line 159).
Applied set_property CLOCK_BUFFER_TYPE = NONE for fixed_io_mio[14]. (constraint file  /home/dator2/Documents/clean_fw_folder/antsdr-fw-patch/plutosdr-fw/hdl/projects/e200/e200.gen/sources_1/bd/system/ip/system_sys_ps7_0/system_sys_ps7_0/system_sys_ps7_0_in_context.xdc, line 160).
Applied set_property IO_BUFFER_TYPE = NONE for fixed_io_mio[15]. (constraint file  /home/dator2/Documents/clean_fw_folder/antsdr-fw-patch/plutosdr-fw/hdl/projects/e200/e200.gen/sources_1/bd/system/ip/system_sys_ps7_0/system_sys_ps7_0/system_sys_ps7_0_in_context.xdc, line 161).
Applied set_property CLOCK_BUFFER_TYPE = NONE for fixed_io_mio[15]. (constraint file  /home/dator2/Documents/clean_fw_folder/antsdr-fw-patch/plutosdr-fw/hdl/projects/e200/e200.gen/sources_1/bd/system/ip/system_sys_ps7_0/system_sys_ps7_0/system_sys_ps7_0_in_context.xdc, line 162).
Applied set_property IO_BUFFER_TYPE = NONE for fixed_io_mio[16]. (constraint file  /home/dator2/Documents/clean_fw_folder/antsdr-fw-patch/plutosdr-fw/hdl/projects/e200/e200.gen/sources_1/bd/system/ip/system_sys_ps7_0/system_sys_ps7_0/system_sys_ps7_0_in_context.xdc, line 163).
Applied set_property CLOCK_BUFFER_TYPE = NONE for fixed_io_mio[16]. (constraint file  /home/dator2/Documents/clean_fw_folder/antsdr-fw-patch/plutosdr-fw/hdl/projects/e200/e200.gen/sources_1/bd/system/ip/system_sys_ps7_0/system_sys_ps7_0/system_sys_ps7_0_in_context.xdc, line 164).
Applied set_property IO_BUFFER_TYPE = NONE for fixed_io_mio[17]. (constraint file  /home/dator2/Documents/clean_fw_folder/antsdr-fw-patch/plutosdr-fw/hdl/projects/e200/e200.gen/sources_1/bd/system/ip/system_sys_ps7_0/system_sys_ps7_0/system_sys_ps7_0_in_context.xdc, line 165).
Applied set_property CLOCK_BUFFER_TYPE = NONE for fixed_io_mio[17]. (constraint file  /home/dator2/Documents/clean_fw_folder/antsdr-fw-patch/plutosdr-fw/hdl/projects/e200/e200.gen/sources_1/bd/system/ip/system_sys_ps7_0/system_sys_ps7_0/system_sys_ps7_0_in_context.xdc, line 166).
Applied set_property IO_BUFFER_TYPE = NONE for fixed_io_mio[18]. (constraint file  /home/dator2/Documents/clean_fw_folder/antsdr-fw-patch/plutosdr-fw/hdl/projects/e200/e200.gen/sources_1/bd/system/ip/system_sys_ps7_0/system_sys_ps7_0/system_sys_ps7_0_in_context.xdc, line 167).
Applied set_property CLOCK_BUFFER_TYPE = NONE for fixed_io_mio[18]. (constraint file  /home/dator2/Documents/clean_fw_folder/antsdr-fw-patch/plutosdr-fw/hdl/projects/e200/e200.gen/sources_1/bd/system/ip/system_sys_ps7_0/system_sys_ps7_0/system_sys_ps7_0_in_context.xdc, line 168).
Applied set_property IO_BUFFER_TYPE = NONE for fixed_io_mio[19]. (constraint file  /home/dator2/Documents/clean_fw_folder/antsdr-fw-patch/plutosdr-fw/hdl/projects/e200/e200.gen/sources_1/bd/system/ip/system_sys_ps7_0/system_sys_ps7_0/system_sys_ps7_0_in_context.xdc, line 169).
Applied set_property CLOCK_BUFFER_TYPE = NONE for fixed_io_mio[19]. (constraint file  /home/dator2/Documents/clean_fw_folder/antsdr-fw-patch/plutosdr-fw/hdl/projects/e200/e200.gen/sources_1/bd/system/ip/system_sys_ps7_0/system_sys_ps7_0/system_sys_ps7_0_in_context.xdc, line 170).
Applied set_property IO_BUFFER_TYPE = NONE for fixed_io_mio[1]. (constraint file  /home/dator2/Documents/clean_fw_folder/antsdr-fw-patch/plutosdr-fw/hdl/projects/e200/e200.gen/sources_1/bd/system/ip/system_sys_ps7_0/system_sys_ps7_0/system_sys_ps7_0_in_context.xdc, line 171).
Applied set_property CLOCK_BUFFER_TYPE = NONE for fixed_io_mio[1]. (constraint file  /home/dator2/Documents/clean_fw_folder/antsdr-fw-patch/plutosdr-fw/hdl/projects/e200/e200.gen/sources_1/bd/system/ip/system_sys_ps7_0/system_sys_ps7_0/system_sys_ps7_0_in_context.xdc, line 172).
Applied set_property IO_BUFFER_TYPE = NONE for fixed_io_mio[20]. (constraint file  /home/dator2/Documents/clean_fw_folder/antsdr-fw-patch/plutosdr-fw/hdl/projects/e200/e200.gen/sources_1/bd/system/ip/system_sys_ps7_0/system_sys_ps7_0/system_sys_ps7_0_in_context.xdc, line 173).
Applied set_property CLOCK_BUFFER_TYPE = NONE for fixed_io_mio[20]. (constraint file  /home/dator2/Documents/clean_fw_folder/antsdr-fw-patch/plutosdr-fw/hdl/projects/e200/e200.gen/sources_1/bd/system/ip/system_sys_ps7_0/system_sys_ps7_0/system_sys_ps7_0_in_context.xdc, line 174).
Applied set_property IO_BUFFER_TYPE = NONE for fixed_io_mio[21]. (constraint file  /home/dator2/Documents/clean_fw_folder/antsdr-fw-patch/plutosdr-fw/hdl/projects/e200/e200.gen/sources_1/bd/system/ip/system_sys_ps7_0/system_sys_ps7_0/system_sys_ps7_0_in_context.xdc, line 175).
Applied set_property CLOCK_BUFFER_TYPE = NONE for fixed_io_mio[21]. (constraint file  /home/dator2/Documents/clean_fw_folder/antsdr-fw-patch/plutosdr-fw/hdl/projects/e200/e200.gen/sources_1/bd/system/ip/system_sys_ps7_0/system_sys_ps7_0/system_sys_ps7_0_in_context.xdc, line 176).
Applied set_property IO_BUFFER_TYPE = NONE for fixed_io_mio[22]. (constraint file  /home/dator2/Documents/clean_fw_folder/antsdr-fw-patch/plutosdr-fw/hdl/projects/e200/e200.gen/sources_1/bd/system/ip/system_sys_ps7_0/system_sys_ps7_0/system_sys_ps7_0_in_context.xdc, line 177).
Applied set_property CLOCK_BUFFER_TYPE = NONE for fixed_io_mio[22]. (constraint file  /home/dator2/Documents/clean_fw_folder/antsdr-fw-patch/plutosdr-fw/hdl/projects/e200/e200.gen/sources_1/bd/system/ip/system_sys_ps7_0/system_sys_ps7_0/system_sys_ps7_0_in_context.xdc, line 178).
Applied set_property IO_BUFFER_TYPE = NONE for fixed_io_mio[23]. (constraint file  /home/dator2/Documents/clean_fw_folder/antsdr-fw-patch/plutosdr-fw/hdl/projects/e200/e200.gen/sources_1/bd/system/ip/system_sys_ps7_0/system_sys_ps7_0/system_sys_ps7_0_in_context.xdc, line 179).
Applied set_property CLOCK_BUFFER_TYPE = NONE for fixed_io_mio[23]. (constraint file  /home/dator2/Documents/clean_fw_folder/antsdr-fw-patch/plutosdr-fw/hdl/projects/e200/e200.gen/sources_1/bd/system/ip/system_sys_ps7_0/system_sys_ps7_0/system_sys_ps7_0_in_context.xdc, line 180).
Applied set_property IO_BUFFER_TYPE = NONE for fixed_io_mio[24]. (constraint file  /home/dator2/Documents/clean_fw_folder/antsdr-fw-patch/plutosdr-fw/hdl/projects/e200/e200.gen/sources_1/bd/system/ip/system_sys_ps7_0/system_sys_ps7_0/system_sys_ps7_0_in_context.xdc, line 181).
Applied set_property CLOCK_BUFFER_TYPE = NONE for fixed_io_mio[24]. (constraint file  /home/dator2/Documents/clean_fw_folder/antsdr-fw-patch/plutosdr-fw/hdl/projects/e200/e200.gen/sources_1/bd/system/ip/system_sys_ps7_0/system_sys_ps7_0/system_sys_ps7_0_in_context.xdc, line 182).
Applied set_property IO_BUFFER_TYPE = NONE for fixed_io_mio[25]. (constraint file  /home/dator2/Documents/clean_fw_folder/antsdr-fw-patch/plutosdr-fw/hdl/projects/e200/e200.gen/sources_1/bd/system/ip/system_sys_ps7_0/system_sys_ps7_0/system_sys_ps7_0_in_context.xdc, line 183).
Applied set_property CLOCK_BUFFER_TYPE = NONE for fixed_io_mio[25]. (constraint file  /home/dator2/Documents/clean_fw_folder/antsdr-fw-patch/plutosdr-fw/hdl/projects/e200/e200.gen/sources_1/bd/system/ip/system_sys_ps7_0/system_sys_ps7_0/system_sys_ps7_0_in_context.xdc, line 184).
Applied set_property IO_BUFFER_TYPE = NONE for fixed_io_mio[26]. (constraint file  /home/dator2/Documents/clean_fw_folder/antsdr-fw-patch/plutosdr-fw/hdl/projects/e200/e200.gen/sources_1/bd/system/ip/system_sys_ps7_0/system_sys_ps7_0/system_sys_ps7_0_in_context.xdc, line 185).
Applied set_property CLOCK_BUFFER_TYPE = NONE for fixed_io_mio[26]. (constraint file  /home/dator2/Documents/clean_fw_folder/antsdr-fw-patch/plutosdr-fw/hdl/projects/e200/e200.gen/sources_1/bd/system/ip/system_sys_ps7_0/system_sys_ps7_0/system_sys_ps7_0_in_context.xdc, line 186).
Applied set_property IO_BUFFER_TYPE = NONE for fixed_io_mio[27]. (constraint file  /home/dator2/Documents/clean_fw_folder/antsdr-fw-patch/plutosdr-fw/hdl/projects/e200/e200.gen/sources_1/bd/system/ip/system_sys_ps7_0/system_sys_ps7_0/system_sys_ps7_0_in_context.xdc, line 187).
Applied set_property CLOCK_BUFFER_TYPE = NONE for fixed_io_mio[27]. (constraint file  /home/dator2/Documents/clean_fw_folder/antsdr-fw-patch/plutosdr-fw/hdl/projects/e200/e200.gen/sources_1/bd/system/ip/system_sys_ps7_0/system_sys_ps7_0/system_sys_ps7_0_in_context.xdc, line 188).
Applied set_property IO_BUFFER_TYPE = NONE for fixed_io_mio[28]. (constraint file  /home/dator2/Documents/clean_fw_folder/antsdr-fw-patch/plutosdr-fw/hdl/projects/e200/e200.gen/sources_1/bd/system/ip/system_sys_ps7_0/system_sys_ps7_0/system_sys_ps7_0_in_context.xdc, line 189).
Applied set_property CLOCK_BUFFER_TYPE = NONE for fixed_io_mio[28]. (constraint file  /home/dator2/Documents/clean_fw_folder/antsdr-fw-patch/plutosdr-fw/hdl/projects/e200/e200.gen/sources_1/bd/system/ip/system_sys_ps7_0/system_sys_ps7_0/system_sys_ps7_0_in_context.xdc, line 190).
Applied set_property IO_BUFFER_TYPE = NONE for fixed_io_mio[29]. (constraint file  /home/dator2/Documents/clean_fw_folder/antsdr-fw-patch/plutosdr-fw/hdl/projects/e200/e200.gen/sources_1/bd/system/ip/system_sys_ps7_0/system_sys_ps7_0/system_sys_ps7_0_in_context.xdc, line 191).
Applied set_property CLOCK_BUFFER_TYPE = NONE for fixed_io_mio[29]. (constraint file  /home/dator2/Documents/clean_fw_folder/antsdr-fw-patch/plutosdr-fw/hdl/projects/e200/e200.gen/sources_1/bd/system/ip/system_sys_ps7_0/system_sys_ps7_0/system_sys_ps7_0_in_context.xdc, line 192).
Applied set_property IO_BUFFER_TYPE = NONE for fixed_io_mio[2]. (constraint file  /home/dator2/Documents/clean_fw_folder/antsdr-fw-patch/plutosdr-fw/hdl/projects/e200/e200.gen/sources_1/bd/system/ip/system_sys_ps7_0/system_sys_ps7_0/system_sys_ps7_0_in_context.xdc, line 193).
Applied set_property CLOCK_BUFFER_TYPE = NONE for fixed_io_mio[2]. (constraint file  /home/dator2/Documents/clean_fw_folder/antsdr-fw-patch/plutosdr-fw/hdl/projects/e200/e200.gen/sources_1/bd/system/ip/system_sys_ps7_0/system_sys_ps7_0/system_sys_ps7_0_in_context.xdc, line 194).
Applied set_property IO_BUFFER_TYPE = NONE for fixed_io_mio[30]. (constraint file  /home/dator2/Documents/clean_fw_folder/antsdr-fw-patch/plutosdr-fw/hdl/projects/e200/e200.gen/sources_1/bd/system/ip/system_sys_ps7_0/system_sys_ps7_0/system_sys_ps7_0_in_context.xdc, line 195).
Applied set_property CLOCK_BUFFER_TYPE = NONE for fixed_io_mio[30]. (constraint file  /home/dator2/Documents/clean_fw_folder/antsdr-fw-patch/plutosdr-fw/hdl/projects/e200/e200.gen/sources_1/bd/system/ip/system_sys_ps7_0/system_sys_ps7_0/system_sys_ps7_0_in_context.xdc, line 196).
Applied set_property IO_BUFFER_TYPE = NONE for fixed_io_mio[31]. (constraint file  /home/dator2/Documents/clean_fw_folder/antsdr-fw-patch/plutosdr-fw/hdl/projects/e200/e200.gen/sources_1/bd/system/ip/system_sys_ps7_0/system_sys_ps7_0/system_sys_ps7_0_in_context.xdc, line 197).
Applied set_property CLOCK_BUFFER_TYPE = NONE for fixed_io_mio[31]. (constraint file  /home/dator2/Documents/clean_fw_folder/antsdr-fw-patch/plutosdr-fw/hdl/projects/e200/e200.gen/sources_1/bd/system/ip/system_sys_ps7_0/system_sys_ps7_0/system_sys_ps7_0_in_context.xdc, line 198).
Applied set_property IO_BUFFER_TYPE = NONE for fixed_io_mio[3]. (constraint file  /home/dator2/Documents/clean_fw_folder/antsdr-fw-patch/plutosdr-fw/hdl/projects/e200/e200.gen/sources_1/bd/system/ip/system_sys_ps7_0/system_sys_ps7_0/system_sys_ps7_0_in_context.xdc, line 215).
Applied set_property CLOCK_BUFFER_TYPE = NONE for fixed_io_mio[3]. (constraint file  /home/dator2/Documents/clean_fw_folder/antsdr-fw-patch/plutosdr-fw/hdl/projects/e200/e200.gen/sources_1/bd/system/ip/system_sys_ps7_0/system_sys_ps7_0/system_sys_ps7_0_in_context.xdc, line 216).
Applied set_property IO_BUFFER_TYPE = NONE for fixed_io_mio[4]. (constraint file  /home/dator2/Documents/clean_fw_folder/antsdr-fw-patch/plutosdr-fw/hdl/projects/e200/e200.gen/sources_1/bd/system/ip/system_sys_ps7_0/system_sys_ps7_0/system_sys_ps7_0_in_context.xdc, line 237).
Applied set_property CLOCK_BUFFER_TYPE = NONE for fixed_io_mio[4]. (constraint file  /home/dator2/Documents/clean_fw_folder/antsdr-fw-patch/plutosdr-fw/hdl/projects/e200/e200.gen/sources_1/bd/system/ip/system_sys_ps7_0/system_sys_ps7_0/system_sys_ps7_0_in_context.xdc, line 238).
Applied set_property IO_BUFFER_TYPE = NONE for fixed_io_mio[5]. (constraint file  /home/dator2/Documents/clean_fw_folder/antsdr-fw-patch/plutosdr-fw/hdl/projects/e200/e200.gen/sources_1/bd/system/ip/system_sys_ps7_0/system_sys_ps7_0/system_sys_ps7_0_in_context.xdc, line 247).
Applied set_property CLOCK_BUFFER_TYPE = NONE for fixed_io_mio[5]. (constraint file  /home/dator2/Documents/clean_fw_folder/antsdr-fw-patch/plutosdr-fw/hdl/projects/e200/e200.gen/sources_1/bd/system/ip/system_sys_ps7_0/system_sys_ps7_0/system_sys_ps7_0_in_context.xdc, line 248).
Applied set_property IO_BUFFER_TYPE = NONE for fixed_io_mio[6]. (constraint file  /home/dator2/Documents/clean_fw_folder/antsdr-fw-patch/plutosdr-fw/hdl/projects/e200/e200.gen/sources_1/bd/system/ip/system_sys_ps7_0/system_sys_ps7_0/system_sys_ps7_0_in_context.xdc, line 249).
Applied set_property CLOCK_BUFFER_TYPE = NONE for fixed_io_mio[6]. (constraint file  /home/dator2/Documents/clean_fw_folder/antsdr-fw-patch/plutosdr-fw/hdl/projects/e200/e200.gen/sources_1/bd/system/ip/system_sys_ps7_0/system_sys_ps7_0/system_sys_ps7_0_in_context.xdc, line 250).
Applied set_property IO_BUFFER_TYPE = NONE for fixed_io_mio[7]. (constraint file  /home/dator2/Documents/clean_fw_folder/antsdr-fw-patch/plutosdr-fw/hdl/projects/e200/e200.gen/sources_1/bd/system/ip/system_sys_ps7_0/system_sys_ps7_0/system_sys_ps7_0_in_context.xdc, line 251).
Applied set_property CLOCK_BUFFER_TYPE = NONE for fixed_io_mio[7]. (constraint file  /home/dator2/Documents/clean_fw_folder/antsdr-fw-patch/plutosdr-fw/hdl/projects/e200/e200.gen/sources_1/bd/system/ip/system_sys_ps7_0/system_sys_ps7_0/system_sys_ps7_0_in_context.xdc, line 252).
Applied set_property IO_BUFFER_TYPE = NONE for fixed_io_mio[8]. (constraint file  /home/dator2/Documents/clean_fw_folder/antsdr-fw-patch/plutosdr-fw/hdl/projects/e200/e200.gen/sources_1/bd/system/ip/system_sys_ps7_0/system_sys_ps7_0/system_sys_ps7_0_in_context.xdc, line 253).
Applied set_property CLOCK_BUFFER_TYPE = NONE for fixed_io_mio[8]. (constraint file  /home/dator2/Documents/clean_fw_folder/antsdr-fw-patch/plutosdr-fw/hdl/projects/e200/e200.gen/sources_1/bd/system/ip/system_sys_ps7_0/system_sys_ps7_0/system_sys_ps7_0_in_context.xdc, line 254).
Applied set_property IO_BUFFER_TYPE = NONE for fixed_io_mio[9]. (constraint file  /home/dator2/Documents/clean_fw_folder/antsdr-fw-patch/plutosdr-fw/hdl/projects/e200/e200.gen/sources_1/bd/system/ip/system_sys_ps7_0/system_sys_ps7_0/system_sys_ps7_0_in_context.xdc, line 255).
Applied set_property CLOCK_BUFFER_TYPE = NONE for fixed_io_mio[9]. (constraint file  /home/dator2/Documents/clean_fw_folder/antsdr-fw-patch/plutosdr-fw/hdl/projects/e200/e200.gen/sources_1/bd/system/ip/system_sys_ps7_0/system_sys_ps7_0/system_sys_ps7_0_in_context.xdc, line 256).
Applied set_property IO_BUFFER_TYPE = NONE for fixed_io_ps_clk. (constraint file  /home/dator2/Documents/clean_fw_folder/antsdr-fw-patch/plutosdr-fw/hdl/projects/e200/e200.gen/sources_1/bd/system/ip/system_sys_ps7_0/system_sys_ps7_0/system_sys_ps7_0_in_context.xdc, line 257).
Applied set_property CLOCK_BUFFER_TYPE = NONE for fixed_io_ps_clk. (constraint file  /home/dator2/Documents/clean_fw_folder/antsdr-fw-patch/plutosdr-fw/hdl/projects/e200/e200.gen/sources_1/bd/system/ip/system_sys_ps7_0/system_sys_ps7_0/system_sys_ps7_0_in_context.xdc, line 258).
Applied set_property IO_BUFFER_TYPE = NONE for fixed_io_ps_porb. (constraint file  /home/dator2/Documents/clean_fw_folder/antsdr-fw-patch/plutosdr-fw/hdl/projects/e200/e200.gen/sources_1/bd/system/ip/system_sys_ps7_0/system_sys_ps7_0/system_sys_ps7_0_in_context.xdc, line 259).
Applied set_property CLOCK_BUFFER_TYPE = NONE for fixed_io_ps_porb. (constraint file  /home/dator2/Documents/clean_fw_folder/antsdr-fw-patch/plutosdr-fw/hdl/projects/e200/e200.gen/sources_1/bd/system/ip/system_sys_ps7_0/system_sys_ps7_0/system_sys_ps7_0_in_context.xdc, line 260).
Applied set_property IO_BUFFER_TYPE = NONE for fixed_io_ps_srstb. (constraint file  /home/dator2/Documents/clean_fw_folder/antsdr-fw-patch/plutosdr-fw/hdl/projects/e200/e200.gen/sources_1/bd/system/ip/system_sys_ps7_0/system_sys_ps7_0/system_sys_ps7_0_in_context.xdc, line 261).
Applied set_property CLOCK_BUFFER_TYPE = NONE for fixed_io_ps_srstb. (constraint file  /home/dator2/Documents/clean_fw_folder/antsdr-fw-patch/plutosdr-fw/hdl/projects/e200/e200.gen/sources_1/bd/system/ip/system_sys_ps7_0/system_sys_ps7_0/system_sys_ps7_0_in_context.xdc, line 262).
Applied set_property IO_BUFFER_TYPE = NONE for RGMII_rx_ctl. (constraint file  /home/dator2/Documents/clean_fw_folder/antsdr-fw-patch/plutosdr-fw/hdl/projects/e200/e200.gen/sources_1/bd/system/ip/system_sys_rgmii_0/system_sys_rgmii_0/system_sys_rgmii_0_in_context.xdc, line 7).
Applied set_property CLOCK_BUFFER_TYPE = NONE for RGMII_rx_ctl. (constraint file  /home/dator2/Documents/clean_fw_folder/antsdr-fw-patch/plutosdr-fw/hdl/projects/e200/e200.gen/sources_1/bd/system/ip/system_sys_rgmii_0/system_sys_rgmii_0/system_sys_rgmii_0_in_context.xdc, line 8).
Applied set_property IO_BUFFER_TYPE = NONE for RGMII_rxc. (constraint file  /home/dator2/Documents/clean_fw_folder/antsdr-fw-patch/plutosdr-fw/hdl/projects/e200/e200.gen/sources_1/bd/system/ip/system_sys_rgmii_0/system_sys_rgmii_0/system_sys_rgmii_0_in_context.xdc, line 9).
Applied set_property CLOCK_BUFFER_TYPE = NONE for RGMII_rxc. (constraint file  /home/dator2/Documents/clean_fw_folder/antsdr-fw-patch/plutosdr-fw/hdl/projects/e200/e200.gen/sources_1/bd/system/ip/system_sys_rgmii_0/system_sys_rgmii_0/system_sys_rgmii_0_in_context.xdc, line 10).
Applied set_property IO_BUFFER_TYPE = NONE for RGMII_rd[0]. (constraint file  /home/dator2/Documents/clean_fw_folder/antsdr-fw-patch/plutosdr-fw/hdl/projects/e200/e200.gen/sources_1/bd/system/ip/system_sys_rgmii_0/system_sys_rgmii_0/system_sys_rgmii_0_in_context.xdc, line 11).
Applied set_property CLOCK_BUFFER_TYPE = NONE for RGMII_rd[0]. (constraint file  /home/dator2/Documents/clean_fw_folder/antsdr-fw-patch/plutosdr-fw/hdl/projects/e200/e200.gen/sources_1/bd/system/ip/system_sys_rgmii_0/system_sys_rgmii_0/system_sys_rgmii_0_in_context.xdc, line 12).
Applied set_property IO_BUFFER_TYPE = NONE for RGMII_rd[1]. (constraint file  /home/dator2/Documents/clean_fw_folder/antsdr-fw-patch/plutosdr-fw/hdl/projects/e200/e200.gen/sources_1/bd/system/ip/system_sys_rgmii_0/system_sys_rgmii_0/system_sys_rgmii_0_in_context.xdc, line 13).
Applied set_property CLOCK_BUFFER_TYPE = NONE for RGMII_rd[1]. (constraint file  /home/dator2/Documents/clean_fw_folder/antsdr-fw-patch/plutosdr-fw/hdl/projects/e200/e200.gen/sources_1/bd/system/ip/system_sys_rgmii_0/system_sys_rgmii_0/system_sys_rgmii_0_in_context.xdc, line 14).
Applied set_property IO_BUFFER_TYPE = NONE for RGMII_rd[2]. (constraint file  /home/dator2/Documents/clean_fw_folder/antsdr-fw-patch/plutosdr-fw/hdl/projects/e200/e200.gen/sources_1/bd/system/ip/system_sys_rgmii_0/system_sys_rgmii_0/system_sys_rgmii_0_in_context.xdc, line 15).
Applied set_property CLOCK_BUFFER_TYPE = NONE for RGMII_rd[2]. (constraint file  /home/dator2/Documents/clean_fw_folder/antsdr-fw-patch/plutosdr-fw/hdl/projects/e200/e200.gen/sources_1/bd/system/ip/system_sys_rgmii_0/system_sys_rgmii_0/system_sys_rgmii_0_in_context.xdc, line 16).
Applied set_property IO_BUFFER_TYPE = NONE for RGMII_rd[3]. (constraint file  /home/dator2/Documents/clean_fw_folder/antsdr-fw-patch/plutosdr-fw/hdl/projects/e200/e200.gen/sources_1/bd/system/ip/system_sys_rgmii_0/system_sys_rgmii_0/system_sys_rgmii_0_in_context.xdc, line 17).
Applied set_property CLOCK_BUFFER_TYPE = NONE for RGMII_rd[3]. (constraint file  /home/dator2/Documents/clean_fw_folder/antsdr-fw-patch/plutosdr-fw/hdl/projects/e200/e200.gen/sources_1/bd/system/ip/system_sys_rgmii_0/system_sys_rgmii_0/system_sys_rgmii_0_in_context.xdc, line 18).
Applied set_property IO_BUFFER_TYPE = NONE for RGMII_tx_ctl. (constraint file  /home/dator2/Documents/clean_fw_folder/antsdr-fw-patch/plutosdr-fw/hdl/projects/e200/e200.gen/sources_1/bd/system/ip/system_sys_rgmii_0/system_sys_rgmii_0/system_sys_rgmii_0_in_context.xdc, line 19).
Applied set_property CLOCK_BUFFER_TYPE = NONE for RGMII_tx_ctl. (constraint file  /home/dator2/Documents/clean_fw_folder/antsdr-fw-patch/plutosdr-fw/hdl/projects/e200/e200.gen/sources_1/bd/system/ip/system_sys_rgmii_0/system_sys_rgmii_0/system_sys_rgmii_0_in_context.xdc, line 20).
Applied set_property IO_BUFFER_TYPE = NONE for RGMII_txc. (constraint file  /home/dator2/Documents/clean_fw_folder/antsdr-fw-patch/plutosdr-fw/hdl/projects/e200/e200.gen/sources_1/bd/system/ip/system_sys_rgmii_0/system_sys_rgmii_0/system_sys_rgmii_0_in_context.xdc, line 21).
Applied set_property CLOCK_BUFFER_TYPE = NONE for RGMII_txc. (constraint file  /home/dator2/Documents/clean_fw_folder/antsdr-fw-patch/plutosdr-fw/hdl/projects/e200/e200.gen/sources_1/bd/system/ip/system_sys_rgmii_0/system_sys_rgmii_0/system_sys_rgmii_0_in_context.xdc, line 22).
Applied set_property IO_BUFFER_TYPE = NONE for RGMII_td[0]. (constraint file  /home/dator2/Documents/clean_fw_folder/antsdr-fw-patch/plutosdr-fw/hdl/projects/e200/e200.gen/sources_1/bd/system/ip/system_sys_rgmii_0/system_sys_rgmii_0/system_sys_rgmii_0_in_context.xdc, line 23).
Applied set_property CLOCK_BUFFER_TYPE = NONE for RGMII_td[0]. (constraint file  /home/dator2/Documents/clean_fw_folder/antsdr-fw-patch/plutosdr-fw/hdl/projects/e200/e200.gen/sources_1/bd/system/ip/system_sys_rgmii_0/system_sys_rgmii_0/system_sys_rgmii_0_in_context.xdc, line 24).
Applied set_property IO_BUFFER_TYPE = NONE for RGMII_td[1]. (constraint file  /home/dator2/Documents/clean_fw_folder/antsdr-fw-patch/plutosdr-fw/hdl/projects/e200/e200.gen/sources_1/bd/system/ip/system_sys_rgmii_0/system_sys_rgmii_0/system_sys_rgmii_0_in_context.xdc, line 25).
Applied set_property CLOCK_BUFFER_TYPE = NONE for RGMII_td[1]. (constraint file  /home/dator2/Documents/clean_fw_folder/antsdr-fw-patch/plutosdr-fw/hdl/projects/e200/e200.gen/sources_1/bd/system/ip/system_sys_rgmii_0/system_sys_rgmii_0/system_sys_rgmii_0_in_context.xdc, line 26).
Applied set_property IO_BUFFER_TYPE = NONE for RGMII_td[2]. (constraint file  /home/dator2/Documents/clean_fw_folder/antsdr-fw-patch/plutosdr-fw/hdl/projects/e200/e200.gen/sources_1/bd/system/ip/system_sys_rgmii_0/system_sys_rgmii_0/system_sys_rgmii_0_in_context.xdc, line 27).
Applied set_property CLOCK_BUFFER_TYPE = NONE for RGMII_td[2]. (constraint file  /home/dator2/Documents/clean_fw_folder/antsdr-fw-patch/plutosdr-fw/hdl/projects/e200/e200.gen/sources_1/bd/system/ip/system_sys_rgmii_0/system_sys_rgmii_0/system_sys_rgmii_0_in_context.xdc, line 28).
Applied set_property IO_BUFFER_TYPE = NONE for RGMII_td[3]. (constraint file  /home/dator2/Documents/clean_fw_folder/antsdr-fw-patch/plutosdr-fw/hdl/projects/e200/e200.gen/sources_1/bd/system/ip/system_sys_rgmii_0/system_sys_rgmii_0/system_sys_rgmii_0_in_context.xdc, line 29).
Applied set_property CLOCK_BUFFER_TYPE = NONE for RGMII_td[3]. (constraint file  /home/dator2/Documents/clean_fw_folder/antsdr-fw-patch/plutosdr-fw/hdl/projects/e200/e200.gen/sources_1/bd/system/ip/system_sys_rgmii_0/system_sys_rgmii_0/system_sys_rgmii_0_in_context.xdc, line 30).
Applied set_property IO_BUFFER_TYPE = NONE for enable. (constraint file  /home/dator2/Documents/clean_fw_folder/antsdr-fw-patch/plutosdr-fw/hdl/projects/e200/e200.gen/sources_1/bd/system/ip/system_axi_ad9361_0/system_axi_ad9361_0/system_axi_ad9361_0_in_context.xdc, line 1).
Applied set_property CLOCK_BUFFER_TYPE = NONE for enable. (constraint file  /home/dator2/Documents/clean_fw_folder/antsdr-fw-patch/plutosdr-fw/hdl/projects/e200/e200.gen/sources_1/bd/system/ip/system_axi_ad9361_0/system_axi_ad9361_0/system_axi_ad9361_0_in_context.xdc, line 2).
Applied set_property IO_BUFFER_TYPE = NONE for rx_clk_in. (constraint file  /home/dator2/Documents/clean_fw_folder/antsdr-fw-patch/plutosdr-fw/hdl/projects/e200/e200.gen/sources_1/bd/system/ip/system_axi_ad9361_0/system_axi_ad9361_0/system_axi_ad9361_0_in_context.xdc, line 3).
Applied set_property CLOCK_BUFFER_TYPE = NONE for rx_clk_in. (constraint file  /home/dator2/Documents/clean_fw_folder/antsdr-fw-patch/plutosdr-fw/hdl/projects/e200/e200.gen/sources_1/bd/system/ip/system_axi_ad9361_0/system_axi_ad9361_0/system_axi_ad9361_0_in_context.xdc, line 4).
Applied set_property IO_BUFFER_TYPE = NONE for rx_data_in[0]. (constraint file  /home/dator2/Documents/clean_fw_folder/antsdr-fw-patch/plutosdr-fw/hdl/projects/e200/e200.gen/sources_1/bd/system/ip/system_axi_ad9361_0/system_axi_ad9361_0/system_axi_ad9361_0_in_context.xdc, line 5).
Applied set_property CLOCK_BUFFER_TYPE = NONE for rx_data_in[0]. (constraint file  /home/dator2/Documents/clean_fw_folder/antsdr-fw-patch/plutosdr-fw/hdl/projects/e200/e200.gen/sources_1/bd/system/ip/system_axi_ad9361_0/system_axi_ad9361_0/system_axi_ad9361_0_in_context.xdc, line 6).
Applied set_property IO_BUFFER_TYPE = NONE for rx_data_in[10]. (constraint file  /home/dator2/Documents/clean_fw_folder/antsdr-fw-patch/plutosdr-fw/hdl/projects/e200/e200.gen/sources_1/bd/system/ip/system_axi_ad9361_0/system_axi_ad9361_0/system_axi_ad9361_0_in_context.xdc, line 7).
Applied set_property CLOCK_BUFFER_TYPE = NONE for rx_data_in[10]. (constraint file  /home/dator2/Documents/clean_fw_folder/antsdr-fw-patch/plutosdr-fw/hdl/projects/e200/e200.gen/sources_1/bd/system/ip/system_axi_ad9361_0/system_axi_ad9361_0/system_axi_ad9361_0_in_context.xdc, line 8).
Applied set_property IO_BUFFER_TYPE = NONE for rx_data_in[11]. (constraint file  /home/dator2/Documents/clean_fw_folder/antsdr-fw-patch/plutosdr-fw/hdl/projects/e200/e200.gen/sources_1/bd/system/ip/system_axi_ad9361_0/system_axi_ad9361_0/system_axi_ad9361_0_in_context.xdc, line 9).
Applied set_property CLOCK_BUFFER_TYPE = NONE for rx_data_in[11]. (constraint file  /home/dator2/Documents/clean_fw_folder/antsdr-fw-patch/plutosdr-fw/hdl/projects/e200/e200.gen/sources_1/bd/system/ip/system_axi_ad9361_0/system_axi_ad9361_0/system_axi_ad9361_0_in_context.xdc, line 10).
Applied set_property IO_BUFFER_TYPE = NONE for rx_data_in[1]. (constraint file  /home/dator2/Documents/clean_fw_folder/antsdr-fw-patch/plutosdr-fw/hdl/projects/e200/e200.gen/sources_1/bd/system/ip/system_axi_ad9361_0/system_axi_ad9361_0/system_axi_ad9361_0_in_context.xdc, line 11).
Applied set_property CLOCK_BUFFER_TYPE = NONE for rx_data_in[1]. (constraint file  /home/dator2/Documents/clean_fw_folder/antsdr-fw-patch/plutosdr-fw/hdl/projects/e200/e200.gen/sources_1/bd/system/ip/system_axi_ad9361_0/system_axi_ad9361_0/system_axi_ad9361_0_in_context.xdc, line 12).
Applied set_property IO_BUFFER_TYPE = NONE for rx_data_in[2]. (constraint file  /home/dator2/Documents/clean_fw_folder/antsdr-fw-patch/plutosdr-fw/hdl/projects/e200/e200.gen/sources_1/bd/system/ip/system_axi_ad9361_0/system_axi_ad9361_0/system_axi_ad9361_0_in_context.xdc, line 13).
Applied set_property CLOCK_BUFFER_TYPE = NONE for rx_data_in[2]. (constraint file  /home/dator2/Documents/clean_fw_folder/antsdr-fw-patch/plutosdr-fw/hdl/projects/e200/e200.gen/sources_1/bd/system/ip/system_axi_ad9361_0/system_axi_ad9361_0/system_axi_ad9361_0_in_context.xdc, line 14).
Applied set_property IO_BUFFER_TYPE = NONE for rx_data_in[3]. (constraint file  /home/dator2/Documents/clean_fw_folder/antsdr-fw-patch/plutosdr-fw/hdl/projects/e200/e200.gen/sources_1/bd/system/ip/system_axi_ad9361_0/system_axi_ad9361_0/system_axi_ad9361_0_in_context.xdc, line 15).
Applied set_property CLOCK_BUFFER_TYPE = NONE for rx_data_in[3]. (constraint file  /home/dator2/Documents/clean_fw_folder/antsdr-fw-patch/plutosdr-fw/hdl/projects/e200/e200.gen/sources_1/bd/system/ip/system_axi_ad9361_0/system_axi_ad9361_0/system_axi_ad9361_0_in_context.xdc, line 16).
Applied set_property IO_BUFFER_TYPE = NONE for rx_data_in[4]. (constraint file  /home/dator2/Documents/clean_fw_folder/antsdr-fw-patch/plutosdr-fw/hdl/projects/e200/e200.gen/sources_1/bd/system/ip/system_axi_ad9361_0/system_axi_ad9361_0/system_axi_ad9361_0_in_context.xdc, line 17).
Applied set_property CLOCK_BUFFER_TYPE = NONE for rx_data_in[4]. (constraint file  /home/dator2/Documents/clean_fw_folder/antsdr-fw-patch/plutosdr-fw/hdl/projects/e200/e200.gen/sources_1/bd/system/ip/system_axi_ad9361_0/system_axi_ad9361_0/system_axi_ad9361_0_in_context.xdc, line 18).
Applied set_property IO_BUFFER_TYPE = NONE for rx_data_in[5]. (constraint file  /home/dator2/Documents/clean_fw_folder/antsdr-fw-patch/plutosdr-fw/hdl/projects/e200/e200.gen/sources_1/bd/system/ip/system_axi_ad9361_0/system_axi_ad9361_0/system_axi_ad9361_0_in_context.xdc, line 19).
Applied set_property CLOCK_BUFFER_TYPE = NONE for rx_data_in[5]. (constraint file  /home/dator2/Documents/clean_fw_folder/antsdr-fw-patch/plutosdr-fw/hdl/projects/e200/e200.gen/sources_1/bd/system/ip/system_axi_ad9361_0/system_axi_ad9361_0/system_axi_ad9361_0_in_context.xdc, line 20).
Applied set_property IO_BUFFER_TYPE = NONE for rx_data_in[6]. (constraint file  /home/dator2/Documents/clean_fw_folder/antsdr-fw-patch/plutosdr-fw/hdl/projects/e200/e200.gen/sources_1/bd/system/ip/system_axi_ad9361_0/system_axi_ad9361_0/system_axi_ad9361_0_in_context.xdc, line 21).
Applied set_property CLOCK_BUFFER_TYPE = NONE for rx_data_in[6]. (constraint file  /home/dator2/Documents/clean_fw_folder/antsdr-fw-patch/plutosdr-fw/hdl/projects/e200/e200.gen/sources_1/bd/system/ip/system_axi_ad9361_0/system_axi_ad9361_0/system_axi_ad9361_0_in_context.xdc, line 22).
Applied set_property IO_BUFFER_TYPE = NONE for rx_data_in[7]. (constraint file  /home/dator2/Documents/clean_fw_folder/antsdr-fw-patch/plutosdr-fw/hdl/projects/e200/e200.gen/sources_1/bd/system/ip/system_axi_ad9361_0/system_axi_ad9361_0/system_axi_ad9361_0_in_context.xdc, line 23).
Applied set_property CLOCK_BUFFER_TYPE = NONE for rx_data_in[7]. (constraint file  /home/dator2/Documents/clean_fw_folder/antsdr-fw-patch/plutosdr-fw/hdl/projects/e200/e200.gen/sources_1/bd/system/ip/system_axi_ad9361_0/system_axi_ad9361_0/system_axi_ad9361_0_in_context.xdc, line 24).
Applied set_property IO_BUFFER_TYPE = NONE for rx_data_in[8]. (constraint file  /home/dator2/Documents/clean_fw_folder/antsdr-fw-patch/plutosdr-fw/hdl/projects/e200/e200.gen/sources_1/bd/system/ip/system_axi_ad9361_0/system_axi_ad9361_0/system_axi_ad9361_0_in_context.xdc, line 25).
Applied set_property CLOCK_BUFFER_TYPE = NONE for rx_data_in[8]. (constraint file  /home/dator2/Documents/clean_fw_folder/antsdr-fw-patch/plutosdr-fw/hdl/projects/e200/e200.gen/sources_1/bd/system/ip/system_axi_ad9361_0/system_axi_ad9361_0/system_axi_ad9361_0_in_context.xdc, line 26).
Applied set_property IO_BUFFER_TYPE = NONE for rx_data_in[9]. (constraint file  /home/dator2/Documents/clean_fw_folder/antsdr-fw-patch/plutosdr-fw/hdl/projects/e200/e200.gen/sources_1/bd/system/ip/system_axi_ad9361_0/system_axi_ad9361_0/system_axi_ad9361_0_in_context.xdc, line 27).
Applied set_property CLOCK_BUFFER_TYPE = NONE for rx_data_in[9]. (constraint file  /home/dator2/Documents/clean_fw_folder/antsdr-fw-patch/plutosdr-fw/hdl/projects/e200/e200.gen/sources_1/bd/system/ip/system_axi_ad9361_0/system_axi_ad9361_0/system_axi_ad9361_0_in_context.xdc, line 28).
Applied set_property IO_BUFFER_TYPE = NONE for rx_frame_in. (constraint file  /home/dator2/Documents/clean_fw_folder/antsdr-fw-patch/plutosdr-fw/hdl/projects/e200/e200.gen/sources_1/bd/system/ip/system_axi_ad9361_0/system_axi_ad9361_0/system_axi_ad9361_0_in_context.xdc, line 29).
Applied set_property CLOCK_BUFFER_TYPE = NONE for rx_frame_in. (constraint file  /home/dator2/Documents/clean_fw_folder/antsdr-fw-patch/plutosdr-fw/hdl/projects/e200/e200.gen/sources_1/bd/system/ip/system_axi_ad9361_0/system_axi_ad9361_0/system_axi_ad9361_0_in_context.xdc, line 30).
Applied set_property IO_BUFFER_TYPE = NONE for tx_clk_out. (constraint file  /home/dator2/Documents/clean_fw_folder/antsdr-fw-patch/plutosdr-fw/hdl/projects/e200/e200.gen/sources_1/bd/system/ip/system_axi_ad9361_0/system_axi_ad9361_0/system_axi_ad9361_0_in_context.xdc, line 31).
Applied set_property CLOCK_BUFFER_TYPE = NONE for tx_clk_out. (constraint file  /home/dator2/Documents/clean_fw_folder/antsdr-fw-patch/plutosdr-fw/hdl/projects/e200/e200.gen/sources_1/bd/system/ip/system_axi_ad9361_0/system_axi_ad9361_0/system_axi_ad9361_0_in_context.xdc, line 32).
Applied set_property IO_BUFFER_TYPE = NONE for tx_data_out[0]. (constraint file  /home/dator2/Documents/clean_fw_folder/antsdr-fw-patch/plutosdr-fw/hdl/projects/e200/e200.gen/sources_1/bd/system/ip/system_axi_ad9361_0/system_axi_ad9361_0/system_axi_ad9361_0_in_context.xdc, line 33).
Applied set_property CLOCK_BUFFER_TYPE = NONE for tx_data_out[0]. (constraint file  /home/dator2/Documents/clean_fw_folder/antsdr-fw-patch/plutosdr-fw/hdl/projects/e200/e200.gen/sources_1/bd/system/ip/system_axi_ad9361_0/system_axi_ad9361_0/system_axi_ad9361_0_in_context.xdc, line 34).
Applied set_property IO_BUFFER_TYPE = NONE for tx_data_out[10]. (constraint file  /home/dator2/Documents/clean_fw_folder/antsdr-fw-patch/plutosdr-fw/hdl/projects/e200/e200.gen/sources_1/bd/system/ip/system_axi_ad9361_0/system_axi_ad9361_0/system_axi_ad9361_0_in_context.xdc, line 35).
Applied set_property CLOCK_BUFFER_TYPE = NONE for tx_data_out[10]. (constraint file  /home/dator2/Documents/clean_fw_folder/antsdr-fw-patch/plutosdr-fw/hdl/projects/e200/e200.gen/sources_1/bd/system/ip/system_axi_ad9361_0/system_axi_ad9361_0/system_axi_ad9361_0_in_context.xdc, line 36).
Applied set_property IO_BUFFER_TYPE = NONE for tx_data_out[11]. (constraint file  /home/dator2/Documents/clean_fw_folder/antsdr-fw-patch/plutosdr-fw/hdl/projects/e200/e200.gen/sources_1/bd/system/ip/system_axi_ad9361_0/system_axi_ad9361_0/system_axi_ad9361_0_in_context.xdc, line 37).
Applied set_property CLOCK_BUFFER_TYPE = NONE for tx_data_out[11]. (constraint file  /home/dator2/Documents/clean_fw_folder/antsdr-fw-patch/plutosdr-fw/hdl/projects/e200/e200.gen/sources_1/bd/system/ip/system_axi_ad9361_0/system_axi_ad9361_0/system_axi_ad9361_0_in_context.xdc, line 38).
Applied set_property IO_BUFFER_TYPE = NONE for tx_data_out[1]. (constraint file  /home/dator2/Documents/clean_fw_folder/antsdr-fw-patch/plutosdr-fw/hdl/projects/e200/e200.gen/sources_1/bd/system/ip/system_axi_ad9361_0/system_axi_ad9361_0/system_axi_ad9361_0_in_context.xdc, line 39).
Applied set_property CLOCK_BUFFER_TYPE = NONE for tx_data_out[1]. (constraint file  /home/dator2/Documents/clean_fw_folder/antsdr-fw-patch/plutosdr-fw/hdl/projects/e200/e200.gen/sources_1/bd/system/ip/system_axi_ad9361_0/system_axi_ad9361_0/system_axi_ad9361_0_in_context.xdc, line 40).
Applied set_property IO_BUFFER_TYPE = NONE for tx_data_out[2]. (constraint file  /home/dator2/Documents/clean_fw_folder/antsdr-fw-patch/plutosdr-fw/hdl/projects/e200/e200.gen/sources_1/bd/system/ip/system_axi_ad9361_0/system_axi_ad9361_0/system_axi_ad9361_0_in_context.xdc, line 41).
Applied set_property CLOCK_BUFFER_TYPE = NONE for tx_data_out[2]. (constraint file  /home/dator2/Documents/clean_fw_folder/antsdr-fw-patch/plutosdr-fw/hdl/projects/e200/e200.gen/sources_1/bd/system/ip/system_axi_ad9361_0/system_axi_ad9361_0/system_axi_ad9361_0_in_context.xdc, line 42).
Applied set_property IO_BUFFER_TYPE = NONE for tx_data_out[3]. (constraint file  /home/dator2/Documents/clean_fw_folder/antsdr-fw-patch/plutosdr-fw/hdl/projects/e200/e200.gen/sources_1/bd/system/ip/system_axi_ad9361_0/system_axi_ad9361_0/system_axi_ad9361_0_in_context.xdc, line 43).
Applied set_property CLOCK_BUFFER_TYPE = NONE for tx_data_out[3]. (constraint file  /home/dator2/Documents/clean_fw_folder/antsdr-fw-patch/plutosdr-fw/hdl/projects/e200/e200.gen/sources_1/bd/system/ip/system_axi_ad9361_0/system_axi_ad9361_0/system_axi_ad9361_0_in_context.xdc, line 44).
Applied set_property IO_BUFFER_TYPE = NONE for tx_data_out[4]. (constraint file  /home/dator2/Documents/clean_fw_folder/antsdr-fw-patch/plutosdr-fw/hdl/projects/e200/e200.gen/sources_1/bd/system/ip/system_axi_ad9361_0/system_axi_ad9361_0/system_axi_ad9361_0_in_context.xdc, line 45).
Applied set_property CLOCK_BUFFER_TYPE = NONE for tx_data_out[4]. (constraint file  /home/dator2/Documents/clean_fw_folder/antsdr-fw-patch/plutosdr-fw/hdl/projects/e200/e200.gen/sources_1/bd/system/ip/system_axi_ad9361_0/system_axi_ad9361_0/system_axi_ad9361_0_in_context.xdc, line 46).
Applied set_property IO_BUFFER_TYPE = NONE for tx_data_out[5]. (constraint file  /home/dator2/Documents/clean_fw_folder/antsdr-fw-patch/plutosdr-fw/hdl/projects/e200/e200.gen/sources_1/bd/system/ip/system_axi_ad9361_0/system_axi_ad9361_0/system_axi_ad9361_0_in_context.xdc, line 47).
Applied set_property CLOCK_BUFFER_TYPE = NONE for tx_data_out[5]. (constraint file  /home/dator2/Documents/clean_fw_folder/antsdr-fw-patch/plutosdr-fw/hdl/projects/e200/e200.gen/sources_1/bd/system/ip/system_axi_ad9361_0/system_axi_ad9361_0/system_axi_ad9361_0_in_context.xdc, line 48).
Applied set_property IO_BUFFER_TYPE = NONE for tx_data_out[6]. (constraint file  /home/dator2/Documents/clean_fw_folder/antsdr-fw-patch/plutosdr-fw/hdl/projects/e200/e200.gen/sources_1/bd/system/ip/system_axi_ad9361_0/system_axi_ad9361_0/system_axi_ad9361_0_in_context.xdc, line 49).
Applied set_property CLOCK_BUFFER_TYPE = NONE for tx_data_out[6]. (constraint file  /home/dator2/Documents/clean_fw_folder/antsdr-fw-patch/plutosdr-fw/hdl/projects/e200/e200.gen/sources_1/bd/system/ip/system_axi_ad9361_0/system_axi_ad9361_0/system_axi_ad9361_0_in_context.xdc, line 50).
Applied set_property IO_BUFFER_TYPE = NONE for tx_data_out[7]. (constraint file  /home/dator2/Documents/clean_fw_folder/antsdr-fw-patch/plutosdr-fw/hdl/projects/e200/e200.gen/sources_1/bd/system/ip/system_axi_ad9361_0/system_axi_ad9361_0/system_axi_ad9361_0_in_context.xdc, line 51).
Applied set_property CLOCK_BUFFER_TYPE = NONE for tx_data_out[7]. (constraint file  /home/dator2/Documents/clean_fw_folder/antsdr-fw-patch/plutosdr-fw/hdl/projects/e200/e200.gen/sources_1/bd/system/ip/system_axi_ad9361_0/system_axi_ad9361_0/system_axi_ad9361_0_in_context.xdc, line 52).
Applied set_property IO_BUFFER_TYPE = NONE for tx_data_out[8]. (constraint file  /home/dator2/Documents/clean_fw_folder/antsdr-fw-patch/plutosdr-fw/hdl/projects/e200/e200.gen/sources_1/bd/system/ip/system_axi_ad9361_0/system_axi_ad9361_0/system_axi_ad9361_0_in_context.xdc, line 53).
Applied set_property CLOCK_BUFFER_TYPE = NONE for tx_data_out[8]. (constraint file  /home/dator2/Documents/clean_fw_folder/antsdr-fw-patch/plutosdr-fw/hdl/projects/e200/e200.gen/sources_1/bd/system/ip/system_axi_ad9361_0/system_axi_ad9361_0/system_axi_ad9361_0_in_context.xdc, line 54).
Applied set_property IO_BUFFER_TYPE = NONE for tx_data_out[9]. (constraint file  /home/dator2/Documents/clean_fw_folder/antsdr-fw-patch/plutosdr-fw/hdl/projects/e200/e200.gen/sources_1/bd/system/ip/system_axi_ad9361_0/system_axi_ad9361_0/system_axi_ad9361_0_in_context.xdc, line 55).
Applied set_property CLOCK_BUFFER_TYPE = NONE for tx_data_out[9]. (constraint file  /home/dator2/Documents/clean_fw_folder/antsdr-fw-patch/plutosdr-fw/hdl/projects/e200/e200.gen/sources_1/bd/system/ip/system_axi_ad9361_0/system_axi_ad9361_0/system_axi_ad9361_0_in_context.xdc, line 56).
Applied set_property IO_BUFFER_TYPE = NONE for tx_frame_out. (constraint file  /home/dator2/Documents/clean_fw_folder/antsdr-fw-patch/plutosdr-fw/hdl/projects/e200/e200.gen/sources_1/bd/system/ip/system_axi_ad9361_0/system_axi_ad9361_0/system_axi_ad9361_0_in_context.xdc, line 57).
Applied set_property CLOCK_BUFFER_TYPE = NONE for tx_frame_out. (constraint file  /home/dator2/Documents/clean_fw_folder/antsdr-fw-patch/plutosdr-fw/hdl/projects/e200/e200.gen/sources_1/bd/system/ip/system_axi_ad9361_0/system_axi_ad9361_0/system_axi_ad9361_0_in_context.xdc, line 58).
Applied set_property IO_BUFFER_TYPE = NONE for txnrx. (constraint file  /home/dator2/Documents/clean_fw_folder/antsdr-fw-patch/plutosdr-fw/hdl/projects/e200/e200.gen/sources_1/bd/system/ip/system_axi_ad9361_0/system_axi_ad9361_0/system_axi_ad9361_0_in_context.xdc, line 59).
Applied set_property CLOCK_BUFFER_TYPE = NONE for txnrx. (constraint file  /home/dator2/Documents/clean_fw_folder/antsdr-fw-patch/plutosdr-fw/hdl/projects/e200/e200.gen/sources_1/bd/system/ip/system_axi_ad9361_0/system_axi_ad9361_0/system_axi_ad9361_0_in_context.xdc, line 60).
Applied set_property KEEP_HIERARCHY = SOFT for i_system_wrapper/system_i. (constraint file  auto generated constraint).
Applied set_property KEEP_HIERARCHY = SOFT for i_system_wrapper/system_i/sys_ps7. (constraint file  auto generated constraint).
Applied set_property KEEP_HIERARCHY = SOFT for i_system_wrapper/system_i/sys_concat_intc. (constraint file  auto generated constraint).
Applied set_property KEEP_HIERARCHY = SOFT for i_system_wrapper/system_i/sys_rstgen. (constraint file  auto generated constraint).
Applied set_property KEEP_HIERARCHY = SOFT for i_system_wrapper/system_i/sys_rgmii. (constraint file  auto generated constraint).
Applied set_property KEEP_HIERARCHY = SOFT for i_system_wrapper/system_i/axi_vcxo_ctrl. (constraint file  auto generated constraint).
Applied set_property KEEP_HIERARCHY = SOFT for i_system_wrapper/system_i/GND_1. (constraint file  auto generated constraint).
Applied set_property KEEP_HIERARCHY = SOFT for i_system_wrapper/system_i/axi_ad9361. (constraint file  auto generated constraint).
Applied set_property KEEP_HIERARCHY = SOFT for i_system_wrapper/system_i/axi_ad9361_dac_dma. (constraint file  auto generated constraint).
Applied set_property KEEP_HIERARCHY = SOFT for i_system_wrapper/system_i/tx_fir_interpolator/cdc_sync_active. (constraint file  auto generated constraint).
Applied set_property KEEP_HIERARCHY = SOFT for i_system_wrapper/system_i/tx_fir_interpolator/rate_gen. (constraint file  auto generated constraint).
Applied set_property KEEP_HIERARCHY = SOFT for i_system_wrapper/system_i/tx_fir_interpolator/fir_interpolation_0. (constraint file  auto generated constraint).
Applied set_property KEEP_HIERARCHY = SOFT for i_system_wrapper/system_i/tx_fir_interpolator/logic_and_0. (constraint file  auto generated constraint).
Applied set_property KEEP_HIERARCHY = SOFT for i_system_wrapper/system_i/tx_fir_interpolator/out_mux_0. (constraint file  auto generated constraint).
Applied set_property KEEP_HIERARCHY = SOFT for i_system_wrapper/system_i/tx_fir_interpolator/fir_interpolation_1. (constraint file  auto generated constraint).
Applied set_property KEEP_HIERARCHY = SOFT for i_system_wrapper/system_i/tx_fir_interpolator/logic_and_1. (constraint file  auto generated constraint).
Applied set_property KEEP_HIERARCHY = SOFT for i_system_wrapper/system_i/tx_fir_interpolator/out_mux_1. (constraint file  auto generated constraint).
Applied set_property KEEP_HIERARCHY = SOFT for i_system_wrapper/system_i/VCC_1. (constraint file  auto generated constraint).
Applied set_property KEEP_HIERARCHY = SOFT for i_system_wrapper/system_i/GND_32. (constraint file  auto generated constraint).
Applied set_property KEEP_HIERARCHY = SOFT for i_system_wrapper/system_i/interp_slice. (constraint file  auto generated constraint).
Applied set_property KEEP_HIERARCHY = SOFT for i_system_wrapper/system_i/tx_upack. (constraint file  auto generated constraint).
Applied set_property KEEP_HIERARCHY = SOFT for i_system_wrapper/system_i/axi_ad9361_adc_dma. (constraint file  auto generated constraint).
Applied set_property KEEP_HIERARCHY = SOFT for i_system_wrapper/system_i/rx_fir_decimator/cdc_sync_active. (constraint file  auto generated constraint).
Applied set_property KEEP_HIERARCHY = SOFT for i_system_wrapper/system_i/rx_fir_decimator/fir_decimation_0. (constraint file  auto generated constraint).
Applied set_property KEEP_HIERARCHY = SOFT for i_system_wrapper/system_i/rx_fir_decimator/out_mux_0. (constraint file  auto generated constraint).
Applied set_property KEEP_HIERARCHY = SOFT for i_system_wrapper/system_i/rx_fir_decimator/fir_decimation_1. (constraint file  auto generated constraint).
Applied set_property KEEP_HIERARCHY = SOFT for i_system_wrapper/system_i/rx_fir_decimator/out_mux_1. (constraint file  auto generated constraint).
Applied set_property KEEP_HIERARCHY = SOFT for i_system_wrapper/system_i/decim_slice. (constraint file  auto generated constraint).
Applied set_property KEEP_HIERARCHY = SOFT for i_system_wrapper/system_i/cpack. (constraint file  auto generated constraint).
Applied set_property KEEP_HIERARCHY = SOFT for i_system_wrapper/system_i/logic_or. (constraint file  auto generated constraint).
Applied set_property KEEP_HIERARCHY = SOFT for i_system_wrapper/system_i/axi_tdd_0/tdd_core. (constraint file  auto generated constraint).
Applied set_property KEEP_HIERARCHY = SOFT for i_system_wrapper/system_i/axi_tdd_0/tdd_ch_slice_0. (constraint file  auto generated constraint).
Applied set_property KEEP_HIERARCHY = SOFT for i_system_wrapper/system_i/axi_tdd_0/tdd_ch_slice_1. (constraint file  auto generated constraint).
Applied set_property KEEP_HIERARCHY = SOFT for i_system_wrapper/system_i/axi_tdd_0/tdd_ch_slice_2. (constraint file  auto generated constraint).
Applied set_property KEEP_HIERARCHY = SOFT for i_system_wrapper/system_i/logic_inv. (constraint file  auto generated constraint).
Applied set_property KEEP_HIERARCHY = SOFT for i_system_wrapper/system_i/logic_or_1. (constraint file  auto generated constraint).
Applied set_property KEEP_HIERARCHY = SOFT for i_system_wrapper/system_i/axi_gp0_interconnect/xbar. (constraint file  auto generated constraint).
Applied set_property KEEP_HIERARCHY = SOFT for i_system_wrapper/system_i/axi_gp0_interconnect/s00_couplers/auto_pc. (constraint file  auto generated constraint).
Applied set_property KEEP_HIERARCHY = SOFT for i_system_wrapper/system_i/axi_gp0_interconnect. (constraint file  auto generated constraint).
---------------------------------------------------------------------------------
Finished applying 'set_property' XDC Constraints : Time (s): cpu = 00:00:08 ; elapsed = 00:00:08 . Memory (MB): peak = 2315.484 ; gain = 632.312 ; free physical = 5136 ; free virtual = 9421
---------------------------------------------------------------------------------
---------------------------------------------------------------------------------
Finished RTL Optimization Phase 2 : Time (s): cpu = 00:00:08 ; elapsed = 00:00:09 . Memory (MB): peak = 2315.484 ; gain = 632.312 ; free physical = 5134 ; free virtual = 9420
---------------------------------------------------------------------------------
---------------------------------------------------------------------------------
Start RTL Component Statistics 
---------------------------------------------------------------------------------
Detailed RTL Component Info : 
---------------------------------------------------------------------------------
Finished RTL Component Statistics 
---------------------------------------------------------------------------------
---------------------------------------------------------------------------------
Start Part Resource Summary
---------------------------------------------------------------------------------
Part Resources:
DSPs: 220 (col length:60)
BRAMs: 280 (col length: RAMB18 60 RAMB36 30)
---------------------------------------------------------------------------------
Finished Part Resource Summary
---------------------------------------------------------------------------------
---------------------------------------------------------------------------------
Start Cross Boundary and Area Optimization
---------------------------------------------------------------------------------
WARNING: [Synth 8-7080] Parallel synthesis criteria is not met
WARNING: [Synth 8-3917] design system_top has port eth_rst_n driven by constant 1
WARNING: [Synth 8-3917] design system_top has port CLKIN_10MHz_REQ driven by constant 1
WARNING: [Synth 8-3917] design system_top has port tx_amp_en driven by constant 1
WARNING: [Synth 8-7129] Port Din[31] in module system_interp_slice_0 is either unconnected or has no load
WARNING: [Synth 8-7129] Port Din[30] in module system_interp_slice_0 is either unconnected or has no load
WARNING: [Synth 8-7129] Port Din[29] in module system_interp_slice_0 is either unconnected or has no load
WARNING: [Synth 8-7129] Port Din[28] in module system_interp_slice_0 is either unconnected or has no load
WARNING: [Synth 8-7129] Port Din[27] in module system_interp_slice_0 is either unconnected or has no load
WARNING: [Synth 8-7129] Port Din[26] in module system_interp_slice_0 is either unconnected or has no load
WARNING: [Synth 8-7129] Port Din[25] in module system_interp_slice_0 is either unconnected or has no load
WARNING: [Synth 8-7129] Port Din[24] in module system_interp_slice_0 is either unconnected or has no load
WARNING: [Synth 8-7129] Port Din[23] in module system_interp_slice_0 is either unconnected or has no load
WARNING: [Synth 8-7129] Port Din[22] in module system_interp_slice_0 is either unconnected or has no load
WARNING: [Synth 8-7129] Port Din[21] in module system_interp_slice_0 is either unconnected or has no load
WARNING: [Synth 8-7129] Port Din[20] in module system_interp_slice_0 is either unconnected or has no load
WARNING: [Synth 8-7129] Port Din[19] in module system_interp_slice_0 is either unconnected or has no load
WARNING: [Synth 8-7129] Port Din[18] in module system_interp_slice_0 is either unconnected or has no load
WARNING: [Synth 8-7129] Port Din[17] in module system_interp_slice_0 is either unconnected or has no load
WARNING: [Synth 8-7129] Port Din[16] in module system_interp_slice_0 is either unconnected or has no load
WARNING: [Synth 8-7129] Port Din[15] in module system_interp_slice_0 is either unconnected or has no load
WARNING: [Synth 8-7129] Port Din[14] in module system_interp_slice_0 is either unconnected or has no load
WARNING: [Synth 8-7129] Port Din[13] in module system_interp_slice_0 is either unconnected or has no load
WARNING: [Synth 8-7129] Port Din[12] in module system_interp_slice_0 is either unconnected or has no load
WARNING: [Synth 8-7129] Port Din[11] in module system_interp_slice_0 is either unconnected or has no load
WARNING: [Synth 8-7129] Port Din[10] in module system_interp_slice_0 is either unconnected or has no load
WARNING: [Synth 8-7129] Port Din[9] in module system_interp_slice_0 is either unconnected or has no load
WARNING: [Synth 8-7129] Port Din[8] in module system_interp_slice_0 is either unconnected or has no load
WARNING: [Synth 8-7129] Port Din[7] in module system_interp_slice_0 is either unconnected or has no load
WARNING: [Synth 8-7129] Port Din[6] in module system_interp_slice_0 is either unconnected or has no load
WARNING: [Synth 8-7129] Port Din[5] in module system_interp_slice_0 is either unconnected or has no load
WARNING: [Synth 8-7129] Port Din[4] in module system_interp_slice_0 is either unconnected or has no load
WARNING: [Synth 8-7129] Port Din[3] in module system_interp_slice_0 is either unconnected or has no load
WARNING: [Synth 8-7129] Port Din[2] in module system_interp_slice_0 is either unconnected or has no load
WARNING: [Synth 8-7129] Port Din[1] in module system_interp_slice_0 is either unconnected or has no load
WARNING: [Synth 8-7129] Port Din[31] in module system_decim_slice_0 is either unconnected or has no load
WARNING: [Synth 8-7129] Port Din[30] in module system_decim_slice_0 is either unconnected or has no load
WARNING: [Synth 8-7129] Port Din[29] in module system_decim_slice_0 is either unconnected or has no load
WARNING: [Synth 8-7129] Port Din[28] in module system_decim_slice_0 is either unconnected or has no load
WARNING: [Synth 8-7129] Port Din[27] in module system_decim_slice_0 is either unconnected or has no load
WARNING: [Synth 8-7129] Port Din[26] in module system_decim_slice_0 is either unconnected or has no load
WARNING: [Synth 8-7129] Port Din[25] in module system_decim_slice_0 is either unconnected or has no load
WARNING: [Synth 8-7129] Port Din[24] in module system_decim_slice_0 is either unconnected or has no load
WARNING: [Synth 8-7129] Port Din[23] in module system_decim_slice_0 is either unconnected or has no load
WARNING: [Synth 8-7129] Port Din[22] in module system_decim_slice_0 is either unconnected or has no load
WARNING: [Synth 8-7129] Port Din[21] in module system_decim_slice_0 is either unconnected or has no load
WARNING: [Synth 8-7129] Port Din[20] in module system_decim_slice_0 is either unconnected or has no load
WARNING: [Synth 8-7129] Port Din[19] in module system_decim_slice_0 is either unconnected or has no load
WARNING: [Synth 8-7129] Port Din[18] in module system_decim_slice_0 is either unconnected or has no load
WARNING: [Synth 8-7129] Port Din[17] in module system_decim_slice_0 is either unconnected or has no load
WARNING: [Synth 8-7129] Port Din[16] in module system_decim_slice_0 is either unconnected or has no load
WARNING: [Synth 8-7129] Port Din[15] in module system_decim_slice_0 is either unconnected or has no load
WARNING: [Synth 8-7129] Port Din[14] in module system_decim_slice_0 is either unconnected or has no load
WARNING: [Synth 8-7129] Port Din[13] in module system_decim_slice_0 is either unconnected or has no load
WARNING: [Synth 8-7129] Port Din[12] in module system_decim_slice_0 is either unconnected or has no load
WARNING: [Synth 8-7129] Port Din[11] in module system_decim_slice_0 is either unconnected or has no load
WARNING: [Synth 8-7129] Port Din[10] in module system_decim_slice_0 is either unconnected or has no load
WARNING: [Synth 8-7129] Port Din[9] in module system_decim_slice_0 is either unconnected or has no load
WARNING: [Synth 8-7129] Port Din[8] in module system_decim_slice_0 is either unconnected or has no load
WARNING: [Synth 8-7129] Port Din[7] in module system_decim_slice_0 is either unconnected or has no load
WARNING: [Synth 8-7129] Port Din[6] in module system_decim_slice_0 is either unconnected or has no load
WARNING: [Synth 8-7129] Port Din[5] in module system_decim_slice_0 is either unconnected or has no load
WARNING: [Synth 8-7129] Port Din[4] in module system_decim_slice_0 is either unconnected or has no load
WARNING: [Synth 8-7129] Port Din[3] in module system_decim_slice_0 is either unconnected or has no load
WARNING: [Synth 8-7129] Port Din[2] in module system_decim_slice_0 is either unconnected or has no load
WARNING: [Synth 8-7129] Port Din[1] in module system_decim_slice_0 is either unconnected or has no load
WARNING: [Synth 8-7129] Port Din[1] in module system_tdd_ch_slice_2_0 is either unconnected or has no load
WARNING: [Synth 8-7129] Port Din[0] in module system_tdd_ch_slice_2_0 is either unconnected or has no load
WARNING: [Synth 8-7129] Port Din[2] in module system_tdd_ch_slice_1_0 is either unconnected or has no load
WARNING: [Synth 8-7129] Port Din[0] in module system_tdd_ch_slice_1_0 is either unconnected or has no load
WARNING: [Synth 8-7129] Port Din[2] in module system_tdd_ch_slice_0_0 is either unconnected or has no load
WARNING: [Synth 8-7129] Port Din[1] in module system_tdd_ch_slice_0_0 is either unconnected or has no load
WARNING: [Synth 8-7129] Port M00_ACLK in module system_axi_gp0_interconnect_0 is either unconnected or has no load
WARNING: [Synth 8-7129] Port M00_ARESETN in module system_axi_gp0_interconnect_0 is either unconnected or has no load
WARNING: [Synth 8-7129] Port M01_ACLK in module system_axi_gp0_interconnect_0 is either unconnected or has no load
WARNING: [Synth 8-7129] Port M01_ARESETN in module system_axi_gp0_interconnect_0 is either unconnected or has no load
WARNING: [Synth 8-7129] Port M02_ACLK in module system_axi_gp0_interconnect_0 is either unconnected or has no load
WARNING: [Synth 8-7129] Port M02_ARESETN in module system_axi_gp0_interconnect_0 is either unconnected or has no load
WARNING: [Synth 8-7129] Port M03_ACLK in module system_axi_gp0_interconnect_0 is either unconnected or has no load
WARNING: [Synth 8-7129] Port M03_ARESETN in module system_axi_gp0_interconnect_0 is either unconnected or has no load
WARNING: [Synth 8-7129] Port M04_ACLK in module system_axi_gp0_interconnect_0 is either unconnected or has no load
WARNING: [Synth 8-7129] Port M04_ARESETN in module system_axi_gp0_interconnect_0 is either unconnected or has no load
WARNING: [Synth 8-7129] Port S00_ACLK in module system_axi_gp0_interconnect_0 is either unconnected or has no load
WARNING: [Synth 8-7129] Port S00_ARESETN in module system_axi_gp0_interconnect_0 is either unconnected or has no load
---------------------------------------------------------------------------------
Finished Cross Boundary and Area Optimization : Time (s): cpu = 00:00:09 ; elapsed = 00:00:09 . Memory (MB): peak = 2315.484 ; gain = 632.312 ; free physical = 5121 ; free virtual = 9421
---------------------------------------------------------------------------------
---------------------------------------------------------------------------------
Start Applying XDC Timing Constraints
---------------------------------------------------------------------------------
---------------------------------------------------------------------------------
Finished Applying XDC Timing Constraints : Time (s): cpu = 00:00:12 ; elapsed = 00:00:12 . Memory (MB): peak = 2315.484 ; gain = 632.312 ; free physical = 5130 ; free virtual = 9431
---------------------------------------------------------------------------------
---------------------------------------------------------------------------------
Start Timing Optimization
---------------------------------------------------------------------------------
---------------------------------------------------------------------------------
Finished Timing Optimization : Time (s): cpu = 00:00:12 ; elapsed = 00:00:12 . Memory (MB): peak = 2315.484 ; gain = 632.312 ; free physical = 5130 ; free virtual = 9431
---------------------------------------------------------------------------------
---------------------------------------------------------------------------------
Start Technology Mapping
---------------------------------------------------------------------------------
---------------------------------------------------------------------------------
Finished Technology Mapping : Time (s): cpu = 00:00:12 ; elapsed = 00:00:12 . Memory (MB): peak = 2315.484 ; gain = 632.312 ; free physical = 5130 ; free virtual = 9431
---------------------------------------------------------------------------------
---------------------------------------------------------------------------------
Start IO Insertion
---------------------------------------------------------------------------------
---------------------------------------------------------------------------------
Start Flattening Before IO Insertion
---------------------------------------------------------------------------------
---------------------------------------------------------------------------------
Finished Flattening Before IO Insertion
---------------------------------------------------------------------------------
---------------------------------------------------------------------------------
Start Final Netlist Cleanup
---------------------------------------------------------------------------------
---------------------------------------------------------------------------------
Finished Final Netlist Cleanup
---------------------------------------------------------------------------------
WARNING: [Synth 8-3295] tying undriven pin i_22:a to constant 0
---------------------------------------------------------------------------------
Finished IO Insertion : Time (s): cpu = 00:00:15 ; elapsed = 00:00:15 . Memory (MB): peak = 2315.484 ; gain = 632.312 ; free physical = 5122 ; free virtual = 9423
---------------------------------------------------------------------------------
---------------------------------------------------------------------------------
Start Renaming Generated Instances
---------------------------------------------------------------------------------
---------------------------------------------------------------------------------
Finished Renaming Generated Instances : Time (s): cpu = 00:00:15 ; elapsed = 00:00:15 . Memory (MB): peak = 2315.484 ; gain = 632.312 ; free physical = 5122 ; free virtual = 9423
---------------------------------------------------------------------------------
---------------------------------------------------------------------------------
Start Rebuilding User Hierarchy
---------------------------------------------------------------------------------
---------------------------------------------------------------------------------
Finished Rebuilding User Hierarchy : Time (s): cpu = 00:00:15 ; elapsed = 00:00:15 . Memory (MB): peak = 2315.484 ; gain = 632.312 ; free physical = 5122 ; free virtual = 9423
---------------------------------------------------------------------------------
---------------------------------------------------------------------------------
Start Renaming Generated Ports
---------------------------------------------------------------------------------
---------------------------------------------------------------------------------
Finished Renaming Generated Ports : Time (s): cpu = 00:00:15 ; elapsed = 00:00:15 . Memory (MB): peak = 2315.484 ; gain = 632.312 ; free physical = 5122 ; free virtual = 9423
---------------------------------------------------------------------------------
---------------------------------------------------------------------------------
Start Handling Custom Attributes
---------------------------------------------------------------------------------
---------------------------------------------------------------------------------
Finished Handling Custom Attributes : Time (s): cpu = 00:00:15 ; elapsed = 00:00:15 . Memory (MB): peak = 2315.484 ; gain = 632.312 ; free physical = 5122 ; free virtual = 9423
---------------------------------------------------------------------------------
---------------------------------------------------------------------------------
Start Renaming Generated Nets
---------------------------------------------------------------------------------
---------------------------------------------------------------------------------
Finished Renaming Generated Nets : Time (s): cpu = 00:00:15 ; elapsed = 00:00:15 . Memory (MB): peak = 2315.484 ; gain = 632.312 ; free physical = 5122 ; free virtual = 9423
---------------------------------------------------------------------------------
---------------------------------------------------------------------------------
Start Writing Synthesis Report
---------------------------------------------------------------------------------

Report BlackBoxes: 
+------+-----------------------------+----------+
|      |BlackBox name                |Instances |
+------+-----------------------------+----------+
|1     |system_xbar_0                |         1|
|2     |system_auto_pc_0             |         1|
|3     |system_axi_ad9361_0          |         1|
|4     |system_axi_ad9361_adc_dma_0  |         1|
|5     |system_axi_ad9361_dac_dma_0  |         1|
|6     |system_axi_vcxo_ctrl_0       |         1|
|7     |system_cpack_0               |         1|
|8     |system_logic_inv_0           |         1|
|9     |system_logic_or_0            |         1|
|10    |system_logic_or_1_0          |         1|
|11    |system_sys_ps7_0             |         1|
|12    |system_sys_rgmii_0           |         1|
|13    |system_sys_rstgen_0          |         1|
|14    |system_tx_upack_0            |         1|
|15    |system_tdd_core_0            |         1|
|16    |system_cdc_sync_active_1     |         1|
|17    |system_fir_decimation_0_0    |         1|
|18    |system_fir_decimation_1_0    |         1|
|19    |system_out_mux_0_1           |         1|
|20    |system_out_mux_1_1           |         1|
|21    |system_cdc_sync_active_0     |         1|
|22    |system_fir_interpolation_0_0 |         1|
|23    |system_fir_interpolation_1_0 |         1|
|24    |system_logic_and_0_0         |         1|
|25    |system_logic_and_1_0         |         1|
|26    |system_out_mux_0_0           |         1|
|27    |system_out_mux_1_0           |         1|
|28    |system_rate_gen_0            |         1|
+------+-----------------------------+----------+

Report Cell Usage: 
+------+---------------------------+------+
|      |Cell                       |Count |
+------+---------------------------+------+
|1     |system_auto_pc             |     1|
|2     |system_axi_ad9361          |     1|
|3     |system_axi_ad9361_adc_dma  |     1|
|4     |system_axi_ad9361_dac_dma  |     1|
|5     |system_axi_vcxo_ctrl       |     1|
|6     |system_cdc_sync_active     |     2|
|8     |system_cpack               |     1|
|9     |system_fir_decimation_0    |     1|
|10    |system_fir_decimation_1    |     1|
|11    |system_fir_interpolation_0 |     1|
|12    |system_fir_interpolation_1 |     1|
|13    |system_logic_and_0         |     1|
|14    |system_logic_and_1         |     1|
|15    |system_logic_inv           |     1|
|16    |system_logic_or            |     1|
|17    |system_logic_or_1          |     1|
|18    |system_out_mux_0           |     2|
|20    |system_out_mux_1           |     2|
|22    |system_rate_gen            |     1|
|23    |system_sys_ps7             |     1|
|24    |system_sys_rgmii           |     1|
|25    |system_sys_rstgen          |     1|
|26    |system_tdd_core            |     1|
|27    |system_tx_upack            |     1|
|28    |system_xbar                |     1|
|29    |LUT1                       |     1|
|30    |LUT6                       |     1|
|31    |IBUF                       |     4|
|32    |IOBUF                      |    23|
|33    |OBUF                       |    10|
+------+---------------------------+------+
---------------------------------------------------------------------------------
Finished Writing Synthesis Report : Time (s): cpu = 00:00:15 ; elapsed = 00:00:15 . Memory (MB): peak = 2315.484 ; gain = 632.312 ; free physical = 5122 ; free virtual = 9423
---------------------------------------------------------------------------------
Synthesis finished with 0 errors, 0 critical warnings and 85 warnings.
Synthesis Optimization Runtime : Time (s): cpu = 00:00:13 ; elapsed = 00:00:14 . Memory (MB): peak = 2315.484 ; gain = 512.496 ; free physical = 5122 ; free virtual = 9423
Synthesis Optimization Complete : Time (s): cpu = 00:00:15 ; elapsed = 00:00:15 . Memory (MB): peak = 2315.484 ; gain = 632.312 ; free physical = 5122 ; free virtual = 9423
INFO: [Project 1-571] Translating synthesized netlist
Netlist sorting complete. Time (s): cpu = 00:00:00.01 ; elapsed = 00:00:00.01 . Memory (MB): peak = 2315.484 ; gain = 0.000 ; free physical = 5365 ; free virtual = 9665
INFO: [Netlist 29-17] Analyzing 23 Unisim elements for replacement
INFO: [Netlist 29-28] Unisim Transformation completed in 0 CPU seconds
INFO: [Project 1-570] Preparing netlist for logic optimization
INFO: [Opt 31-138] Pushed 0 inverter(s) to 0 load pin(s).
Netlist sorting complete. Time (s): cpu = 00:00:00 ; elapsed = 00:00:00 . Memory (MB): peak = 2315.484 ; gain = 0.000 ; free physical = 5397 ; free virtual = 9698
INFO: [Project 1-111] Unisim Transformation Summary:
  A total of 23 instances were transformed.
  IOBUF => IOBUF (IBUF, OBUFT): 23 instances

Synth Design complete | Checksum: 4cc5c726
INFO: [Common 17-83] Releasing license: Synthesis
146 Infos, 413 Warnings, 0 Critical Warnings and 0 Errors encountered.
synth_design completed successfully
synth_design: Time (s): cpu = 00:00:20 ; elapsed = 00:00:18 . Memory (MB): peak = 2315.484 ; gain = 980.844 ; free physical = 5397 ; free virtual = 9698
INFO: [Common 17-2834] synth_design peak Physical Memory [PSS] (MB): overall = 1801.562; main = 1472.603; forked = 354.797
INFO: [Common 17-2834] synth_design peak Virtual Memory [VSS] (MB): overall = 3299.273; main = 2283.438; forked = 1015.836
Write ShapeDB Complete: Time (s): cpu = 00:00:00 ; elapsed = 00:00:00 . Memory (MB): peak = 2315.484 ; gain = 0.000 ; free physical = 5401 ; free virtual = 9701
INFO: [Common 17-1381] The checkpoint '/home/dator2/Documents/clean_fw_folder/antsdr-fw-patch/plutosdr-fw/hdl/projects/e200/e200.runs/synth_1/system_top.dcp' has been generated.
INFO: [runtcl-4] Executing : report_utilization -file system_top_utilization_synth.rpt -pb system_top_utilization_synth.pb
INFO: [Common 17-206] Exiting Vivado at Wed Jul  9 15:31:49 2025...
[Wed Jul  9 15:31:59 2025] synth_1 finished
wait_on_runs: Time (s): cpu = 00:19:42 ; elapsed = 00:06:24 . Memory (MB): peak = 2231.922 ; gain = 0.000 ; free physical = 6750 ; free virtual = 11034
Design is defaulting to impl run constrset: constrs_1
Design is defaulting to synth run part: xc7z020clg400-2
INFO: [Device 21-403] Loading part xc7z020clg400-2
INFO: [Project 1-454] Reading design checkpoint '/home/dator2/Documents/clean_fw_folder/antsdr-fw-patch/plutosdr-fw/hdl/projects/e200/e200.gen/sources_1/bd/system/ip/system_axi_ad9361_0/system_axi_ad9361_0.dcp' for cell 'i_system_wrapper/system_i/axi_ad9361'
INFO: [Project 1-454] Reading design checkpoint '/home/dator2/Documents/clean_fw_folder/antsdr-fw-patch/plutosdr-fw/hdl/projects/e200/e200.gen/sources_1/bd/system/ip/system_axi_ad9361_adc_dma_0/system_axi_ad9361_adc_dma_0.dcp' for cell 'i_system_wrapper/system_i/axi_ad9361_adc_dma'
INFO: [Project 1-454] Reading design checkpoint '/home/dator2/Documents/clean_fw_folder/antsdr-fw-patch/plutosdr-fw/hdl/projects/e200/e200.gen/sources_1/bd/system/ip/system_axi_ad9361_dac_dma_0/system_axi_ad9361_dac_dma_0.dcp' for cell 'i_system_wrapper/system_i/axi_ad9361_dac_dma'
INFO: [Project 1-454] Reading design checkpoint '/home/dator2/Documents/clean_fw_folder/antsdr-fw-patch/plutosdr-fw/hdl/projects/e200/e200.gen/sources_1/bd/system/ip/system_axi_vcxo_ctrl_0/system_axi_vcxo_ctrl_0.dcp' for cell 'i_system_wrapper/system_i/axi_vcxo_ctrl'
INFO: [Project 1-454] Reading design checkpoint '/home/dator2/Documents/clean_fw_folder/antsdr-fw-patch/plutosdr-fw/hdl/projects/e200/e200.gen/sources_1/bd/system/ip/system_cpack_0/system_cpack_0.dcp' for cell 'i_system_wrapper/system_i/cpack'
INFO: [Project 1-454] Reading design checkpoint '/home/dator2/Documents/clean_fw_folder/antsdr-fw-patch/plutosdr-fw/hdl/projects/e200/e200.gen/sources_1/bd/system/ip/system_logic_inv_0/system_logic_inv_0.dcp' for cell 'i_system_wrapper/system_i/logic_inv'
INFO: [Project 1-454] Reading design checkpoint '/home/dator2/Documents/clean_fw_folder/antsdr-fw-patch/plutosdr-fw/hdl/projects/e200/e200.gen/sources_1/bd/system/ip/system_logic_or_0/system_logic_or_0.dcp' for cell 'i_system_wrapper/system_i/logic_or'
INFO: [Project 1-454] Reading design checkpoint '/home/dator2/Documents/clean_fw_folder/antsdr-fw-patch/plutosdr-fw/hdl/projects/e200/e200.gen/sources_1/bd/system/ip/system_logic_or_1_0/system_logic_or_1_0.dcp' for cell 'i_system_wrapper/system_i/logic_or_1'
INFO: [Project 1-454] Reading design checkpoint '/home/dator2/Documents/clean_fw_folder/antsdr-fw-patch/plutosdr-fw/hdl/projects/e200/e200.gen/sources_1/bd/system/ip/system_sys_ps7_0/system_sys_ps7_0.dcp' for cell 'i_system_wrapper/system_i/sys_ps7'
INFO: [Project 1-454] Reading design checkpoint '/home/dator2/Documents/clean_fw_folder/antsdr-fw-patch/plutosdr-fw/hdl/projects/e200/e200.gen/sources_1/bd/system/ip/system_sys_rgmii_0/system_sys_rgmii_0.dcp' for cell 'i_system_wrapper/system_i/sys_rgmii'
INFO: [Project 1-454] Reading design checkpoint '/home/dator2/Documents/clean_fw_folder/antsdr-fw-patch/plutosdr-fw/hdl/projects/e200/e200.gen/sources_1/bd/system/ip/system_sys_rstgen_0/system_sys_rstgen_0.dcp' for cell 'i_system_wrapper/system_i/sys_rstgen'
INFO: [Project 1-454] Reading design checkpoint '/home/dator2/Documents/clean_fw_folder/antsdr-fw-patch/plutosdr-fw/hdl/projects/e200/e200.gen/sources_1/bd/system/ip/system_tx_upack_0/system_tx_upack_0.dcp' for cell 'i_system_wrapper/system_i/tx_upack'
INFO: [Project 1-454] Reading design checkpoint '/home/dator2/Documents/clean_fw_folder/antsdr-fw-patch/plutosdr-fw/hdl/projects/e200/e200.gen/sources_1/bd/system/ip/system_xbar_0/system_xbar_0.dcp' for cell 'i_system_wrapper/system_i/axi_gp0_interconnect/xbar'
INFO: [Project 1-454] Reading design checkpoint '/home/dator2/Documents/clean_fw_folder/antsdr-fw-patch/plutosdr-fw/hdl/projects/e200/e200.gen/sources_1/bd/system/ip/system_auto_pc_0/system_auto_pc_0.dcp' for cell 'i_system_wrapper/system_i/axi_gp0_interconnect/s00_couplers/auto_pc'
INFO: [Project 1-454] Reading design checkpoint '/home/dator2/Documents/clean_fw_folder/antsdr-fw-patch/plutosdr-fw/hdl/projects/e200/e200.gen/sources_1/bd/system/ip/system_tdd_core_0/system_tdd_core_0.dcp' for cell 'i_system_wrapper/system_i/axi_tdd_0/tdd_core'
INFO: [Project 1-454] Reading design checkpoint '/home/dator2/Documents/clean_fw_folder/antsdr-fw-patch/plutosdr-fw/hdl/projects/e200/e200.gen/sources_1/bd/system/ip/system_cdc_sync_active_1/system_cdc_sync_active_1.dcp' for cell 'i_system_wrapper/system_i/rx_fir_decimator/cdc_sync_active'
INFO: [Project 1-454] Reading design checkpoint '/home/dator2/Documents/clean_fw_folder/antsdr-fw-patch/plutosdr-fw/hdl/projects/e200/e200.gen/sources_1/bd/system/ip/system_fir_decimation_0_0/system_fir_decimation_0_0.dcp' for cell 'i_system_wrapper/system_i/rx_fir_decimator/fir_decimation_0'
INFO: [Project 1-454] Reading design checkpoint '/home/dator2/Documents/clean_fw_folder/antsdr-fw-patch/plutosdr-fw/hdl/projects/e200/e200.gen/sources_1/bd/system/ip/system_fir_decimation_1_0/system_fir_decimation_1_0.dcp' for cell 'i_system_wrapper/system_i/rx_fir_decimator/fir_decimation_1'
INFO: [Project 1-454] Reading design checkpoint '/home/dator2/Documents/clean_fw_folder/antsdr-fw-patch/plutosdr-fw/hdl/projects/e200/e200.gen/sources_1/bd/system/ip/system_out_mux_0_1/system_out_mux_0_1.dcp' for cell 'i_system_wrapper/system_i/rx_fir_decimator/out_mux_0'
INFO: [Project 1-454] Reading design checkpoint '/home/dator2/Documents/clean_fw_folder/antsdr-fw-patch/plutosdr-fw/hdl/projects/e200/e200.gen/sources_1/bd/system/ip/system_out_mux_1_1/system_out_mux_1_1.dcp' for cell 'i_system_wrapper/system_i/rx_fir_decimator/out_mux_1'
INFO: [Project 1-454] Reading design checkpoint '/home/dator2/Documents/clean_fw_folder/antsdr-fw-patch/plutosdr-fw/hdl/projects/e200/e200.gen/sources_1/bd/system/ip/system_cdc_sync_active_0/system_cdc_sync_active_0.dcp' for cell 'i_system_wrapper/system_i/tx_fir_interpolator/cdc_sync_active'
INFO: [Project 1-454] Reading design checkpoint '/home/dator2/Documents/clean_fw_folder/antsdr-fw-patch/plutosdr-fw/hdl/projects/e200/e200.gen/sources_1/bd/system/ip/system_fir_interpolation_0_0/system_fir_interpolation_0_0.dcp' for cell 'i_system_wrapper/system_i/tx_fir_interpolator/fir_interpolation_0'
INFO: [Project 1-454] Reading design checkpoint '/home/dator2/Documents/clean_fw_folder/antsdr-fw-patch/plutosdr-fw/hdl/projects/e200/e200.gen/sources_1/bd/system/ip/system_fir_interpolation_1_0/system_fir_interpolation_1_0.dcp' for cell 'i_system_wrapper/system_i/tx_fir_interpolator/fir_interpolation_1'
INFO: [Project 1-454] Reading design checkpoint '/home/dator2/Documents/clean_fw_folder/antsdr-fw-patch/plutosdr-fw/hdl/projects/e200/e200.gen/sources_1/bd/system/ip/system_logic_and_0_0/system_logic_and_0_0.dcp' for cell 'i_system_wrapper/system_i/tx_fir_interpolator/logic_and_0'
INFO: [Project 1-454] Reading design checkpoint '/home/dator2/Documents/clean_fw_folder/antsdr-fw-patch/plutosdr-fw/hdl/projects/e200/e200.gen/sources_1/bd/system/ip/system_logic_and_1_0/system_logic_and_1_0.dcp' for cell 'i_system_wrapper/system_i/tx_fir_interpolator/logic_and_1'
INFO: [Project 1-454] Reading design checkpoint '/home/dator2/Documents/clean_fw_folder/antsdr-fw-patch/plutosdr-fw/hdl/projects/e200/e200.gen/sources_1/bd/system/ip/system_out_mux_0_0/system_out_mux_0_0.dcp' for cell 'i_system_wrapper/system_i/tx_fir_interpolator/out_mux_0'
INFO: [Project 1-454] Reading design checkpoint '/home/dator2/Documents/clean_fw_folder/antsdr-fw-patch/plutosdr-fw/hdl/projects/e200/e200.gen/sources_1/bd/system/ip/system_out_mux_1_0/system_out_mux_1_0.dcp' for cell 'i_system_wrapper/system_i/tx_fir_interpolator/out_mux_1'
INFO: [Project 1-454] Reading design checkpoint '/home/dator2/Documents/clean_fw_folder/antsdr-fw-patch/plutosdr-fw/hdl/projects/e200/e200.gen/sources_1/bd/system/ip/system_rate_gen_0/system_rate_gen_0.dcp' for cell 'i_system_wrapper/system_i/tx_fir_interpolator/rate_gen'
Netlist sorting complete. Time (s): cpu = 00:00:00.26 ; elapsed = 00:00:00.26 . Memory (MB): peak = 2231.922 ; gain = 0.000 ; free physical = 6499 ; free virtual = 10783
INFO: [Netlist 29-17] Analyzing 2115 Unisim elements for replacement
INFO: [Netlist 29-28] Unisim Transformation completed in 0 CPU seconds
INFO: [Project 1-479] Netlist was created with Vivado 2023.2
INFO: [Project 1-570] Preparing netlist for logic optimization
WARNING: [Constraints 18-550] Could not create 'IOSTANDARD' constraint because net 'i_system_wrapper/system_i/sys_ps7/DDR_DM[2]' is not directly connected to top level port. 'IOSTANDARD' is ignored for synthesis but preserved for implementation.
WARNING: [Constraints 18-550] Could not create 'IOSTANDARD' constraint because net 'i_system_wrapper/system_i/sys_ps7/DDR_DM[3]' is not directly connected to top level port. 'IOSTANDARD' is ignored for synthesis but preserved for implementation.
WARNING: [Constraints 18-550] Could not create 'IOSTANDARD' constraint because net 'i_system_wrapper/system_i/sys_ps7/DDR_DQS[2]' is not directly connected to top level port. 'IOSTANDARD' is ignored for synthesis but preserved for implementation.
WARNING: [Constraints 18-550] Could not create 'IOSTANDARD' constraint because net 'i_system_wrapper/system_i/sys_ps7/DDR_DQS[3]' is not directly connected to top level port. 'IOSTANDARD' is ignored for synthesis but preserved for implementation.
WARNING: [Constraints 18-550] Could not create 'IOSTANDARD' constraint because net 'i_system_wrapper/system_i/sys_ps7/DDR_DQS_n[2]' is not directly connected to top level port. 'IOSTANDARD' is ignored for synthesis but preserved for implementation.
WARNING: [Constraints 18-550] Could not create 'IOSTANDARD' constraint because net 'i_system_wrapper/system_i/sys_ps7/DDR_DQS_n[3]' is not directly connected to top level port. 'IOSTANDARD' is ignored for synthesis but preserved for implementation.
WARNING: [Constraints 18-550] Could not create 'IOSTANDARD' constraint because net 'i_system_wrapper/system_i/sys_ps7/MIO[32]' is not directly connected to top level port. 'IOSTANDARD' is ignored for synthesis but preserved for implementation.
WARNING: [Constraints 18-550] Could not create 'IOSTANDARD' constraint because net 'i_system_wrapper/system_i/sys_ps7/MIO[33]' is not directly connected to top level port. 'IOSTANDARD' is ignored for synthesis but preserved for implementation.
WARNING: [Constraints 18-550] Could not create 'IOSTANDARD' constraint because net 'i_system_wrapper/system_i/sys_ps7/MIO[34]' is not directly connected to top level port. 'IOSTANDARD' is ignored for synthesis but preserved for implementation.
WARNING: [Constraints 18-550] Could not create 'IOSTANDARD' constraint because net 'i_system_wrapper/system_i/sys_ps7/MIO[35]' is not directly connected to top level port. 'IOSTANDARD' is ignored for synthesis but preserved for implementation.
WARNING: [Constraints 18-550] Could not create 'IOSTANDARD' constraint because net 'i_system_wrapper/system_i/sys_ps7/MIO[36]' is not directly connected to top level port. 'IOSTANDARD' is ignored for synthesis but preserved for implementation.
WARNING: [Constraints 18-550] Could not create 'IOSTANDARD' constraint because net 'i_system_wrapper/system_i/sys_ps7/MIO[37]' is not directly connected to top level port. 'IOSTANDARD' is ignored for synthesis but preserved for implementation.
WARNING: [Constraints 18-550] Could not create 'IOSTANDARD' constraint because net 'i_system_wrapper/system_i/sys_ps7/MIO[38]' is not directly connected to top level port. 'IOSTANDARD' is ignored for synthesis but preserved for implementation.
WARNING: [Constraints 18-550] Could not create 'IOSTANDARD' constraint because net 'i_system_wrapper/system_i/sys_ps7/MIO[39]' is not directly connected to top level port. 'IOSTANDARD' is ignored for synthesis but preserved for implementation.
WARNING: [Constraints 18-550] Could not create 'IOSTANDARD' constraint because net 'i_system_wrapper/system_i/sys_ps7/MIO[40]' is not directly connected to top level port. 'IOSTANDARD' is ignored for synthesis but preserved for implementation.
WARNING: [Constraints 18-550] Could not create 'IOSTANDARD' constraint because net 'i_system_wrapper/system_i/sys_ps7/MIO[41]' is not directly connected to top level port. 'IOSTANDARD' is ignored for synthesis but preserved for implementation.
WARNING: [Constraints 18-550] Could not create 'IOSTANDARD' constraint because net 'i_system_wrapper/system_i/sys_ps7/MIO[42]' is not directly connected to top level port. 'IOSTANDARD' is ignored for synthesis but preserved for implementation.
WARNING: [Constraints 18-550] Could not create 'IOSTANDARD' constraint because net 'i_system_wrapper/system_i/sys_ps7/MIO[43]' is not directly connected to top level port. 'IOSTANDARD' is ignored for synthesis but preserved for implementation.
WARNING: [Constraints 18-550] Could not create 'IOSTANDARD' constraint because net 'i_system_wrapper/system_i/sys_ps7/MIO[44]' is not directly connected to top level port. 'IOSTANDARD' is ignored for synthesis but preserved for implementation.
WARNING: [Constraints 18-550] Could not create 'IOSTANDARD' constraint because net 'i_system_wrapper/system_i/sys_ps7/MIO[45]' is not directly connected to top level port. 'IOSTANDARD' is ignored for synthesis but preserved for implementation.
WARNING: [Constraints 18-550] Could not create 'IOSTANDARD' constraint because net 'i_system_wrapper/system_i/sys_ps7/MIO[46]' is not directly connected to top level port. 'IOSTANDARD' is ignored for synthesis but preserved for implementation.
WARNING: [Constraints 18-550] Could not create 'IOSTANDARD' constraint because net 'i_system_wrapper/system_i/sys_ps7/MIO[47]' is not directly connected to top level port. 'IOSTANDARD' is ignored for synthesis but preserved for implementation.
WARNING: [Constraints 18-550] Could not create 'IOSTANDARD' constraint because net 'i_system_wrapper/system_i/sys_ps7/MIO[48]' is not directly connected to top level port. 'IOSTANDARD' is ignored for synthesis but preserved for implementation.
WARNING: [Constraints 18-550] Could not create 'IOSTANDARD' constraint because net 'i_system_wrapper/system_i/sys_ps7/MIO[49]' is not directly connected to top level port. 'IOSTANDARD' is ignored for synthesis but preserved for implementation.
WARNING: [Constraints 18-550] Could not create 'IOSTANDARD' constraint because net 'i_system_wrapper/system_i/sys_ps7/MIO[50]' is not directly connected to top level port. 'IOSTANDARD' is ignored for synthesis but preserved for implementation.
WARNING: [Constraints 18-550] Could not create 'IOSTANDARD' constraint because net 'i_system_wrapper/system_i/sys_ps7/MIO[51]' is not directly connected to top level port. 'IOSTANDARD' is ignored for synthesis but preserved for implementation.
WARNING: [Constraints 18-550] Could not create 'IOSTANDARD' constraint because net 'i_system_wrapper/system_i/sys_ps7/MIO[52]' is not directly connected to top level port. 'IOSTANDARD' is ignored for synthesis but preserved for implementation.
WARNING: [Constraints 18-550] Could not create 'IOSTANDARD' constraint because net 'i_system_wrapper/system_i/sys_ps7/MIO[53]' is not directly connected to top level port. 'IOSTANDARD' is ignored for synthesis but preserved for implementation.
Parsing XDC File [/home/dator2/Documents/clean_fw_folder/antsdr-fw-patch/plutosdr-fw/hdl/projects/e200/e200.gen/sources_1/bd/system/ip/system_sys_rstgen_0/system_sys_rstgen_0_board.xdc] for cell 'i_system_wrapper/system_i/sys_rstgen/U0'
Finished Parsing XDC File [/home/dator2/Documents/clean_fw_folder/antsdr-fw-patch/plutosdr-fw/hdl/projects/e200/e200.gen/sources_1/bd/system/ip/system_sys_rstgen_0/system_sys_rstgen_0_board.xdc] for cell 'i_system_wrapper/system_i/sys_rstgen/U0'
Parsing XDC File [/home/dator2/Documents/clean_fw_folder/antsdr-fw-patch/plutosdr-fw/hdl/projects/e200/e200.gen/sources_1/bd/system/ip/system_sys_rstgen_0/system_sys_rstgen_0.xdc] for cell 'i_system_wrapper/system_i/sys_rstgen/U0'
Finished Parsing XDC File [/home/dator2/Documents/clean_fw_folder/antsdr-fw-patch/plutosdr-fw/hdl/projects/e200/e200.gen/sources_1/bd/system/ip/system_sys_rstgen_0/system_sys_rstgen_0.xdc] for cell 'i_system_wrapper/system_i/sys_rstgen/U0'
Parsing XDC File [/home/dator2/Documents/clean_fw_folder/antsdr-fw-patch/plutosdr-fw/hdl/projects/e200/e200.gen/sources_1/bd/system/ip/system_sys_rgmii_0/synth/system_sys_rgmii_0.xdc] for cell 'i_system_wrapper/system_i/sys_rgmii/U0'
Finished Parsing XDC File [/home/dator2/Documents/clean_fw_folder/antsdr-fw-patch/plutosdr-fw/hdl/projects/e200/e200.gen/sources_1/bd/system/ip/system_sys_rgmii_0/synth/system_sys_rgmii_0.xdc] for cell 'i_system_wrapper/system_i/sys_rgmii/U0'
Parsing XDC File [/home/dator2/Documents/clean_fw_folder/antsdr-fw-patch/plutosdr-fw/hdl/projects/e200/e200.gen/sources_1/bd/system/ip/xilinx/common/up_xfer_cntrl_constr.xdc] for cell 'i_system_wrapper/system_i/axi_ad9361/inst'
Finished Parsing XDC File [/home/dator2/Documents/clean_fw_folder/antsdr-fw-patch/plutosdr-fw/hdl/projects/e200/e200.gen/sources_1/bd/system/ip/xilinx/common/up_xfer_cntrl_constr.xdc] for cell 'i_system_wrapper/system_i/axi_ad9361/inst'
Parsing XDC File [/home/dator2/Documents/clean_fw_folder/antsdr-fw-patch/plutosdr-fw/hdl/projects/e200/e200.gen/sources_1/bd/system/ip/xilinx/common/ad_rst_constr.xdc] for cell 'i_system_wrapper/system_i/axi_ad9361/inst'
Finished Parsing XDC File [/home/dator2/Documents/clean_fw_folder/antsdr-fw-patch/plutosdr-fw/hdl/projects/e200/e200.gen/sources_1/bd/system/ip/xilinx/common/ad_rst_constr.xdc] for cell 'i_system_wrapper/system_i/axi_ad9361/inst'
Parsing XDC File [/home/dator2/Documents/clean_fw_folder/antsdr-fw-patch/plutosdr-fw/hdl/projects/e200/e200.gen/sources_1/bd/system/ip/xilinx/common/up_xfer_status_constr.xdc] for cell 'i_system_wrapper/system_i/axi_ad9361/inst'
Finished Parsing XDC File [/home/dator2/Documents/clean_fw_folder/antsdr-fw-patch/plutosdr-fw/hdl/projects/e200/e200.gen/sources_1/bd/system/ip/xilinx/common/up_xfer_status_constr.xdc] for cell 'i_system_wrapper/system_i/axi_ad9361/inst'
Parsing XDC File [/home/dator2/Documents/clean_fw_folder/antsdr-fw-patch/plutosdr-fw/hdl/projects/e200/e200.gen/sources_1/bd/system/ip/xilinx/common/up_clock_mon_constr.xdc] for cell 'i_system_wrapper/system_i/axi_ad9361/inst'
Finished Parsing XDC File [/home/dator2/Documents/clean_fw_folder/antsdr-fw-patch/plutosdr-fw/hdl/projects/e200/e200.gen/sources_1/bd/system/ip/xilinx/common/up_clock_mon_constr.xdc] for cell 'i_system_wrapper/system_i/axi_ad9361/inst'
Parsing XDC File [/home/dator2/Documents/clean_fw_folder/antsdr-fw-patch/plutosdr-fw/hdl/projects/e200/e200.gen/sources_1/bd/system/ip/system_axi_ad9361_0/axi_ad9361_constr.xdc] for cell 'i_system_wrapper/system_i/axi_ad9361/inst'
Finished Parsing XDC File [/home/dator2/Documents/clean_fw_folder/antsdr-fw-patch/plutosdr-fw/hdl/projects/e200/e200.gen/sources_1/bd/system/ip/system_axi_ad9361_0/axi_ad9361_constr.xdc] for cell 'i_system_wrapper/system_i/axi_ad9361/inst'
Parsing XDC File [/home/dator2/Documents/clean_fw_folder/antsdr-fw-patch/plutosdr-fw/hdl/projects/e200/e200.gen/sources_1/bd/system/ip/system_fir_interpolation_0_0/constraints/fir_compiler_v7_2.xdc] for cell 'i_system_wrapper/system_i/tx_fir_interpolator/fir_interpolation_0/U0'
Finished Parsing XDC File [/home/dator2/Documents/clean_fw_folder/antsdr-fw-patch/plutosdr-fw/hdl/projects/e200/e200.gen/sources_1/bd/system/ip/system_fir_interpolation_0_0/constraints/fir_compiler_v7_2.xdc] for cell 'i_system_wrapper/system_i/tx_fir_interpolator/fir_interpolation_0/U0'
Parsing XDC File [/home/dator2/Documents/clean_fw_folder/antsdr-fw-patch/plutosdr-fw/hdl/projects/e200/e200.gen/sources_1/bd/system/ip/system_fir_interpolation_1_0/constraints/fir_compiler_v7_2.xdc] for cell 'i_system_wrapper/system_i/tx_fir_interpolator/fir_interpolation_1/U0'
Finished Parsing XDC File [/home/dator2/Documents/clean_fw_folder/antsdr-fw-patch/plutosdr-fw/hdl/projects/e200/e200.gen/sources_1/bd/system/ip/system_fir_interpolation_1_0/constraints/fir_compiler_v7_2.xdc] for cell 'i_system_wrapper/system_i/tx_fir_interpolator/fir_interpolation_1/U0'
Parsing XDC File [/home/dator2/Documents/clean_fw_folder/antsdr-fw-patch/plutosdr-fw/hdl/projects/e200/e200.gen/sources_1/bd/system/ip/system_fir_decimation_0_0/constraints/fir_compiler_v7_2.xdc] for cell 'i_system_wrapper/system_i/rx_fir_decimator/fir_decimation_0/U0'
Finished Parsing XDC File [/home/dator2/Documents/clean_fw_folder/antsdr-fw-patch/plutosdr-fw/hdl/projects/e200/e200.gen/sources_1/bd/system/ip/system_fir_decimation_0_0/constraints/fir_compiler_v7_2.xdc] for cell 'i_system_wrapper/system_i/rx_fir_decimator/fir_decimation_0/U0'
Parsing XDC File [/home/dator2/Documents/clean_fw_folder/antsdr-fw-patch/plutosdr-fw/hdl/projects/e200/e200.gen/sources_1/bd/system/ip/system_fir_decimation_1_0/constraints/fir_compiler_v7_2.xdc] for cell 'i_system_wrapper/system_i/rx_fir_decimator/fir_decimation_1/U0'
Finished Parsing XDC File [/home/dator2/Documents/clean_fw_folder/antsdr-fw-patch/plutosdr-fw/hdl/projects/e200/e200.gen/sources_1/bd/system/ip/system_fir_decimation_1_0/constraints/fir_compiler_v7_2.xdc] for cell 'i_system_wrapper/system_i/rx_fir_decimator/fir_decimation_1/U0'
Parsing XDC File [/home/dator2/Documents/clean_fw_folder/antsdr-fw-patch/plutosdr-fw/hdl/projects/common/xilinx/adi_fir_filter_constr.xdc]
Finished Parsing XDC File [/home/dator2/Documents/clean_fw_folder/antsdr-fw-patch/plutosdr-fw/hdl/projects/common/xilinx/adi_fir_filter_constr.xdc]
Parsing XDC File [/home/dator2/Documents/clean_fw_folder/antsdr-fw-patch/plutosdr-fw/hdl/projects/e200/system_constr.xdc]
Finished Parsing XDC File [/home/dator2/Documents/clean_fw_folder/antsdr-fw-patch/plutosdr-fw/hdl/projects/e200/system_constr.xdc]
INFO: [Project 1-538] Using original IP XDC constraints instead of the XDC constraints in dcp '/home/dator2/Documents/clean_fw_folder/antsdr-fw-patch/plutosdr-fw/hdl/projects/e200/e200.gen/sources_1/bd/system/ip/system_sys_ps7_0/system_sys_ps7_0.dcp'
Parsing XDC File [/home/dator2/Documents/clean_fw_folder/antsdr-fw-patch/plutosdr-fw/hdl/projects/e200/e200.gen/sources_1/bd/system/ip/system_sys_rgmii_0/synth/system_sys_rgmii_0_clocks.xdc] for cell 'i_system_wrapper/system_i/sys_rgmii/U0'
INFO: [Timing 38-35] Done setting XDC timing constraints. [/home/dator2/Documents/clean_fw_folder/antsdr-fw-patch/plutosdr-fw/hdl/projects/e200/e200.gen/sources_1/bd/system/ip/system_sys_rgmii_0/synth/system_sys_rgmii_0_clocks.xdc:4]
INFO: [Timing 38-2] Deriving generated clocks [/home/dator2/Documents/clean_fw_folder/antsdr-fw-patch/plutosdr-fw/hdl/projects/e200/e200.gen/sources_1/bd/system/ip/system_sys_rgmii_0/synth/system_sys_rgmii_0_clocks.xdc:4]
INFO: [Constraints 18-483] create_clock: no pin(s)/port(s)/net(s) specified as objects, only virtual clock 'system_sys_rgmii_0_rgmii_rx_clk' will be created. If you don't want this, please specify pin(s)/ports(s)/net(s) as objects to the command. [/home/dator2/Documents/clean_fw_folder/antsdr-fw-patch/plutosdr-fw/hdl/projects/e200/e200.gen/sources_1/bd/system/ip/system_sys_rgmii_0/synth/system_sys_rgmii_0_clocks.xdc:7]
Finished Parsing XDC File [/home/dator2/Documents/clean_fw_folder/antsdr-fw-patch/plutosdr-fw/hdl/projects/e200/e200.gen/sources_1/bd/system/ip/system_sys_rgmii_0/synth/system_sys_rgmii_0_clocks.xdc] for cell 'i_system_wrapper/system_i/sys_rgmii/U0'
Parsing XDC File [/home/dator2/Documents/clean_fw_folder/antsdr-fw-patch/plutosdr-fw/hdl/projects/e200/e200.gen/sources_1/bd/system/ip/system_axi_ad9361_0/system_axi_ad9361_0_pps_constr.xdc] for cell 'i_system_wrapper/system_i/axi_ad9361/inst'
Finished Parsing XDC File [/home/dator2/Documents/clean_fw_folder/antsdr-fw-patch/plutosdr-fw/hdl/projects/e200/e200.gen/sources_1/bd/system/ip/system_axi_ad9361_0/system_axi_ad9361_0_pps_constr.xdc] for cell 'i_system_wrapper/system_i/axi_ad9361/inst'
Parsing XDC File [/home/dator2/Documents/clean_fw_folder/antsdr-fw-patch/plutosdr-fw/hdl/projects/e200/e200.gen/sources_1/bd/system/ip/system_axi_ad9361_dac_dma_0/system_axi_ad9361_dac_dma_0_constr.xdc] for cell 'i_system_wrapper/system_i/axi_ad9361_dac_dma/inst'
Finished Parsing XDC File [/home/dator2/Documents/clean_fw_folder/antsdr-fw-patch/plutosdr-fw/hdl/projects/e200/e200.gen/sources_1/bd/system/ip/system_axi_ad9361_dac_dma_0/system_axi_ad9361_dac_dma_0_constr.xdc] for cell 'i_system_wrapper/system_i/axi_ad9361_dac_dma/inst'
Parsing XDC File [/home/dator2/Documents/clean_fw_folder/antsdr-fw-patch/plutosdr-fw/hdl/projects/e200/e200.gen/sources_1/bd/system/ip/system_axi_ad9361_adc_dma_0/system_axi_ad9361_adc_dma_0_constr.xdc] for cell 'i_system_wrapper/system_i/axi_ad9361_adc_dma/inst'
Finished Parsing XDC File [/home/dator2/Documents/clean_fw_folder/antsdr-fw-patch/plutosdr-fw/hdl/projects/e200/e200.gen/sources_1/bd/system/ip/system_axi_ad9361_adc_dma_0/system_axi_ad9361_adc_dma_0_constr.xdc] for cell 'i_system_wrapper/system_i/axi_ad9361_adc_dma/inst'
Parsing XDC File [/home/dator2/Documents/clean_fw_folder/antsdr-fw-patch/plutosdr-fw/hdl/projects/e200/e200.gen/sources_1/bd/system/ip/system_tdd_core_0/system_tdd_core_0_constr.xdc] for cell 'i_system_wrapper/system_i/axi_tdd_0/tdd_core/inst'
Finished Parsing XDC File [/home/dator2/Documents/clean_fw_folder/antsdr-fw-patch/plutosdr-fw/hdl/projects/e200/e200.gen/sources_1/bd/system/ip/system_tdd_core_0/system_tdd_core_0_constr.xdc] for cell 'i_system_wrapper/system_i/axi_tdd_0/tdd_core/inst'
INFO: [Opt 31-138] Pushed 0 inverter(s) to 0 load pin(s).
Netlist sorting complete. Time (s): cpu = 00:00:00 ; elapsed = 00:00:00.01 . Memory (MB): peak = 3385.230 ; gain = 0.000 ; free physical = 5756 ; free virtual = 10085
INFO: [Project 1-111] Unisim Transformation Summary:
  A total of 108 instances were transformed.
  IOBUF => IOBUF (IBUF, OBUFT): 23 instances
  RAM16X1D => RAM32X1D (RAMD32(x2)): 70 instances
  RAM32M => RAM32M (RAMD32(x6), RAMS32(x2)): 11 instances
  RAM32X1D => RAM32X1D (RAMD32(x2)): 4 instances

open_run: Time (s): cpu = 00:00:30 ; elapsed = 00:00:20 . Memory (MB): peak = 3385.230 ; gain = 1153.309 ; free physical = 5756 ; free virtual = 10085
INFO: [Constraints 18-483] create_clock: no pin(s)/port(s)/net(s) specified as objects, only virtual clock 'system_sys_rgmii_0_rgmii_rx_clk' will be created. If you don't want this, please specify pin(s)/ports(s)/net(s) as objects to the command. [/home/dator2/Documents/clean_fw_folder/antsdr-fw-patch/plutosdr-fw/hdl/projects/e200/e200.gen/sources_1/bd/system/ip/system_sys_rgmii_0/synth/system_sys_rgmii_0_clocks.xdc:7]
INFO: [Timing 38-35] Done setting XDC timing constraints.
INFO: [Timing 38-91] UpdateTimingParams: Speed grade: -2, Delay Type: min_max.
INFO: [Timing 38-191] Multithreading enabled for timing update using a maximum of 8 CPUs
INFO: [Timing 38-480] Writing timing data to binary archive.
Wrote PlaceDB: Time (s): cpu = 00:00:00.02 ; elapsed = 00:00:00 . Memory (MB): peak = 3385.230 ; gain = 0.000 ; free physical = 5642 ; free virtual = 9974
Wrote PulsedLatchDB: Time (s): cpu = 00:00:00 ; elapsed = 00:00:00 . Memory (MB): peak = 3385.230 ; gain = 0.000 ; free physical = 5642 ; free virtual = 9974
Writing XDEF routing.
Writing XDEF routing logical nets.
Writing XDEF routing special nets.
Wrote RouteStorage: Time (s): cpu = 00:00:00.07 ; elapsed = 00:00:00.02 . Memory (MB): peak = 3385.230 ; gain = 0.000 ; free physical = 5642 ; free virtual = 9975
Wrote Netlist Cache: Time (s): cpu = 00:00:00.01 ; elapsed = 00:00:00 . Memory (MB): peak = 3385.230 ; gain = 0.000 ; free physical = 5642 ; free virtual = 9975
Wrote Device Cache: Time (s): cpu = 00:00:00.02 ; elapsed = 00:00:00.01 . Memory (MB): peak = 3385.230 ; gain = 0.000 ; free physical = 5642 ; free virtual = 9976
Write Physdb Complete: Time (s): cpu = 00:00:00.13 ; elapsed = 00:00:00.03 . Memory (MB): peak = 3385.230 ; gain = 0.000 ; free physical = 5642 ; free virtual = 9976
Write ShapeDB Complete: Time (s): cpu = 00:00:00.24 ; elapsed = 00:00:00.06 . Memory (MB): peak = 3385.230 ; gain = 0.000 ; free physical = 5628 ; free virtual = 9966
WARNING: [Common 17-210] 'write_hwdef' is deprecated.
[Wed Jul  9 15:32:25 2025] Launched impl_1...
Run output will be captured here: /home/dator2/Documents/clean_fw_folder/antsdr-fw-patch/plutosdr-fw/hdl/projects/e200/e200.runs/impl_1/runme.log
[Wed Jul  9 15:32:25 2025] Waiting for impl_1 to finish...

*** Running vivado
    with args -log system_top.vdi -applog -m64 -product Vivado -messageDb vivado.pb -mode batch -source system_top.tcl -notrace


****** Vivado v2023.2 (64-bit)
  **** SW Build 4029153 on Fri Oct 13 20:13:54 MDT 2023
  **** IP Build 4028589 on Sat Oct 14 00:45:43 MDT 2023
  **** SharedData Build 4025554 on Tue Oct 10 17:18:54 MDT 2023
    ** Copyright 1986-2022 Xilinx, Inc. All Rights Reserved.
    ** Copyright 2022-2023 Advanced Micro Devices, Inc. All Rights Reserved.

source system_top.tcl -notrace
Command: open_checkpoint /home/dator2/Documents/clean_fw_folder/antsdr-fw-patch/plutosdr-fw/hdl/projects/e200/e200.runs/impl_1/system_top.dcp
INFO: [Device 21-403] Loading part xc7z020clg400-2
Netlist sorting complete. Time (s): cpu = 00:00:00.25 ; elapsed = 00:00:00.25 . Memory (MB): peak = 1684.324 ; gain = 0.000 ; free physical = 4855 ; free virtual = 9199
INFO: [Netlist 29-17] Analyzing 2115 Unisim elements for replacement
INFO: [Netlist 29-28] Unisim Transformation completed in 0 CPU seconds
INFO: [Project 1-479] Netlist was created with Vivado 2023.2
INFO: [Project 1-570] Preparing netlist for logic optimization
WARNING: [Constraints 18-550] Could not create 'IOSTANDARD' constraint because net 'i_system_wrapper/system_i/sys_ps7/DDR_DM[2]' is not directly connected to top level port. 'IOSTANDARD' is ignored for synthesis but preserved for implementation.
WARNING: [Constraints 18-550] Could not create 'IOSTANDARD' constraint because net 'i_system_wrapper/system_i/sys_ps7/DDR_DM[3]' is not directly connected to top level port. 'IOSTANDARD' is ignored for synthesis but preserved for implementation.
WARNING: [Constraints 18-550] Could not create 'IOSTANDARD' constraint because net 'i_system_wrapper/system_i/sys_ps7/DDR_DQS[2]' is not directly connected to top level port. 'IOSTANDARD' is ignored for synthesis but preserved for implementation.
WARNING: [Constraints 18-550] Could not create 'IOSTANDARD' constraint because net 'i_system_wrapper/system_i/sys_ps7/DDR_DQS[3]' is not directly connected to top level port. 'IOSTANDARD' is ignored for synthesis but preserved for implementation.
WARNING: [Constraints 18-550] Could not create 'IOSTANDARD' constraint because net 'i_system_wrapper/system_i/sys_ps7/DDR_DQS_n[2]' is not directly connected to top level port. 'IOSTANDARD' is ignored for synthesis but preserved for implementation.
WARNING: [Constraints 18-550] Could not create 'IOSTANDARD' constraint because net 'i_system_wrapper/system_i/sys_ps7/DDR_DQS_n[3]' is not directly connected to top level port. 'IOSTANDARD' is ignored for synthesis but preserved for implementation.
WARNING: [Constraints 18-550] Could not create 'IOSTANDARD' constraint because net 'i_system_wrapper/system_i/sys_ps7/MIO[32]' is not directly connected to top level port. 'IOSTANDARD' is ignored for synthesis but preserved for implementation.
WARNING: [Constraints 18-550] Could not create 'IOSTANDARD' constraint because net 'i_system_wrapper/system_i/sys_ps7/MIO[33]' is not directly connected to top level port. 'IOSTANDARD' is ignored for synthesis but preserved for implementation.
WARNING: [Constraints 18-550] Could not create 'IOSTANDARD' constraint because net 'i_system_wrapper/system_i/sys_ps7/MIO[34]' is not directly connected to top level port. 'IOSTANDARD' is ignored for synthesis but preserved for implementation.
WARNING: [Constraints 18-550] Could not create 'IOSTANDARD' constraint because net 'i_system_wrapper/system_i/sys_ps7/MIO[35]' is not directly connected to top level port. 'IOSTANDARD' is ignored for synthesis but preserved for implementation.
WARNING: [Constraints 18-550] Could not create 'IOSTANDARD' constraint because net 'i_system_wrapper/system_i/sys_ps7/MIO[36]' is not directly connected to top level port. 'IOSTANDARD' is ignored for synthesis but preserved for implementation.
WARNING: [Constraints 18-550] Could not create 'IOSTANDARD' constraint because net 'i_system_wrapper/system_i/sys_ps7/MIO[37]' is not directly connected to top level port. 'IOSTANDARD' is ignored for synthesis but preserved for implementation.
WARNING: [Constraints 18-550] Could not create 'IOSTANDARD' constraint because net 'i_system_wrapper/system_i/sys_ps7/MIO[38]' is not directly connected to top level port. 'IOSTANDARD' is ignored for synthesis but preserved for implementation.
WARNING: [Constraints 18-550] Could not create 'IOSTANDARD' constraint because net 'i_system_wrapper/system_i/sys_ps7/MIO[39]' is not directly connected to top level port. 'IOSTANDARD' is ignored for synthesis but preserved for implementation.
WARNING: [Constraints 18-550] Could not create 'IOSTANDARD' constraint because net 'i_system_wrapper/system_i/sys_ps7/MIO[40]' is not directly connected to top level port. 'IOSTANDARD' is ignored for synthesis but preserved for implementation.
WARNING: [Constraints 18-550] Could not create 'IOSTANDARD' constraint because net 'i_system_wrapper/system_i/sys_ps7/MIO[41]' is not directly connected to top level port. 'IOSTANDARD' is ignored for synthesis but preserved for implementation.
WARNING: [Constraints 18-550] Could not create 'IOSTANDARD' constraint because net 'i_system_wrapper/system_i/sys_ps7/MIO[42]' is not directly connected to top level port. 'IOSTANDARD' is ignored for synthesis but preserved for implementation.
WARNING: [Constraints 18-550] Could not create 'IOSTANDARD' constraint because net 'i_system_wrapper/system_i/sys_ps7/MIO[43]' is not directly connected to top level port. 'IOSTANDARD' is ignored for synthesis but preserved for implementation.
WARNING: [Constraints 18-550] Could not create 'IOSTANDARD' constraint because net 'i_system_wrapper/system_i/sys_ps7/MIO[44]' is not directly connected to top level port. 'IOSTANDARD' is ignored for synthesis but preserved for implementation.
WARNING: [Constraints 18-550] Could not create 'IOSTANDARD' constraint because net 'i_system_wrapper/system_i/sys_ps7/MIO[45]' is not directly connected to top level port. 'IOSTANDARD' is ignored for synthesis but preserved for implementation.
WARNING: [Constraints 18-550] Could not create 'IOSTANDARD' constraint because net 'i_system_wrapper/system_i/sys_ps7/MIO[46]' is not directly connected to top level port. 'IOSTANDARD' is ignored for synthesis but preserved for implementation.
WARNING: [Constraints 18-550] Could not create 'IOSTANDARD' constraint because net 'i_system_wrapper/system_i/sys_ps7/MIO[47]' is not directly connected to top level port. 'IOSTANDARD' is ignored for synthesis but preserved for implementation.
WARNING: [Constraints 18-550] Could not create 'IOSTANDARD' constraint because net 'i_system_wrapper/system_i/sys_ps7/MIO[48]' is not directly connected to top level port. 'IOSTANDARD' is ignored for synthesis but preserved for implementation.
WARNING: [Constraints 18-550] Could not create 'IOSTANDARD' constraint because net 'i_system_wrapper/system_i/sys_ps7/MIO[49]' is not directly connected to top level port. 'IOSTANDARD' is ignored for synthesis but preserved for implementation.
WARNING: [Constraints 18-550] Could not create 'IOSTANDARD' constraint because net 'i_system_wrapper/system_i/sys_ps7/MIO[50]' is not directly connected to top level port. 'IOSTANDARD' is ignored for synthesis but preserved for implementation.
WARNING: [Constraints 18-550] Could not create 'IOSTANDARD' constraint because net 'i_system_wrapper/system_i/sys_ps7/MIO[51]' is not directly connected to top level port. 'IOSTANDARD' is ignored for synthesis but preserved for implementation.
WARNING: [Constraints 18-550] Could not create 'IOSTANDARD' constraint because net 'i_system_wrapper/system_i/sys_ps7/MIO[52]' is not directly connected to top level port. 'IOSTANDARD' is ignored for synthesis but preserved for implementation.
WARNING: [Constraints 18-550] Could not create 'IOSTANDARD' constraint because net 'i_system_wrapper/system_i/sys_ps7/MIO[53]' is not directly connected to top level port. 'IOSTANDARD' is ignored for synthesis but preserved for implementation.
Read ShapeDB Complete: Time (s): cpu = 00:00:00.06 ; elapsed = 00:00:00.06 . Memory (MB): peak = 1798.137 ; gain = 8.250 ; free physical = 4740 ; free virtual = 9083
INFO: [Timing 38-478] Restoring timing data from binary archive.
INFO: [Timing 38-479] Binary timing data restore complete.
INFO: [Project 1-856] Restoring constraints from binary archive.
INFO: [Project 1-853] Binary constraint restore complete.
INFO: [Designutils 20-5722] Start Reading Physical Databases.
Reading placement.
Read Netlist Cache: Time (s): cpu = 00:00:00 ; elapsed = 00:00:00 . Memory (MB): peak = 2441.715 ; gain = 0.000 ; free physical = 4176 ; free virtual = 8531
Reading placer database...
Read Device Cache: Time (s): cpu = 00:00:00 ; elapsed = 00:00:00.01 . Memory (MB): peak = 2441.715 ; gain = 0.000 ; free physical = 4176 ; free virtual = 8531
Read PlaceDB: Time (s): cpu = 00:00:00.01 ; elapsed = 00:00:00 . Memory (MB): peak = 2441.715 ; gain = 0.000 ; free physical = 4176 ; free virtual = 8531
Read PulsedLatchDB: Time (s): cpu = 00:00:00 ; elapsed = 00:00:00 . Memory (MB): peak = 2441.715 ; gain = 0.000 ; free physical = 4176 ; free virtual = 8531
Reading routing.
Read RouteStorage: Time (s): cpu = 00:00:00 ; elapsed = 00:00:00.01 . Memory (MB): peak = 2441.715 ; gain = 0.000 ; free physical = 4176 ; free virtual = 8531
Read Physdb Files: Time (s): cpu = 00:00:00.01 ; elapsed = 00:00:00.02 . Memory (MB): peak = 2441.715 ; gain = 0.000 ; free physical = 4176 ; free virtual = 8531
Restored from archive | CPU: 0.040000 secs | Memory: 1.188400 MB |
Finished XDEF File Restore: Time (s): cpu = 00:00:00.04 ; elapsed = 00:00:00.04 . Memory (MB): peak = 2441.715 ; gain = 6.938 ; free physical = 4176 ; free virtual = 8531
Netlist sorting complete. Time (s): cpu = 00:00:00 ; elapsed = 00:00:00 . Memory (MB): peak = 2441.715 ; gain = 0.000 ; free physical = 4176 ; free virtual = 8531
INFO: [Project 1-111] Unisim Transformation Summary:
  A total of 108 instances were transformed.
  IOBUF => IOBUF (IBUF, OBUFT): 23 instances
  RAM16X1D => RAM32X1D (RAMD32(x2)): 70 instances
  RAM32M => RAM32M (RAMD32(x6), RAMS32(x2)): 11 instances
  RAM32X1D => RAM32X1D (RAMD32(x2)): 4 instances

INFO: [Project 1-604] Checkpoint was created with Vivado v2023.2 (64-bit) build 4029153
open_checkpoint: Time (s): cpu = 00:00:13 ; elapsed = 00:00:13 . Memory (MB): peak = 2441.750 ; gain = 1104.727 ; free physical = 4176 ; free virtual = 8531
INFO: [IP_Flow 19-234] Refreshing IP repositories
INFO: [IP_Flow 19-1700] Loaded user IP repository '/home/dator2/Documents/clean_fw_folder/antsdr-fw-patch/plutosdr-fw/hdl/library'.
INFO: [IP_Flow 19-2313] Loaded Vivado IP repository '/tools/Xilinx/Vivado/2023.2/data/ip'.
Command: opt_design
Attempting to get a license for feature 'Implementation' and/or device 'xc7z020'
INFO: [Common 17-349] Got license for feature 'Implementation' and/or device 'xc7z020'
Running DRC as a precondition to command opt_design

Starting DRC Task
INFO: [DRC 23-27] Running DRC with 8 threads
INFO: [Project 1-461] DRC finished with 0 Errors
INFO: [Project 1-462] Please refer to the DRC report (report_drc) for more information.

Time (s): cpu = 00:00:01 ; elapsed = 00:00:00.53 . Memory (MB): peak = 2548.371 ; gain = 103.688 ; free physical = 4165 ; free virtual = 8520

Starting Cache Timing Information Task
Ending Cache Timing Information Task | Checksum: 1009a8929

Time (s): cpu = 00:00:00.21 ; elapsed = 00:00:00.05 . Memory (MB): peak = 2548.371 ; gain = 0.000 ; free physical = 4165 ; free virtual = 8520

Starting Logic Optimization Task

Phase 1 Initialization

Phase 1.1 Core Generation And Design Setup
Phase 1.1 Core Generation And Design Setup | Checksum: 1009a8929

Time (s): cpu = 00:00:00 ; elapsed = 00:00:00.01 . Memory (MB): peak = 2790.254 ; gain = 0.000 ; free physical = 3877 ; free virtual = 8222

Phase 1.2 Setup Constraints And Sort Netlist
Phase 1.2 Setup Constraints And Sort Netlist | Checksum: 1009a8929

Time (s): cpu = 00:00:00.01 ; elapsed = 00:00:00.02 . Memory (MB): peak = 2790.254 ; gain = 0.000 ; free physical = 3877 ; free virtual = 8222
Phase 1 Initialization | Checksum: 1009a8929

Time (s): cpu = 00:00:00.01 ; elapsed = 00:00:00.02 . Memory (MB): peak = 2790.254 ; gain = 0.000 ; free physical = 3877 ; free virtual = 8222

Phase 2 Timer Update And Timing Data Collection

Phase 2.1 Timer Update
Phase 2.1 Timer Update | Checksum: 1009a8929

Time (s): cpu = 00:00:03 ; elapsed = 00:00:00.48 . Memory (MB): peak = 2790.254 ; gain = 0.000 ; free physical = 3877 ; free virtual = 8222

Phase 2.2 Timing Data Collection
Phase 2.2 Timing Data Collection | Checksum: 1009a8929

Time (s): cpu = 00:00:03 ; elapsed = 00:00:00.52 . Memory (MB): peak = 2790.254 ; gain = 0.000 ; free physical = 3870 ; free virtual = 8215
Phase 2 Timer Update And Timing Data Collection | Checksum: 1009a8929

Time (s): cpu = 00:00:03 ; elapsed = 00:00:00.52 . Memory (MB): peak = 2790.254 ; gain = 0.000 ; free physical = 3870 ; free virtual = 8215

Phase 3 Retarget
INFO: [Opt 31-1566] Pulled 2 inverters resulting in an inversion of 69 pins
INFO: [Opt 31-138] Pushed 20 inverter(s) to 25 load pin(s).
INFO: [Opt 31-49] Retargeted 0 cell(s).
Phase 3 Retarget | Checksum: 1518edb8d

Time (s): cpu = 00:00:03 ; elapsed = 00:00:01 . Memory (MB): peak = 2814.266 ; gain = 24.012 ; free physical = 3861 ; free virtual = 8216
Retarget | Checksum: 1518edb8d
INFO: [Opt 31-389] Phase Retarget created 183 cells and removed 1731 cells
INFO: [Opt 31-1021] In phase Retarget, 6 netlist objects are constrained preventing optimization. Please run opt_design with -debug_log to get more detail. 

Phase 4 Constant propagation
INFO: [Opt 31-138] Pushed 0 inverter(s) to 0 load pin(s).
Phase 4 Constant propagation | Checksum: 16d8fa234

Time (s): cpu = 00:00:04 ; elapsed = 00:00:02 . Memory (MB): peak = 2814.266 ; gain = 24.012 ; free physical = 3862 ; free virtual = 8217
Constant propagation | Checksum: 16d8fa234
INFO: [Opt 31-389] Phase Constant propagation created 1220 cells and removed 1430 cells

Phase 5 Sweep
Phase 5 Sweep | Checksum: 1b6f9647b

Time (s): cpu = 00:00:04 ; elapsed = 00:00:02 . Memory (MB): peak = 2814.266 ; gain = 24.012 ; free physical = 3872 ; free virtual = 8217
Sweep | Checksum: 1b6f9647b
INFO: [Opt 31-389] Phase Sweep created 0 cells and removed 1132 cells

Phase 6 BUFG optimization
INFO: [Opt 31-194] Inserted BUFG i_system_wrapper/system_i/axi_vcxo_ctrl/inst/clk_200M_BUFG_inst to drive 437 load(s) on clock net i_system_wrapper/system_i/axi_vcxo_ctrl/inst/clk_200M_BUFG
INFO: [Opt 31-194] Inserted BUFG i_system_wrapper/system_i/axi_vcxo_ctrl/inst/clk_40M_BUFG_inst to drive 1 load(s) on clock net i_system_wrapper/system_i/axi_vcxo_ctrl/inst/clk_40M_BUFG
INFO: [Opt 31-193] Inserted 2 BUFG(s) on clock nets
INFO: [Opt 31-274] Optimized connectivity to 1 cascaded buffer cells
Phase 6 BUFG optimization | Checksum: 190e6a750

Time (s): cpu = 00:00:05 ; elapsed = 00:00:02 . Memory (MB): peak = 2846.281 ; gain = 56.027 ; free physical = 3872 ; free virtual = 8217
BUFG optimization | Checksum: 190e6a750
INFO: [Opt 31-662] Phase BUFG optimization created 2 cells of which 2 are BUFGs and removed 1 cells.

Phase 7 Shift Register Optimization
WARNING: [Opt 31-1131] Can not pull register out from i_system_wrapper/system_i/axi_gp0_interconnect/s00_couplers/auto_pc/inst/gen_axilite.gen_b2s_conv.axilite_b2s/RD.r_channel_0/rd_data_fifo_0/memory_reg[31][0]_srl32 due to none static srl address bits
WARNING: [Opt 31-1131] Can not pull register out from i_system_wrapper/system_i/axi_gp0_interconnect/s00_couplers/auto_pc/inst/gen_axilite.gen_b2s_conv.axilite_b2s/RD.r_channel_0/rd_data_fifo_0/memory_reg[31][10]_srl32 due to none static srl address bits
WARNING: [Opt 31-1131] Can not pull register out from i_system_wrapper/system_i/axi_gp0_interconnect/s00_couplers/auto_pc/inst/gen_axilite.gen_b2s_conv.axilite_b2s/RD.r_channel_0/rd_data_fifo_0/memory_reg[31][11]_srl32 due to none static srl address bits
WARNING: [Opt 31-1131] Can not pull register out from i_system_wrapper/system_i/axi_gp0_interconnect/s00_couplers/auto_pc/inst/gen_axilite.gen_b2s_conv.axilite_b2s/RD.r_channel_0/rd_data_fifo_0/memory_reg[31][12]_srl32 due to none static srl address bits
WARNING: [Opt 31-1131] Can not pull register out from i_system_wrapper/system_i/axi_gp0_interconnect/s00_couplers/auto_pc/inst/gen_axilite.gen_b2s_conv.axilite_b2s/RD.r_channel_0/rd_data_fifo_0/memory_reg[31][13]_srl32 due to none static srl address bits
WARNING: [Opt 31-1131] Can not pull register out from i_system_wrapper/system_i/axi_gp0_interconnect/s00_couplers/auto_pc/inst/gen_axilite.gen_b2s_conv.axilite_b2s/RD.r_channel_0/rd_data_fifo_0/memory_reg[31][14]_srl32 due to none static srl address bits
WARNING: [Opt 31-1131] Can not pull register out from i_system_wrapper/system_i/axi_gp0_interconnect/s00_couplers/auto_pc/inst/gen_axilite.gen_b2s_conv.axilite_b2s/RD.r_channel_0/rd_data_fifo_0/memory_reg[31][15]_srl32 due to none static srl address bits
WARNING: [Opt 31-1131] Can not pull register out from i_system_wrapper/system_i/axi_gp0_interconnect/s00_couplers/auto_pc/inst/gen_axilite.gen_b2s_conv.axilite_b2s/RD.r_channel_0/rd_data_fifo_0/memory_reg[31][16]_srl32 due to none static srl address bits
WARNING: [Opt 31-1131] Can not pull register out from i_system_wrapper/system_i/axi_gp0_interconnect/s00_couplers/auto_pc/inst/gen_axilite.gen_b2s_conv.axilite_b2s/RD.r_channel_0/rd_data_fifo_0/memory_reg[31][17]_srl32 due to none static srl address bits
WARNING: [Opt 31-1131] Can not pull register out from i_system_wrapper/system_i/axi_gp0_interconnect/s00_couplers/auto_pc/inst/gen_axilite.gen_b2s_conv.axilite_b2s/RD.r_channel_0/rd_data_fifo_0/memory_reg[31][18]_srl32 due to none static srl address bits
WARNING: [Opt 31-1131] Can not pull register out from i_system_wrapper/system_i/axi_gp0_interconnect/s00_couplers/auto_pc/inst/gen_axilite.gen_b2s_conv.axilite_b2s/RD.r_channel_0/rd_data_fifo_0/memory_reg[31][19]_srl32 due to none static srl address bits
WARNING: [Opt 31-1131] Can not pull register out from i_system_wrapper/system_i/axi_gp0_interconnect/s00_couplers/auto_pc/inst/gen_axilite.gen_b2s_conv.axilite_b2s/RD.r_channel_0/rd_data_fifo_0/memory_reg[31][1]_srl32 due to none static srl address bits
WARNING: [Opt 31-1131] Can not pull register out from i_system_wrapper/system_i/axi_gp0_interconnect/s00_couplers/auto_pc/inst/gen_axilite.gen_b2s_conv.axilite_b2s/RD.r_channel_0/rd_data_fifo_0/memory_reg[31][20]_srl32 due to none static srl address bits
WARNING: [Opt 31-1131] Can not pull register out from i_system_wrapper/system_i/axi_gp0_interconnect/s00_couplers/auto_pc/inst/gen_axilite.gen_b2s_conv.axilite_b2s/RD.r_channel_0/rd_data_fifo_0/memory_reg[31][21]_srl32 due to none static srl address bits
WARNING: [Opt 31-1131] Can not pull register out from i_system_wrapper/system_i/axi_gp0_interconnect/s00_couplers/auto_pc/inst/gen_axilite.gen_b2s_conv.axilite_b2s/RD.r_channel_0/rd_data_fifo_0/memory_reg[31][22]_srl32 due to none static srl address bits
WARNING: [Opt 31-1131] Can not pull register out from i_system_wrapper/system_i/axi_gp0_interconnect/s00_couplers/auto_pc/inst/gen_axilite.gen_b2s_conv.axilite_b2s/RD.r_channel_0/rd_data_fifo_0/memory_reg[31][23]_srl32 due to none static srl address bits
WARNING: [Opt 31-1131] Can not pull register out from i_system_wrapper/system_i/axi_gp0_interconnect/s00_couplers/auto_pc/inst/gen_axilite.gen_b2s_conv.axilite_b2s/RD.r_channel_0/rd_data_fifo_0/memory_reg[31][24]_srl32 due to none static srl address bits
WARNING: [Opt 31-1131] Can not pull register out from i_system_wrapper/system_i/axi_gp0_interconnect/s00_couplers/auto_pc/inst/gen_axilite.gen_b2s_conv.axilite_b2s/RD.r_channel_0/rd_data_fifo_0/memory_reg[31][25]_srl32 due to none static srl address bits
WARNING: [Opt 31-1131] Can not pull register out from i_system_wrapper/system_i/axi_gp0_interconnect/s00_couplers/auto_pc/inst/gen_axilite.gen_b2s_conv.axilite_b2s/RD.r_channel_0/rd_data_fifo_0/memory_reg[31][26]_srl32 due to none static srl address bits
WARNING: [Opt 31-1131] Can not pull register out from i_system_wrapper/system_i/axi_gp0_interconnect/s00_couplers/auto_pc/inst/gen_axilite.gen_b2s_conv.axilite_b2s/RD.r_channel_0/rd_data_fifo_0/memory_reg[31][27]_srl32 due to none static srl address bits
WARNING: [Opt 31-1131] Can not pull register out from i_system_wrapper/system_i/axi_gp0_interconnect/s00_couplers/auto_pc/inst/gen_axilite.gen_b2s_conv.axilite_b2s/RD.r_channel_0/rd_data_fifo_0/memory_reg[31][28]_srl32 due to none static srl address bits
WARNING: [Opt 31-1131] Can not pull register out from i_system_wrapper/system_i/axi_gp0_interconnect/s00_couplers/auto_pc/inst/gen_axilite.gen_b2s_conv.axilite_b2s/RD.r_channel_0/rd_data_fifo_0/memory_reg[31][29]_srl32 due to none static srl address bits
WARNING: [Opt 31-1131] Can not pull register out from i_system_wrapper/system_i/axi_gp0_interconnect/s00_couplers/auto_pc/inst/gen_axilite.gen_b2s_conv.axilite_b2s/RD.r_channel_0/rd_data_fifo_0/memory_reg[31][2]_srl32 due to none static srl address bits
WARNING: [Opt 31-1131] Can not pull register out from i_system_wrapper/system_i/axi_gp0_interconnect/s00_couplers/auto_pc/inst/gen_axilite.gen_b2s_conv.axilite_b2s/RD.r_channel_0/rd_data_fifo_0/memory_reg[31][30]_srl32 due to none static srl address bits
WARNING: [Opt 31-1131] Can not pull register out from i_system_wrapper/system_i/axi_gp0_interconnect/s00_couplers/auto_pc/inst/gen_axilite.gen_b2s_conv.axilite_b2s/RD.r_channel_0/rd_data_fifo_0/memory_reg[31][31]_srl32 due to none static srl address bits
WARNING: [Opt 31-1131] Can not pull register out from i_system_wrapper/system_i/axi_gp0_interconnect/s00_couplers/auto_pc/inst/gen_axilite.gen_b2s_conv.axilite_b2s/RD.r_channel_0/rd_data_fifo_0/memory_reg[31][32]_srl32 due to none static srl address bits
WARNING: [Opt 31-1131] Can not pull register out from i_system_wrapper/system_i/axi_gp0_interconnect/s00_couplers/auto_pc/inst/gen_axilite.gen_b2s_conv.axilite_b2s/RD.r_channel_0/rd_data_fifo_0/memory_reg[31][33]_srl32 due to none static srl address bits
WARNING: [Opt 31-1131] Can not pull register out from i_system_wrapper/system_i/axi_gp0_interconnect/s00_couplers/auto_pc/inst/gen_axilite.gen_b2s_conv.axilite_b2s/RD.r_channel_0/rd_data_fifo_0/memory_reg[31][3]_srl32 due to none static srl address bits
WARNING: [Opt 31-1131] Can not pull register out from i_system_wrapper/system_i/axi_gp0_interconnect/s00_couplers/auto_pc/inst/gen_axilite.gen_b2s_conv.axilite_b2s/RD.r_channel_0/rd_data_fifo_0/memory_reg[31][4]_srl32 due to none static srl address bits
WARNING: [Opt 31-1131] Can not pull register out from i_system_wrapper/system_i/axi_gp0_interconnect/s00_couplers/auto_pc/inst/gen_axilite.gen_b2s_conv.axilite_b2s/RD.r_channel_0/rd_data_fifo_0/memory_reg[31][5]_srl32 due to none static srl address bits
WARNING: [Opt 31-1131] Can not pull register out from i_system_wrapper/system_i/axi_gp0_interconnect/s00_couplers/auto_pc/inst/gen_axilite.gen_b2s_conv.axilite_b2s/RD.r_channel_0/rd_data_fifo_0/memory_reg[31][6]_srl32 due to none static srl address bits
WARNING: [Opt 31-1131] Can not pull register out from i_system_wrapper/system_i/axi_gp0_interconnect/s00_couplers/auto_pc/inst/gen_axilite.gen_b2s_conv.axilite_b2s/RD.r_channel_0/rd_data_fifo_0/memory_reg[31][7]_srl32 due to none static srl address bits
WARNING: [Opt 31-1131] Can not pull register out from i_system_wrapper/system_i/axi_gp0_interconnect/s00_couplers/auto_pc/inst/gen_axilite.gen_b2s_conv.axilite_b2s/RD.r_channel_0/rd_data_fifo_0/memory_reg[31][8]_srl32 due to none static srl address bits
WARNING: [Opt 31-1131] Can not pull register out from i_system_wrapper/system_i/axi_gp0_interconnect/s00_couplers/auto_pc/inst/gen_axilite.gen_b2s_conv.axilite_b2s/RD.r_channel_0/rd_data_fifo_0/memory_reg[31][9]_srl32 due to none static srl address bits
WARNING: [Opt 31-1131] Can not pull register out from i_system_wrapper/system_i/axi_gp0_interconnect/s00_couplers/auto_pc/inst/gen_axilite.gen_b2s_conv.axilite_b2s/RD.r_channel_0/transaction_fifo_0/memory_reg[31][0]_srl32 due to none static srl address bits
WARNING: [Opt 31-1131] Can not pull register out from i_system_wrapper/system_i/axi_gp0_interconnect/s00_couplers/auto_pc/inst/gen_axilite.gen_b2s_conv.axilite_b2s/RD.r_channel_0/transaction_fifo_0/memory_reg[31][10]_srl32 due to none static srl address bits
WARNING: [Opt 31-1131] Can not pull register out from i_system_wrapper/system_i/axi_gp0_interconnect/s00_couplers/auto_pc/inst/gen_axilite.gen_b2s_conv.axilite_b2s/RD.r_channel_0/transaction_fifo_0/memory_reg[31][11]_srl32 due to none static srl address bits
WARNING: [Opt 31-1131] Can not pull register out from i_system_wrapper/system_i/axi_gp0_interconnect/s00_couplers/auto_pc/inst/gen_axilite.gen_b2s_conv.axilite_b2s/RD.r_channel_0/transaction_fifo_0/memory_reg[31][12]_srl32 due to none static srl address bits
WARNING: [Opt 31-1131] Can not pull register out from i_system_wrapper/system_i/axi_gp0_interconnect/s00_couplers/auto_pc/inst/gen_axilite.gen_b2s_conv.axilite_b2s/RD.r_channel_0/transaction_fifo_0/memory_reg[31][1]_srl32 due to none static srl address bits
WARNING: [Opt 31-1131] Can not pull register out from i_system_wrapper/system_i/axi_gp0_interconnect/s00_couplers/auto_pc/inst/gen_axilite.gen_b2s_conv.axilite_b2s/RD.r_channel_0/transaction_fifo_0/memory_reg[31][2]_srl32 due to none static srl address bits
WARNING: [Opt 31-1131] Can not pull register out from i_system_wrapper/system_i/axi_gp0_interconnect/s00_couplers/auto_pc/inst/gen_axilite.gen_b2s_conv.axilite_b2s/RD.r_channel_0/transaction_fifo_0/memory_reg[31][3]_srl32 due to none static srl address bits
WARNING: [Opt 31-1131] Can not pull register out from i_system_wrapper/system_i/axi_gp0_interconnect/s00_couplers/auto_pc/inst/gen_axilite.gen_b2s_conv.axilite_b2s/RD.r_channel_0/transaction_fifo_0/memory_reg[31][4]_srl32 due to none static srl address bits
WARNING: [Opt 31-1131] Can not pull register out from i_system_wrapper/system_i/axi_gp0_interconnect/s00_couplers/auto_pc/inst/gen_axilite.gen_b2s_conv.axilite_b2s/RD.r_channel_0/transaction_fifo_0/memory_reg[31][5]_srl32 due to none static srl address bits
WARNING: [Opt 31-1131] Can not pull register out from i_system_wrapper/system_i/axi_gp0_interconnect/s00_couplers/auto_pc/inst/gen_axilite.gen_b2s_conv.axilite_b2s/RD.r_channel_0/transaction_fifo_0/memory_reg[31][6]_srl32 due to none static srl address bits
WARNING: [Opt 31-1131] Can not pull register out from i_system_wrapper/system_i/axi_gp0_interconnect/s00_couplers/auto_pc/inst/gen_axilite.gen_b2s_conv.axilite_b2s/RD.r_channel_0/transaction_fifo_0/memory_reg[31][7]_srl32 due to none static srl address bits
WARNING: [Opt 31-1131] Can not pull register out from i_system_wrapper/system_i/axi_gp0_interconnect/s00_couplers/auto_pc/inst/gen_axilite.gen_b2s_conv.axilite_b2s/RD.r_channel_0/transaction_fifo_0/memory_reg[31][8]_srl32 due to none static srl address bits
WARNING: [Opt 31-1131] Can not pull register out from i_system_wrapper/system_i/axi_gp0_interconnect/s00_couplers/auto_pc/inst/gen_axilite.gen_b2s_conv.axilite_b2s/RD.r_channel_0/transaction_fifo_0/memory_reg[31][9]_srl32 due to none static srl address bits
WARNING: [Opt 31-1131] Can not pull register out from i_system_wrapper/system_i/axi_gp0_interconnect/s00_couplers/auto_pc/inst/gen_axilite.gen_b2s_conv.axilite_b2s/WR.b_channel_0/bid_fifo_0/memory_reg[3][0]_srl4 due to none static srl address bits
WARNING: [Opt 31-1131] Can not pull register out from i_system_wrapper/system_i/axi_gp0_interconnect/s00_couplers/auto_pc/inst/gen_axilite.gen_b2s_conv.axilite_b2s/WR.b_channel_0/bid_fifo_0/memory_reg[3][10]_srl4 due to none static srl address bits
WARNING: [Opt 31-1131] Can not pull register out from i_system_wrapper/system_i/axi_gp0_interconnect/s00_couplers/auto_pc/inst/gen_axilite.gen_b2s_conv.axilite_b2s/WR.b_channel_0/bid_fifo_0/memory_reg[3][11]_srl4 due to none static srl address bits
WARNING: [Opt 31-1131] Can not pull register out from i_system_wrapper/system_i/axi_gp0_interconnect/s00_couplers/auto_pc/inst/gen_axilite.gen_b2s_conv.axilite_b2s/WR.b_channel_0/bid_fifo_0/memory_reg[3][12]_srl4 due to none static srl address bits
WARNING: [Opt 31-1131] Can not pull register out from i_system_wrapper/system_i/axi_gp0_interconnect/s00_couplers/auto_pc/inst/gen_axilite.gen_b2s_conv.axilite_b2s/WR.b_channel_0/bid_fifo_0/memory_reg[3][13]_srl4 due to none static srl address bits
WARNING: [Opt 31-1131] Can not pull register out from i_system_wrapper/system_i/axi_gp0_interconnect/s00_couplers/auto_pc/inst/gen_axilite.gen_b2s_conv.axilite_b2s/WR.b_channel_0/bid_fifo_0/memory_reg[3][14]_srl4 due to none static srl address bits
WARNING: [Opt 31-1131] Can not pull register out from i_system_wrapper/system_i/axi_gp0_interconnect/s00_couplers/auto_pc/inst/gen_axilite.gen_b2s_conv.axilite_b2s/WR.b_channel_0/bid_fifo_0/memory_reg[3][15]_srl4 due to none static srl address bits
WARNING: [Opt 31-1131] Can not pull register out from i_system_wrapper/system_i/axi_gp0_interconnect/s00_couplers/auto_pc/inst/gen_axilite.gen_b2s_conv.axilite_b2s/WR.b_channel_0/bid_fifo_0/memory_reg[3][16]_srl4 due to none static srl address bits
WARNING: [Opt 31-1131] Can not pull register out from i_system_wrapper/system_i/axi_gp0_interconnect/s00_couplers/auto_pc/inst/gen_axilite.gen_b2s_conv.axilite_b2s/WR.b_channel_0/bid_fifo_0/memory_reg[3][17]_srl4 due to none static srl address bits
WARNING: [Opt 31-1131] Can not pull register out from i_system_wrapper/system_i/axi_gp0_interconnect/s00_couplers/auto_pc/inst/gen_axilite.gen_b2s_conv.axilite_b2s/WR.b_channel_0/bid_fifo_0/memory_reg[3][18]_srl4 due to none static srl address bits
WARNING: [Opt 31-1131] Can not pull register out from i_system_wrapper/system_i/axi_gp0_interconnect/s00_couplers/auto_pc/inst/gen_axilite.gen_b2s_conv.axilite_b2s/WR.b_channel_0/bid_fifo_0/memory_reg[3][19]_srl4 due to none static srl address bits
WARNING: [Opt 31-1131] Can not pull register out from i_system_wrapper/system_i/axi_gp0_interconnect/s00_couplers/auto_pc/inst/gen_axilite.gen_b2s_conv.axilite_b2s/WR.b_channel_0/bid_fifo_0/memory_reg[3][1]_srl4 due to none static srl address bits
WARNING: [Opt 31-1131] Can not pull register out from i_system_wrapper/system_i/axi_gp0_interconnect/s00_couplers/auto_pc/inst/gen_axilite.gen_b2s_conv.axilite_b2s/WR.b_channel_0/bid_fifo_0/memory_reg[3][2]_srl4 due to none static srl address bits
WARNING: [Opt 31-1131] Can not pull register out from i_system_wrapper/system_i/axi_gp0_interconnect/s00_couplers/auto_pc/inst/gen_axilite.gen_b2s_conv.axilite_b2s/WR.b_channel_0/bid_fifo_0/memory_reg[3][3]_srl4 due to none static srl address bits
WARNING: [Opt 31-1131] Can not pull register out from i_system_wrapper/system_i/axi_gp0_interconnect/s00_couplers/auto_pc/inst/gen_axilite.gen_b2s_conv.axilite_b2s/WR.b_channel_0/bid_fifo_0/memory_reg[3][8]_srl4 due to none static srl address bits
WARNING: [Opt 31-1131] Can not pull register out from i_system_wrapper/system_i/axi_gp0_interconnect/s00_couplers/auto_pc/inst/gen_axilite.gen_b2s_conv.axilite_b2s/WR.b_channel_0/bid_fifo_0/memory_reg[3][9]_srl4 due to none static srl address bits
WARNING: [Opt 31-1131] Can not pull register out from i_system_wrapper/system_i/axi_gp0_interconnect/s00_couplers/auto_pc/inst/gen_axilite.gen_b2s_conv.axilite_b2s/WR.b_channel_0/bresp_fifo_0/memory_reg[3][0]_srl4 due to none static srl address bits
WARNING: [Opt 31-1131] Can not pull register out from i_system_wrapper/system_i/axi_gp0_interconnect/s00_couplers/auto_pc/inst/gen_axilite.gen_b2s_conv.axilite_b2s/WR.b_channel_0/bresp_fifo_0/memory_reg[3][1]_srl4 due to none static srl address bits
WARNING: [Opt 31-1131] Can not pull register out from i_system_wrapper/system_i/rx_fir_decimator/fir_decimation_0/U0/i_synth/g_polyphase_decimation.i_polyphase_decimation/g_s_data_chan_fifo.i_s_data_chan_fifo/fifo0/fifo_1_reg[15][0]_srl16 due to none static srl address bits
WARNING: [Opt 31-1131] Can not pull register out from i_system_wrapper/system_i/rx_fir_decimator/fir_decimation_0/U0/i_synth/g_polyphase_decimation.i_polyphase_decimation/g_s_data_chan_fifo.i_s_data_chan_fifo/fifo0/fifo_1_reg[15][10]_srl16 due to none static srl address bits
WARNING: [Opt 31-1131] Can not pull register out from i_system_wrapper/system_i/rx_fir_decimator/fir_decimation_0/U0/i_synth/g_polyphase_decimation.i_polyphase_decimation/g_s_data_chan_fifo.i_s_data_chan_fifo/fifo0/fifo_1_reg[15][11]_srl16 due to none static srl address bits
WARNING: [Opt 31-1131] Can not pull register out from i_system_wrapper/system_i/rx_fir_decimator/fir_decimation_0/U0/i_synth/g_polyphase_decimation.i_polyphase_decimation/g_s_data_chan_fifo.i_s_data_chan_fifo/fifo0/fifo_1_reg[15][12]_srl16 due to none static srl address bits
WARNING: [Opt 31-1131] Can not pull register out from i_system_wrapper/system_i/rx_fir_decimator/fir_decimation_0/U0/i_synth/g_polyphase_decimation.i_polyphase_decimation/g_s_data_chan_fifo.i_s_data_chan_fifo/fifo0/fifo_1_reg[15][13]_srl16 due to none static srl address bits
WARNING: [Opt 31-1131] Can not pull register out from i_system_wrapper/system_i/rx_fir_decimator/fir_decimation_0/U0/i_synth/g_polyphase_decimation.i_polyphase_decimation/g_s_data_chan_fifo.i_s_data_chan_fifo/fifo0/fifo_1_reg[15][14]_srl16 due to none static srl address bits
WARNING: [Opt 31-1131] Can not pull register out from i_system_wrapper/system_i/rx_fir_decimator/fir_decimation_0/U0/i_synth/g_polyphase_decimation.i_polyphase_decimation/g_s_data_chan_fifo.i_s_data_chan_fifo/fifo0/fifo_1_reg[15][15]_srl16 due to none static srl address bits
WARNING: [Opt 31-1131] Can not pull register out from i_system_wrapper/system_i/rx_fir_decimator/fir_decimation_0/U0/i_synth/g_polyphase_decimation.i_polyphase_decimation/g_s_data_chan_fifo.i_s_data_chan_fifo/fifo0/fifo_1_reg[15][1]_srl16 due to none static srl address bits
WARNING: [Opt 31-1131] Can not pull register out from i_system_wrapper/system_i/rx_fir_decimator/fir_decimation_0/U0/i_synth/g_polyphase_decimation.i_polyphase_decimation/g_s_data_chan_fifo.i_s_data_chan_fifo/fifo0/fifo_1_reg[15][2]_srl16 due to none static srl address bits
WARNING: [Opt 31-1131] Can not pull register out from i_system_wrapper/system_i/rx_fir_decimator/fir_decimation_0/U0/i_synth/g_polyphase_decimation.i_polyphase_decimation/g_s_data_chan_fifo.i_s_data_chan_fifo/fifo0/fifo_1_reg[15][3]_srl16 due to none static srl address bits
WARNING: [Opt 31-1131] Can not pull register out from i_system_wrapper/system_i/rx_fir_decimator/fir_decimation_0/U0/i_synth/g_polyphase_decimation.i_polyphase_decimation/g_s_data_chan_fifo.i_s_data_chan_fifo/fifo0/fifo_1_reg[15][4]_srl16 due to none static srl address bits
WARNING: [Opt 31-1131] Can not pull register out from i_system_wrapper/system_i/rx_fir_decimator/fir_decimation_0/U0/i_synth/g_polyphase_decimation.i_polyphase_decimation/g_s_data_chan_fifo.i_s_data_chan_fifo/fifo0/fifo_1_reg[15][5]_srl16 due to none static srl address bits
WARNING: [Opt 31-1131] Can not pull register out from i_system_wrapper/system_i/rx_fir_decimator/fir_decimation_0/U0/i_synth/g_polyphase_decimation.i_polyphase_decimation/g_s_data_chan_fifo.i_s_data_chan_fifo/fifo0/fifo_1_reg[15][6]_srl16 due to none static srl address bits
WARNING: [Opt 31-1131] Can not pull register out from i_system_wrapper/system_i/rx_fir_decimator/fir_decimation_0/U0/i_synth/g_polyphase_decimation.i_polyphase_decimation/g_s_data_chan_fifo.i_s_data_chan_fifo/fifo0/fifo_1_reg[15][7]_srl16 due to none static srl address bits
WARNING: [Opt 31-1131] Can not pull register out from i_system_wrapper/system_i/rx_fir_decimator/fir_decimation_0/U0/i_synth/g_polyphase_decimation.i_polyphase_decimation/g_s_data_chan_fifo.i_s_data_chan_fifo/fifo0/fifo_1_reg[15][8]_srl16 due to none static srl address bits
WARNING: [Opt 31-1131] Can not pull register out from i_system_wrapper/system_i/rx_fir_decimator/fir_decimation_0/U0/i_synth/g_polyphase_decimation.i_polyphase_decimation/g_s_data_chan_fifo.i_s_data_chan_fifo/fifo0/fifo_1_reg[15][9]_srl16 due to none static srl address bits
WARNING: [Opt 31-1131] Can not pull register out from i_system_wrapper/system_i/rx_fir_decimator/fir_decimation_1/U0/i_synth/g_polyphase_decimation.i_polyphase_decimation/g_s_data_chan_fifo.i_s_data_chan_fifo/fifo0/fifo_1_reg[15][0]_srl16 due to none static srl address bits
WARNING: [Opt 31-1131] Can not pull register out from i_system_wrapper/system_i/rx_fir_decimator/fir_decimation_1/U0/i_synth/g_polyphase_decimation.i_polyphase_decimation/g_s_data_chan_fifo.i_s_data_chan_fifo/fifo0/fifo_1_reg[15][10]_srl16 due to none static srl address bits
WARNING: [Opt 31-1131] Can not pull register out from i_system_wrapper/system_i/rx_fir_decimator/fir_decimation_1/U0/i_synth/g_polyphase_decimation.i_polyphase_decimation/g_s_data_chan_fifo.i_s_data_chan_fifo/fifo0/fifo_1_reg[15][11]_srl16 due to none static srl address bits
WARNING: [Opt 31-1131] Can not pull register out from i_system_wrapper/system_i/rx_fir_decimator/fir_decimation_1/U0/i_synth/g_polyphase_decimation.i_polyphase_decimation/g_s_data_chan_fifo.i_s_data_chan_fifo/fifo0/fifo_1_reg[15][12]_srl16 due to none static srl address bits
WARNING: [Opt 31-1131] Can not pull register out from i_system_wrapper/system_i/rx_fir_decimator/fir_decimation_1/U0/i_synth/g_polyphase_decimation.i_polyphase_decimation/g_s_data_chan_fifo.i_s_data_chan_fifo/fifo0/fifo_1_reg[15][13]_srl16 due to none static srl address bits
WARNING: [Opt 31-1131] Can not pull register out from i_system_wrapper/system_i/rx_fir_decimator/fir_decimation_1/U0/i_synth/g_polyphase_decimation.i_polyphase_decimation/g_s_data_chan_fifo.i_s_data_chan_fifo/fifo0/fifo_1_reg[15][14]_srl16 due to none static srl address bits
WARNING: [Opt 31-1131] Can not pull register out from i_system_wrapper/system_i/rx_fir_decimator/fir_decimation_1/U0/i_synth/g_polyphase_decimation.i_polyphase_decimation/g_s_data_chan_fifo.i_s_data_chan_fifo/fifo0/fifo_1_reg[15][15]_srl16 due to none static srl address bits
WARNING: [Opt 31-1131] Can not pull register out from i_system_wrapper/system_i/rx_fir_decimator/fir_decimation_1/U0/i_synth/g_polyphase_decimation.i_polyphase_decimation/g_s_data_chan_fifo.i_s_data_chan_fifo/fifo0/fifo_1_reg[15][1]_srl16 due to none static srl address bits
WARNING: [Opt 31-1131] Can not pull register out from i_system_wrapper/system_i/rx_fir_decimator/fir_decimation_1/U0/i_synth/g_polyphase_decimation.i_polyphase_decimation/g_s_data_chan_fifo.i_s_data_chan_fifo/fifo0/fifo_1_reg[15][2]_srl16 due to none static srl address bits
WARNING: [Opt 31-1131] Can not pull register out from i_system_wrapper/system_i/rx_fir_decimator/fir_decimation_1/U0/i_synth/g_polyphase_decimation.i_polyphase_decimation/g_s_data_chan_fifo.i_s_data_chan_fifo/fifo0/fifo_1_reg[15][3]_srl16 due to none static srl address bits
WARNING: [Opt 31-1131] Can not pull register out from i_system_wrapper/system_i/rx_fir_decimator/fir_decimation_1/U0/i_synth/g_polyphase_decimation.i_polyphase_decimation/g_s_data_chan_fifo.i_s_data_chan_fifo/fifo0/fifo_1_reg[15][4]_srl16 due to none static srl address bits
WARNING: [Opt 31-1131] Can not pull register out from i_system_wrapper/system_i/rx_fir_decimator/fir_decimation_1/U0/i_synth/g_polyphase_decimation.i_polyphase_decimation/g_s_data_chan_fifo.i_s_data_chan_fifo/fifo0/fifo_1_reg[15][5]_srl16 due to none static srl address bits
WARNING: [Opt 31-1131] Can not pull register out from i_system_wrapper/system_i/rx_fir_decimator/fir_decimation_1/U0/i_synth/g_polyphase_decimation.i_polyphase_decimation/g_s_data_chan_fifo.i_s_data_chan_fifo/fifo0/fifo_1_reg[15][6]_srl16 due to none static srl address bits
WARNING: [Opt 31-1131] Can not pull register out from i_system_wrapper/system_i/rx_fir_decimator/fir_decimation_1/U0/i_synth/g_polyphase_decimation.i_polyphase_decimation/g_s_data_chan_fifo.i_s_data_chan_fifo/fifo0/fifo_1_reg[15][7]_srl16 due to none static srl address bits
WARNING: [Opt 31-1131] Can not pull register out from i_system_wrapper/system_i/rx_fir_decimator/fir_decimation_1/U0/i_synth/g_polyphase_decimation.i_polyphase_decimation/g_s_data_chan_fifo.i_s_data_chan_fifo/fifo0/fifo_1_reg[15][8]_srl16 due to none static srl address bits
WARNING: [Opt 31-1131] Can not pull register out from i_system_wrapper/system_i/rx_fir_decimator/fir_decimation_1/U0/i_synth/g_polyphase_decimation.i_polyphase_decimation/g_s_data_chan_fifo.i_s_data_chan_fifo/fifo0/fifo_1_reg[15][9]_srl16 due to none static srl address bits
WARNING: [Opt 31-1131] Can not pull register out from i_system_wrapper/system_i/tx_fir_interpolator/fir_interpolation_0/U0/i_synth/g_polyphase_interpolation.i_polyphase_interpolation/g_s_data_chan_fifo.i_s_data_chan_fifo/fifo0/fifo_1_reg[15][0]_srl16 due to none static srl address bits
WARNING: [Opt 31-1131] Can not pull register out from i_system_wrapper/system_i/tx_fir_interpolator/fir_interpolation_0/U0/i_synth/g_polyphase_interpolation.i_polyphase_interpolation/g_s_data_chan_fifo.i_s_data_chan_fifo/fifo0/fifo_1_reg[15][10]_srl16 due to none static srl address bits
WARNING: [Opt 31-1131] Can not pull register out from i_system_wrapper/system_i/tx_fir_interpolator/fir_interpolation_0/U0/i_synth/g_polyphase_interpolation.i_polyphase_interpolation/g_s_data_chan_fifo.i_s_data_chan_fifo/fifo0/fifo_1_reg[15][11]_srl16 due to none static srl address bits
WARNING: [Opt 31-1131] Can not pull register out from i_system_wrapper/system_i/tx_fir_interpolator/fir_interpolation_0/U0/i_synth/g_polyphase_interpolation.i_polyphase_interpolation/g_s_data_chan_fifo.i_s_data_chan_fifo/fifo0/fifo_1_reg[15][12]_srl16 due to none static srl address bits
WARNING: [Opt 31-1131] Can not pull register out from i_system_wrapper/system_i/tx_fir_interpolator/fir_interpolation_0/U0/i_synth/g_polyphase_interpolation.i_polyphase_interpolation/g_s_data_chan_fifo.i_s_data_chan_fifo/fifo0/fifo_1_reg[15][13]_srl16 due to none static srl address bits
WARNING: [Opt 31-1131] Can not pull register out from i_system_wrapper/system_i/tx_fir_interpolator/fir_interpolation_0/U0/i_synth/g_polyphase_interpolation.i_polyphase_interpolation/g_s_data_chan_fifo.i_s_data_chan_fifo/fifo0/fifo_1_reg[15][14]_srl16 due to none static srl address bits
WARNING: [Opt 31-1131] Can not pull register out from i_system_wrapper/system_i/tx_fir_interpolator/fir_interpolation_0/U0/i_synth/g_polyphase_interpolation.i_polyphase_interpolation/g_s_data_chan_fifo.i_s_data_chan_fifo/fifo0/fifo_1_reg[15][15]_srl16 due to none static srl address bits
WARNING: [Opt 31-1131] Can not pull register out from i_system_wrapper/system_i/tx_fir_interpolator/fir_interpolation_0/U0/i_synth/g_polyphase_interpolation.i_polyphase_interpolation/g_s_data_chan_fifo.i_s_data_chan_fifo/fifo0/fifo_1_reg[15][1]_srl16 due to none static srl address bits
WARNING: [Opt 31-1131] Can not pull register out from i_system_wrapper/system_i/tx_fir_interpolator/fir_interpolation_0/U0/i_synth/g_polyphase_interpolation.i_polyphase_interpolation/g_s_data_chan_fifo.i_s_data_chan_fifo/fifo0/fifo_1_reg[15][2]_srl16 due to none static srl address bits
WARNING: [Opt 31-1131] Can not pull register out from i_system_wrapper/system_i/tx_fir_interpolator/fir_interpolation_0/U0/i_synth/g_polyphase_interpolation.i_polyphase_interpolation/g_s_data_chan_fifo.i_s_data_chan_fifo/fifo0/fifo_1_reg[15][3]_srl16 due to none static srl address bits
WARNING: [Opt 31-1131] Can not pull register out from i_system_wrapper/system_i/tx_fir_interpolator/fir_interpolation_0/U0/i_synth/g_polyphase_interpolation.i_polyphase_interpolation/g_s_data_chan_fifo.i_s_data_chan_fifo/fifo0/fifo_1_reg[15][4]_srl16 due to none static srl address bits
WARNING: [Opt 31-1131] Can not pull register out from i_system_wrapper/system_i/tx_fir_interpolator/fir_interpolation_0/U0/i_synth/g_polyphase_interpolation.i_polyphase_interpolation/g_s_data_chan_fifo.i_s_data_chan_fifo/fifo0/fifo_1_reg[15][5]_srl16 due to none static srl address bits
WARNING: [Opt 31-1131] Can not pull register out from i_system_wrapper/system_i/tx_fir_interpolator/fir_interpolation_0/U0/i_synth/g_polyphase_interpolation.i_polyphase_interpolation/g_s_data_chan_fifo.i_s_data_chan_fifo/fifo0/fifo_1_reg[15][6]_srl16 due to none static srl address bits
WARNING: [Opt 31-1131] Can not pull register out from i_system_wrapper/system_i/tx_fir_interpolator/fir_interpolation_0/U0/i_synth/g_polyphase_interpolation.i_polyphase_interpolation/g_s_data_chan_fifo.i_s_data_chan_fifo/fifo0/fifo_1_reg[15][7]_srl16 due to none static srl address bits
WARNING: [Opt 31-1131] Can not pull register out from i_system_wrapper/system_i/tx_fir_interpolator/fir_interpolation_0/U0/i_synth/g_polyphase_interpolation.i_polyphase_interpolation/g_s_data_chan_fifo.i_s_data_chan_fifo/fifo0/fifo_1_reg[15][8]_srl16 due to none static srl address bits
WARNING: [Opt 31-1131] Can not pull register out from i_system_wrapper/system_i/tx_fir_interpolator/fir_interpolation_0/U0/i_synth/g_polyphase_interpolation.i_polyphase_interpolation/g_s_data_chan_fifo.i_s_data_chan_fifo/fifo0/fifo_1_reg[15][9]_srl16 due to none static srl address bits
WARNING: [Opt 31-1131] Can not pull register out from i_system_wrapper/system_i/tx_fir_interpolator/fir_interpolation_1/U0/i_synth/g_polyphase_interpolation.i_polyphase_interpolation/g_s_data_chan_fifo.i_s_data_chan_fifo/fifo0/fifo_1_reg[15][0]_srl16 due to none static srl address bits
WARNING: [Opt 31-1131] Can not pull register out from i_system_wrapper/system_i/tx_fir_interpolator/fir_interpolation_1/U0/i_synth/g_polyphase_interpolation.i_polyphase_interpolation/g_s_data_chan_fifo.i_s_data_chan_fifo/fifo0/fifo_1_reg[15][10]_srl16 due to none static srl address bits
WARNING: [Opt 31-1131] Can not pull register out from i_system_wrapper/system_i/tx_fir_interpolator/fir_interpolation_1/U0/i_synth/g_polyphase_interpolation.i_polyphase_interpolation/g_s_data_chan_fifo.i_s_data_chan_fifo/fifo0/fifo_1_reg[15][11]_srl16 due to none static srl address bits
WARNING: [Opt 31-1131] Can not pull register out from i_system_wrapper/system_i/tx_fir_interpolator/fir_interpolation_1/U0/i_synth/g_polyphase_interpolation.i_polyphase_interpolation/g_s_data_chan_fifo.i_s_data_chan_fifo/fifo0/fifo_1_reg[15][12]_srl16 due to none static srl address bits
WARNING: [Opt 31-1131] Can not pull register out from i_system_wrapper/system_i/tx_fir_interpolator/fir_interpolation_1/U0/i_synth/g_polyphase_interpolation.i_polyphase_interpolation/g_s_data_chan_fifo.i_s_data_chan_fifo/fifo0/fifo_1_reg[15][13]_srl16 due to none static srl address bits
WARNING: [Opt 31-1131] Can not pull register out from i_system_wrapper/system_i/tx_fir_interpolator/fir_interpolation_1/U0/i_synth/g_polyphase_interpolation.i_polyphase_interpolation/g_s_data_chan_fifo.i_s_data_chan_fifo/fifo0/fifo_1_reg[15][14]_srl16 due to none static srl address bits
WARNING: [Opt 31-1131] Can not pull register out from i_system_wrapper/system_i/tx_fir_interpolator/fir_interpolation_1/U0/i_synth/g_polyphase_interpolation.i_polyphase_interpolation/g_s_data_chan_fifo.i_s_data_chan_fifo/fifo0/fifo_1_reg[15][15]_srl16 due to none static srl address bits
WARNING: [Opt 31-1131] Can not pull register out from i_system_wrapper/system_i/tx_fir_interpolator/fir_interpolation_1/U0/i_synth/g_polyphase_interpolation.i_polyphase_interpolation/g_s_data_chan_fifo.i_s_data_chan_fifo/fifo0/fifo_1_reg[15][1]_srl16 due to none static srl address bits
WARNING: [Opt 31-1131] Can not pull register out from i_system_wrapper/system_i/tx_fir_interpolator/fir_interpolation_1/U0/i_synth/g_polyphase_interpolation.i_polyphase_interpolation/g_s_data_chan_fifo.i_s_data_chan_fifo/fifo0/fifo_1_reg[15][2]_srl16 due to none static srl address bits
WARNING: [Opt 31-1131] Can not pull register out from i_system_wrapper/system_i/tx_fir_interpolator/fir_interpolation_1/U0/i_synth/g_polyphase_interpolation.i_polyphase_interpolation/g_s_data_chan_fifo.i_s_data_chan_fifo/fifo0/fifo_1_reg[15][3]_srl16 due to none static srl address bits
WARNING: [Opt 31-1131] Can not pull register out from i_system_wrapper/system_i/tx_fir_interpolator/fir_interpolation_1/U0/i_synth/g_polyphase_interpolation.i_polyphase_interpolation/g_s_data_chan_fifo.i_s_data_chan_fifo/fifo0/fifo_1_reg[15][4]_srl16 due to none static srl address bits
WARNING: [Opt 31-1131] Can not pull register out from i_system_wrapper/system_i/tx_fir_interpolator/fir_interpolation_1/U0/i_synth/g_polyphase_interpolation.i_polyphase_interpolation/g_s_data_chan_fifo.i_s_data_chan_fifo/fifo0/fifo_1_reg[15][5]_srl16 due to none static srl address bits
WARNING: [Opt 31-1131] Can not pull register out from i_system_wrapper/system_i/tx_fir_interpolator/fir_interpolation_1/U0/i_synth/g_polyphase_interpolation.i_polyphase_interpolation/g_s_data_chan_fifo.i_s_data_chan_fifo/fifo0/fifo_1_reg[15][6]_srl16 due to none static srl address bits
WARNING: [Opt 31-1131] Can not pull register out from i_system_wrapper/system_i/tx_fir_interpolator/fir_interpolation_1/U0/i_synth/g_polyphase_interpolation.i_polyphase_interpolation/g_s_data_chan_fifo.i_s_data_chan_fifo/fifo0/fifo_1_reg[15][7]_srl16 due to none static srl address bits
WARNING: [Opt 31-1131] Can not pull register out from i_system_wrapper/system_i/tx_fir_interpolator/fir_interpolation_1/U0/i_synth/g_polyphase_interpolation.i_polyphase_interpolation/g_s_data_chan_fifo.i_s_data_chan_fifo/fifo0/fifo_1_reg[15][8]_srl16 due to none static srl address bits
WARNING: [Opt 31-1131] Can not pull register out from i_system_wrapper/system_i/tx_fir_interpolator/fir_interpolation_1/U0/i_synth/g_polyphase_interpolation.i_polyphase_interpolation/g_s_data_chan_fifo.i_s_data_chan_fifo/fifo0/fifo_1_reg[15][9]_srl16 due to none static srl address bits
INFO: [Opt 31-1064] SRL Remap converted 0 SRLs to 0 registers and converted 0 registers of register chains to 0 SRLs
Phase 7 Shift Register Optimization | Checksum: 190e6a750

Time (s): cpu = 00:00:05 ; elapsed = 00:00:02 . Memory (MB): peak = 2846.281 ; gain = 56.027 ; free physical = 3872 ; free virtual = 8217
Shift Register Optimization | Checksum: 190e6a750
INFO: [Opt 31-389] Phase Shift Register Optimization created 0 cells and removed 0 cells

Phase 8 Post Processing Netlist
Phase 8 Post Processing Netlist | Checksum: 1903752bb

Time (s): cpu = 00:00:05 ; elapsed = 00:00:02 . Memory (MB): peak = 2846.281 ; gain = 56.027 ; free physical = 3872 ; free virtual = 8217
Post Processing Netlist | Checksum: 1903752bb
INFO: [Opt 31-389] Phase Post Processing Netlist created 0 cells and removed 0 cells

Phase 9 Finalization

Phase 9.1 Finalizing Design Cores and Updating Shapes
Phase 9.1 Finalizing Design Cores and Updating Shapes | Checksum: 15f6d8caf

Time (s): cpu = 00:00:06 ; elapsed = 00:00:03 . Memory (MB): peak = 2846.281 ; gain = 56.027 ; free physical = 3872 ; free virtual = 8217

Phase 9.2 Verifying Netlist Connectivity

Starting Connectivity Check Task

Time (s): cpu = 00:00:00.03 ; elapsed = 00:00:00.03 . Memory (MB): peak = 2846.281 ; gain = 0.000 ; free physical = 3872 ; free virtual = 8217
Phase 9.2 Verifying Netlist Connectivity | Checksum: 15f6d8caf

Time (s): cpu = 00:00:06 ; elapsed = 00:00:03 . Memory (MB): peak = 2846.281 ; gain = 56.027 ; free physical = 3872 ; free virtual = 8217
Phase 9 Finalization | Checksum: 15f6d8caf

Time (s): cpu = 00:00:06 ; elapsed = 00:00:03 . Memory (MB): peak = 2846.281 ; gain = 56.027 ; free physical = 3872 ; free virtual = 8217
Opt_design Change Summary
=========================


-------------------------------------------------------------------------------------------------------------------------
|  Phase                        |  #Cells created  |  #Cells Removed  |  #Constrained objects preventing optimizations  |
-------------------------------------------------------------------------------------------------------------------------
|  Retarget                     |             183  |            1731  |                                              6  |
|  Constant propagation         |            1220  |            1430  |                                              0  |
|  Sweep                        |               0  |            1132  |                                              0  |
|  BUFG optimization            |               2  |               1  |                                              0  |
|  Shift Register Optimization  |               0  |               0  |                                              0  |
|  Post Processing Netlist      |               0  |               0  |                                              0  |
-------------------------------------------------------------------------------------------------------------------------


Ending Logic Optimization Task | Checksum: 15f6d8caf

Time (s): cpu = 00:00:06 ; elapsed = 00:00:03 . Memory (MB): peak = 2846.281 ; gain = 56.027 ; free physical = 3872 ; free virtual = 8217
INFO: [Constraints 18-11670] Building netlist checker database with flags, 0x8
Done building netlist checker database: Time (s): cpu = 00:00:00 ; elapsed = 00:00:00.01 . Memory (MB): peak = 2846.281 ; gain = 0.000 ; free physical = 3872 ; free virtual = 8217

Starting Power Optimization Task
INFO: [Pwropt 34-132] Skipping clock gating for clocks with a period < 2.00 ns.
INFO: [Pwropt 34-9] Applying IDT optimizations ...
INFO: [Pwropt 34-10] Applying ODC optimizations ...
INFO: [Constraints 18-483] create_clock: no pin(s)/port(s)/net(s) specified as objects, only virtual clock 'system_sys_rgmii_0_rgmii_rx_clk' will be created. If you don't want this, please specify pin(s)/ports(s)/net(s) as objects to the command. [/home/dator2/Documents/clean_fw_folder/antsdr-fw-patch/plutosdr-fw/hdl/projects/e200/e200.gen/sources_1/bd/system/ip/system_sys_rgmii_0/synth/system_sys_rgmii_0_clocks.xdc:7]
INFO: [Timing 38-35] Done setting XDC timing constraints.
Running Vector-less Activity Propagation...

Finished Running Vector-less Activity Propagation


Starting PowerOpt Patch Enables Task
INFO: [Pwropt 34-162] WRITE_MODE attribute of 0 BRAM(s) out of a total of 2 has been updated to save power. Run report_power_opt to get a complete listing of the BRAMs updated.
INFO: [Pwropt 34-201] Structural ODC has moved 0 WE to EN ports
Number of BRAM Ports augmented: 0 newly gated: 2 Total Ports: 4
Ending PowerOpt Patch Enables Task | Checksum: 111022b34

Time (s): cpu = 00:00:00.08 ; elapsed = 00:00:00.08 . Memory (MB): peak = 3126.133 ; gain = 0.000 ; free physical = 3737 ; free virtual = 8088
Ending Power Optimization Task | Checksum: 111022b34

Time (s): cpu = 00:00:09 ; elapsed = 00:00:03 . Memory (MB): peak = 3126.133 ; gain = 279.852 ; free physical = 3737 ; free virtual = 8088

Starting Final Cleanup Task
Ending Final Cleanup Task | Checksum: 111022b34

Time (s): cpu = 00:00:00 ; elapsed = 00:00:00 . Memory (MB): peak = 3126.133 ; gain = 0.000 ; free physical = 3737 ; free virtual = 8088

Starting Netlist Obfuscation Task
Netlist sorting complete. Time (s): cpu = 00:00:00 ; elapsed = 00:00:00.01 . Memory (MB): peak = 3126.133 ; gain = 0.000 ; free physical = 3737 ; free virtual = 8088
Ending Netlist Obfuscation Task | Checksum: de1c395b

Time (s): cpu = 00:00:00.01 ; elapsed = 00:00:00.01 . Memory (MB): peak = 3126.133 ; gain = 0.000 ; free physical = 3737 ; free virtual = 8088
INFO: [Common 17-83] Releasing license: Implementation
44 Infos, 157 Warnings, 0 Critical Warnings and 0 Errors encountered.
opt_design completed successfully
opt_design: Time (s): cpu = 00:00:18 ; elapsed = 00:00:08 . Memory (MB): peak = 3126.133 ; gain = 681.449 ; free physical = 3737 ; free virtual = 8088
INFO: [runtcl-4] Executing : report_drc -file system_top_drc_opted.rpt -pb system_top_drc_opted.pb -rpx system_top_drc_opted.rpx
Command: report_drc -file system_top_drc_opted.rpt -pb system_top_drc_opted.pb -rpx system_top_drc_opted.rpx
INFO: [IP_Flow 19-1839] IP Catalog is up to date.
INFO: [DRC 23-27] Running DRC with 8 threads
INFO: [Vivado_Tcl 2-168] The results of DRC are in file /home/dator2/Documents/clean_fw_folder/antsdr-fw-patch/plutosdr-fw/hdl/projects/e200/e200.runs/impl_1/system_top_drc_opted.rpt.
report_drc completed successfully
INFO: [Constraints 18-483] create_clock: no pin(s)/port(s)/net(s) specified as objects, only virtual clock 'system_sys_rgmii_0_rgmii_rx_clk' will be created. If you don't want this, please specify pin(s)/ports(s)/net(s) as objects to the command. [/home/dator2/Documents/clean_fw_folder/antsdr-fw-patch/plutosdr-fw/hdl/projects/e200/e200.gen/sources_1/bd/system/ip/system_sys_rgmii_0/synth/system_sys_rgmii_0_clocks.xdc:7]
INFO: [Timing 38-35] Done setting XDC timing constraints.
INFO: [Timing 38-480] Writing timing data to binary archive.
Wrote PlaceDB: Time (s): cpu = 00:00:00.02 ; elapsed = 00:00:00.01 . Memory (MB): peak = 3126.133 ; gain = 0.000 ; free physical = 3709 ; free virtual = 8084
Wrote PulsedLatchDB: Time (s): cpu = 00:00:00 ; elapsed = 00:00:00 . Memory (MB): peak = 3126.133 ; gain = 0.000 ; free physical = 3709 ; free virtual = 8084
Writing XDEF routing.
Writing XDEF routing logical nets.
Write ShapeDB Complete: Time (s): cpu = 00:00:00.26 ; elapsed = 00:00:00.06 . Memory (MB): peak = 3126.133 ; gain = 0.000 ; free physical = 3701 ; free virtual = 8080
Writing XDEF routing special nets.
Wrote RouteStorage: Time (s): cpu = 00:00:00.29 ; elapsed = 00:00:00.06 . Memory (MB): peak = 3126.133 ; gain = 0.000 ; free physical = 3699 ; free virtual = 8078
Wrote Netlist Cache: Time (s): cpu = 00:00:00 ; elapsed = 00:00:00 . Memory (MB): peak = 3126.133 ; gain = 0.000 ; free physical = 3699 ; free virtual = 8078
Wrote Device Cache: Time (s): cpu = 00:00:00.02 ; elapsed = 00:00:00.01 . Memory (MB): peak = 3126.133 ; gain = 0.000 ; free physical = 3697 ; free virtual = 8078
Write Physdb Complete: Time (s): cpu = 00:00:00.34 ; elapsed = 00:00:00.08 . Memory (MB): peak = 3126.133 ; gain = 0.000 ; free physical = 3697 ; free virtual = 8078
INFO: [Common 17-1381] The checkpoint '/home/dator2/Documents/clean_fw_folder/antsdr-fw-patch/plutosdr-fw/hdl/projects/e200/e200.runs/impl_1/system_top_opt.dcp' has been generated.
Command: place_design
Attempting to get a license for feature 'Implementation' and/or device 'xc7z020'
INFO: [Common 17-349] Got license for feature 'Implementation' and/or device 'xc7z020'
INFO: [Common 17-83] Releasing license: Implementation
INFO: [DRC 23-27] Running DRC with 8 threads
INFO: [Vivado_Tcl 4-198] DRC finished with 0 Errors
INFO: [Vivado_Tcl 4-199] Please refer to the DRC report (report_drc) for more information.
Running DRC as a precondition to command place_design
INFO: [DRC 23-27] Running DRC with 8 threads
CRITICAL WARNING: [DRC IOSTDTYPE-1] IOStandard Type: I/O port ddr_ck_n is Single-Ended but has an IOStandard of DIFF_SSTL15 which can only support Differential
CRITICAL WARNING: [DRC IOSTDTYPE-1] IOStandard Type: I/O port ddr_ck_p is Single-Ended but has an IOStandard of DIFF_SSTL15 which can only support Differential
CRITICAL WARNING: [DRC IOSTDTYPE-1] IOStandard Type: I/O port ddr_dqs_n[0] is Single-Ended but has an IOStandard of DIFF_SSTL15_T_DCI which can only support Differential
CRITICAL WARNING: [DRC IOSTDTYPE-1] IOStandard Type: I/O port ddr_dqs_n[1] is Single-Ended but has an IOStandard of DIFF_SSTL15_T_DCI which can only support Differential
CRITICAL WARNING: [DRC IOSTDTYPE-1] IOStandard Type: I/O port ddr_dqs_p[0] is Single-Ended but has an IOStandard of DIFF_SSTL15_T_DCI which can only support Differential
CRITICAL WARNING: [DRC IOSTDTYPE-1] IOStandard Type: I/O port ddr_dqs_p[1] is Single-Ended but has an IOStandard of DIFF_SSTL15_T_DCI which can only support Differential
INFO: [Vivado_Tcl 4-198] DRC finished with 0 Errors, 6 Critical Warnings
INFO: [Vivado_Tcl 4-199] Please refer to the DRC report (report_drc) for more information.
INFO: [Place 30-611] Multithreading enabled for place_design using a maximum of 8 CPUs

Starting Placer Task

Phase 1 Placer Initialization

Phase 1.1 Placer Initialization Netlist Sorting
Netlist sorting complete. Time (s): cpu = 00:00:00.01 ; elapsed = 00:00:00 . Memory (MB): peak = 3126.133 ; gain = 0.000 ; free physical = 3670 ; free virtual = 8037
Phase 1.1 Placer Initialization Netlist Sorting | Checksum: d1da5617

Time (s): cpu = 00:00:00.01 ; elapsed = 00:00:00.01 . Memory (MB): peak = 3126.133 ; gain = 0.000 ; free physical = 3670 ; free virtual = 8037
Netlist sorting complete. Time (s): cpu = 00:00:00 ; elapsed = 00:00:00 . Memory (MB): peak = 3126.133 ; gain = 0.000 ; free physical = 3670 ; free virtual = 8037

Phase 1.2 IO Placement/ Clock Placement/ Build Placer Device
Phase 1.2 IO Placement/ Clock Placement/ Build Placer Device | Checksum: 17bea6fbf

Time (s): cpu = 00:00:04 ; elapsed = 00:00:02 . Memory (MB): peak = 3126.133 ; gain = 0.000 ; free physical = 3664 ; free virtual = 8041

Phase 1.3 Build Placer Netlist Model
Phase 1.3 Build Placer Netlist Model | Checksum: 157ea4e57

Time (s): cpu = 00:00:14 ; elapsed = 00:00:06 . Memory (MB): peak = 3126.133 ; gain = 0.000 ; free physical = 3666 ; free virtual = 8025

Phase 1.4 Constrain Clocks/Macros
Phase 1.4 Constrain Clocks/Macros | Checksum: 157ea4e57

Time (s): cpu = 00:00:14 ; elapsed = 00:00:06 . Memory (MB): peak = 3126.133 ; gain = 0.000 ; free physical = 3666 ; free virtual = 8025
Phase 1 Placer Initialization | Checksum: 157ea4e57

Time (s): cpu = 00:00:14 ; elapsed = 00:00:06 . Memory (MB): peak = 3126.133 ; gain = 0.000 ; free physical = 3666 ; free virtual = 8026

Phase 2 Global Placement

Phase 2.1 Floorplanning
Phase 2.1 Floorplanning | Checksum: 1e3982854

Time (s): cpu = 00:00:18 ; elapsed = 00:00:07 . Memory (MB): peak = 3126.133 ; gain = 0.000 ; free physical = 3736 ; free virtual = 8096

Phase 2.2 Update Timing before SLR Path Opt
Phase 2.2 Update Timing before SLR Path Opt | Checksum: 1ab5358a9

Time (s): cpu = 00:00:21 ; elapsed = 00:00:07 . Memory (MB): peak = 3126.133 ; gain = 0.000 ; free physical = 3734 ; free virtual = 8095

Phase 2.3 Post-Processing in Floorplanning
Phase 2.3 Post-Processing in Floorplanning | Checksum: 1ab5358a9

Time (s): cpu = 00:00:21 ; elapsed = 00:00:07 . Memory (MB): peak = 3126.133 ; gain = 0.000 ; free physical = 3734 ; free virtual = 8095

Phase 2.4 Global Placement Core

Phase 2.4.1 UpdateTiming Before Physical Synthesis
Phase 2.4.1 UpdateTiming Before Physical Synthesis | Checksum: 259f6ff6c

Time (s): cpu = 00:00:53 ; elapsed = 00:00:16 . Memory (MB): peak = 3126.133 ; gain = 0.000 ; free physical = 3743 ; free virtual = 8114

Phase 2.4.2 Physical Synthesis In Placer
INFO: [Physopt 32-1035] Found 0 LUTNM shape to break, 428 LUT instances to create LUTNM shape
INFO: [Physopt 32-1044] Break lutnm for timing: one critical 0, two critical 0, total 0, new lutff created 0
INFO: [Physopt 32-1138] End 1 Pass. Optimized 172 nets or LUTs. Breaked 0 LUT, combined 172 existing LUTs and moved 0 existing LUT
INFO: [Physopt 32-65] No nets found for high-fanout optimization.
INFO: [Physopt 32-232] Optimized 0 net. Created 0 new instance.
INFO: [Physopt 32-775] End 1 Pass. Optimized 0 net or cell. Created 0 new cell, deleted 0 existing cell and moved 0 existing cell
INFO: [Physopt 32-670] No setup violation found.  DSP Register Optimization was not performed.
INFO: [Physopt 32-670] No setup violation found.  Shift Register to Pipeline Optimization was not performed.
INFO: [Physopt 32-670] No setup violation found.  Shift Register Optimization was not performed.
INFO: [Physopt 32-670] No setup violation found.  BRAM Register Optimization was not performed.
INFO: [Physopt 32-670] No setup violation found.  URAM Register Optimization was not performed.
INFO: [Physopt 32-949] No candidate nets found for dynamic/static region interface net replication
INFO: [Physopt 32-775] End 1 Pass. Optimized 0 net or cell. Created 0 new cell, deleted 0 existing cell and moved 0 existing cell
Netlist sorting complete. Time (s): cpu = 00:00:00.01 ; elapsed = 00:00:00 . Memory (MB): peak = 3126.133 ; gain = 0.000 ; free physical = 3728 ; free virtual = 8111

Summary of Physical Synthesis Optimizations
============================================


-----------------------------------------------------------------------------------------------------------------------------------------------------------
|  Optimization                                     |  Added Cells  |  Removed Cells  |  Optimized Cells/Nets  |  Dont Touch  |  Iterations  |  Elapsed   |
-----------------------------------------------------------------------------------------------------------------------------------------------------------
|  LUT Combining                                    |            0  |            172  |                   172  |           0  |           1  |  00:00:00  |
|  Retime                                           |            0  |              0  |                     0  |           0  |           1  |  00:00:00  |
|  Very High Fanout                                 |            0  |              0  |                     0  |           0  |           1  |  00:00:00  |
|  DSP Register                                     |            0  |              0  |                     0  |           0  |           0  |  00:00:00  |
|  Shift Register to Pipeline                       |            0  |              0  |                     0  |           0  |           0  |  00:00:00  |
|  Shift Register                                   |            0  |              0  |                     0  |           0  |           0  |  00:00:00  |
|  BRAM Register                                    |            0  |              0  |                     0  |           0  |           0  |  00:00:00  |
|  URAM Register                                    |            0  |              0  |                     0  |           0  |           0  |  00:00:00  |
|  Dynamic/Static Region Interface Net Replication  |            0  |              0  |                     0  |           0  |           1  |  00:00:00  |
|  Total                                            |            0  |            172  |                   172  |           0  |           4  |  00:00:00  |
-----------------------------------------------------------------------------------------------------------------------------------------------------------


Phase 2.4.2 Physical Synthesis In Placer | Checksum: 2aac4ff79

Time (s): cpu = 00:00:57 ; elapsed = 00:00:18 . Memory (MB): peak = 3126.133 ; gain = 0.000 ; free physical = 3727 ; free virtual = 8100
Phase 2.4 Global Placement Core | Checksum: 20a5cd9b8

Time (s): cpu = 00:00:58 ; elapsed = 00:00:18 . Memory (MB): peak = 3126.133 ; gain = 0.000 ; free physical = 3738 ; free virtual = 8111
Phase 2 Global Placement | Checksum: 20a5cd9b8

Time (s): cpu = 00:00:59 ; elapsed = 00:00:18 . Memory (MB): peak = 3126.133 ; gain = 0.000 ; free physical = 3738 ; free virtual = 8111

Phase 3 Detail Placement

Phase 3.1 Commit Multi Column Macros
Phase 3.1 Commit Multi Column Macros | Checksum: 20879ffe1

Time (s): cpu = 00:01:02 ; elapsed = 00:00:19 . Memory (MB): peak = 3126.133 ; gain = 0.000 ; free physical = 3737 ; free virtual = 8111

Phase 3.2 Commit Most Macros & LUTRAMs
Phase 3.2 Commit Most Macros & LUTRAMs | Checksum: 1dfc2633d

Time (s): cpu = 00:01:07 ; elapsed = 00:00:21 . Memory (MB): peak = 3126.133 ; gain = 0.000 ; free physical = 3739 ; free virtual = 8112

Phase 3.3 Area Swap Optimization
Phase 3.3 Area Swap Optimization | Checksum: 2aad05bd6

Time (s): cpu = 00:01:08 ; elapsed = 00:00:21 . Memory (MB): peak = 3126.133 ; gain = 0.000 ; free physical = 3739 ; free virtual = 8112

Phase 3.4 Pipeline Register Optimization
Phase 3.4 Pipeline Register Optimization | Checksum: 2ba78f453

Time (s): cpu = 00:01:08 ; elapsed = 00:00:21 . Memory (MB): peak = 3126.133 ; gain = 0.000 ; free physical = 3739 ; free virtual = 8112

Phase 3.5 Small Shape Detail Placement
Phase 3.5 Small Shape Detail Placement | Checksum: 228f68143

Time (s): cpu = 00:01:12 ; elapsed = 00:00:24 . Memory (MB): peak = 3126.133 ; gain = 0.000 ; free physical = 3732 ; free virtual = 8106

Phase 3.6 Re-assign LUT pins
Phase 3.6 Re-assign LUT pins | Checksum: 181791845

Time (s): cpu = 00:01:13 ; elapsed = 00:00:25 . Memory (MB): peak = 3126.133 ; gain = 0.000 ; free physical = 3732 ; free virtual = 8105

Phase 3.7 Pipeline Register Optimization
Phase 3.7 Pipeline Register Optimization | Checksum: 1230c51dc

Time (s): cpu = 00:01:13 ; elapsed = 00:00:25 . Memory (MB): peak = 3126.133 ; gain = 0.000 ; free physical = 3732 ; free virtual = 8105
Phase 3 Detail Placement | Checksum: 1230c51dc

Time (s): cpu = 00:01:13 ; elapsed = 00:00:25 . Memory (MB): peak = 3126.133 ; gain = 0.000 ; free physical = 3732 ; free virtual = 8105

Phase 4 Post Placement Optimization and Clean-Up

Phase 4.1 Post Commit Optimization
INFO: [Constraints 18-483] create_clock: no pin(s)/port(s)/net(s) specified as objects, only virtual clock 'system_sys_rgmii_0_rgmii_rx_clk' will be created. If you don't want this, please specify pin(s)/ports(s)/net(s) as objects to the command. [/home/dator2/Documents/clean_fw_folder/antsdr-fw-patch/plutosdr-fw/hdl/projects/e200/e200.gen/sources_1/bd/system/ip/system_sys_rgmii_0/synth/system_sys_rgmii_0_clocks.xdc:7]
INFO: [Timing 38-35] Done setting XDC timing constraints.

Phase 4.1.1 Post Placement Optimization
Post Placement Optimization Initialization | Checksum: 98514ed7

Phase 4.1.1.1 BUFG Insertion

Starting Physical Synthesis Task

Phase 1 Physical Synthesis Initialization
INFO: [Physopt 32-721] Multithreading enabled for phys_opt_design using a maximum of 8 CPUs
INFO: [Physopt 32-619] Estimated Timing Summary | WNS=0.659 | TNS=0.000 |
Phase 1 Physical Synthesis Initialization | Checksum: 4552d7e5

Time (s): cpu = 00:00:03 ; elapsed = 00:00:01 . Memory (MB): peak = 3126.133 ; gain = 0.000 ; free physical = 3718 ; free virtual = 8092
INFO: [Place 46-56] BUFG insertion identified 0 candidate nets. Inserted BUFG: 0, Replicated BUFG Driver: 0, Skipped due to Placement/Routing Conflicts: 0, Skipped due to Timing Degradation: 0, Skipped due to netlist editing failed: 0.
Ending Physical Synthesis Task | Checksum: 4552d7e5

Time (s): cpu = 00:00:04 ; elapsed = 00:00:01 . Memory (MB): peak = 3126.133 ; gain = 0.000 ; free physical = 3718 ; free virtual = 8092
Phase 4.1.1.1 BUFG Insertion | Checksum: 98514ed7

Time (s): cpu = 00:01:31 ; elapsed = 00:00:30 . Memory (MB): peak = 3126.133 ; gain = 0.000 ; free physical = 3718 ; free virtual = 8092

Phase 4.1.1.2 Post Placement Timing Optimization
INFO: [Place 30-746] Post Placement Timing Summary WNS=0.659. For the most accurate timing information please run report_timing.
Phase 4.1.1.2 Post Placement Timing Optimization | Checksum: b5510f39

Time (s): cpu = 00:01:31 ; elapsed = 00:00:30 . Memory (MB): peak = 3126.133 ; gain = 0.000 ; free physical = 3718 ; free virtual = 8092

Time (s): cpu = 00:01:31 ; elapsed = 00:00:30 . Memory (MB): peak = 3126.133 ; gain = 0.000 ; free physical = 3718 ; free virtual = 8092
Phase 4.1 Post Commit Optimization | Checksum: b5510f39

Time (s): cpu = 00:01:31 ; elapsed = 00:00:30 . Memory (MB): peak = 3126.133 ; gain = 0.000 ; free physical = 3718 ; free virtual = 8092

Phase 4.2 Post Placement Cleanup
Phase 4.2 Post Placement Cleanup | Checksum: b5510f39

Time (s): cpu = 00:01:32 ; elapsed = 00:00:31 . Memory (MB): peak = 3126.133 ; gain = 0.000 ; free physical = 3718 ; free virtual = 8092

Phase 4.3 Placer Reporting

Phase 4.3.1 Print Estimated Congestion
INFO: [Place 30-612] Post-Placement Estimated Congestion 
 ____________________________________________________
|           | Global Congestion | Short Congestion  |
| Direction | Region Size       | Region Size       |
|___________|___________________|___________________|
|      North|                1x1|                2x2|
|___________|___________________|___________________|
|      South|                1x1|                1x1|
|___________|___________________|___________________|
|       East|                1x1|                1x1|
|___________|___________________|___________________|
|       West|                1x1|                1x1|
|___________|___________________|___________________|

Phase 4.3.1 Print Estimated Congestion | Checksum: b5510f39

Time (s): cpu = 00:01:32 ; elapsed = 00:00:31 . Memory (MB): peak = 3126.133 ; gain = 0.000 ; free physical = 3718 ; free virtual = 8092
Phase 4.3 Placer Reporting | Checksum: b5510f39

Time (s): cpu = 00:01:32 ; elapsed = 00:00:31 . Memory (MB): peak = 3126.133 ; gain = 0.000 ; free physical = 3718 ; free virtual = 8092

Phase 4.4 Final Placement Cleanup
Netlist sorting complete. Time (s): cpu = 00:00:00 ; elapsed = 00:00:00 . Memory (MB): peak = 3126.133 ; gain = 0.000 ; free physical = 3718 ; free virtual = 8092

Time (s): cpu = 00:01:32 ; elapsed = 00:00:31 . Memory (MB): peak = 3126.133 ; gain = 0.000 ; free physical = 3718 ; free virtual = 8092
Phase 4 Post Placement Optimization and Clean-Up | Checksum: b627d2df

Time (s): cpu = 00:01:32 ; elapsed = 00:00:31 . Memory (MB): peak = 3126.133 ; gain = 0.000 ; free physical = 3718 ; free virtual = 8092
Ending Placer Task | Checksum: 39e7b847

Time (s): cpu = 00:01:32 ; elapsed = 00:00:31 . Memory (MB): peak = 3126.133 ; gain = 0.000 ; free physical = 3718 ; free virtual = 8092
81 Infos, 157 Warnings, 6 Critical Warnings and 0 Errors encountered.
place_design completed successfully
place_design: Time (s): cpu = 00:01:35 ; elapsed = 00:00:32 . Memory (MB): peak = 3126.133 ; gain = 0.000 ; free physical = 3718 ; free virtual = 8092
INFO: [runtcl-4] Executing : report_io -file system_top_io_placed.rpt
report_io: Time (s): cpu = 00:00:00.07 ; elapsed = 00:00:00.14 . Memory (MB): peak = 3126.133 ; gain = 0.000 ; free physical = 3708 ; free virtual = 8083
INFO: [runtcl-4] Executing : report_utilization -file system_top_utilization_placed.rpt -pb system_top_utilization_placed.pb
INFO: [runtcl-4] Executing : report_control_sets -verbose -file system_top_control_sets_placed.rpt
report_control_sets: Time (s): cpu = 00:00:00.06 ; elapsed = 00:00:00.14 . Memory (MB): peak = 3126.133 ; gain = 0.000 ; free physical = 3682 ; free virtual = 8066
INFO: [Timing 38-480] Writing timing data to binary archive.
Write ShapeDB Complete: Time (s): cpu = 00:00:00.34 ; elapsed = 00:00:00.08 . Memory (MB): peak = 3126.133 ; gain = 0.000 ; free physical = 3673 ; free virtual = 8065
Wrote PlaceDB: Time (s): cpu = 00:00:04 ; elapsed = 00:00:01 . Memory (MB): peak = 3126.133 ; gain = 0.000 ; free physical = 3644 ; free virtual = 8059
Wrote PulsedLatchDB: Time (s): cpu = 00:00:00 ; elapsed = 00:00:00 . Memory (MB): peak = 3126.133 ; gain = 0.000 ; free physical = 3644 ; free virtual = 8059
Writing XDEF routing.
Writing XDEF routing logical nets.
Writing XDEF routing special nets.
Wrote RouteStorage: Time (s): cpu = 00:00:00.14 ; elapsed = 00:00:00.06 . Memory (MB): peak = 3126.133 ; gain = 0.000 ; free physical = 3643 ; free virtual = 8059
Wrote Netlist Cache: Time (s): cpu = 00:00:00.04 ; elapsed = 00:00:00.02 . Memory (MB): peak = 3126.133 ; gain = 0.000 ; free physical = 3643 ; free virtual = 8061
Wrote Device Cache: Time (s): cpu = 00:00:00.02 ; elapsed = 00:00:00.01 . Memory (MB): peak = 3126.133 ; gain = 0.000 ; free physical = 3635 ; free virtual = 8054
Write Physdb Complete: Time (s): cpu = 00:00:04 ; elapsed = 00:00:01 . Memory (MB): peak = 3126.133 ; gain = 0.000 ; free physical = 3635 ; free virtual = 8054
INFO: [Common 17-1381] The checkpoint '/home/dator2/Documents/clean_fw_folder/antsdr-fw-patch/plutosdr-fw/hdl/projects/e200/e200.runs/impl_1/system_top_placed.dcp' has been generated.
Command: phys_opt_design
Attempting to get a license for feature 'Implementation' and/or device 'xc7z020'
INFO: [Common 17-349] Got license for feature 'Implementation' and/or device 'xc7z020'

Starting Initial Update Timing Task

Time (s): cpu = 00:00:13 ; elapsed = 00:00:03 . Memory (MB): peak = 3126.133 ; gain = 0.000 ; free physical = 3651 ; free virtual = 8048
INFO: [Vivado_Tcl 4-383] Design worst setup slack (WNS) is greater than or equal to 0.000 ns. Skipping all physical synthesis optimizations.
INFO: [Vivado_Tcl 4-232] No setup violation found. The netlist was not modified.
INFO: [Common 17-83] Releasing license: Implementation
90 Infos, 157 Warnings, 6 Critical Warnings and 0 Errors encountered.
phys_opt_design completed successfully
INFO: [Timing 38-480] Writing timing data to binary archive.
Write ShapeDB Complete: Time (s): cpu = 00:00:00.38 ; elapsed = 00:00:00.09 . Memory (MB): peak = 3126.133 ; gain = 0.000 ; free physical = 3650 ; free virtual = 8055
Wrote PlaceDB: Time (s): cpu = 00:00:04 ; elapsed = 00:00:01 . Memory (MB): peak = 3126.133 ; gain = 0.000 ; free physical = 3632 ; free virtual = 8060
Wrote PulsedLatchDB: Time (s): cpu = 00:00:00 ; elapsed = 00:00:00 . Memory (MB): peak = 3126.133 ; gain = 0.000 ; free physical = 3632 ; free virtual = 8060
Writing XDEF routing.
Writing XDEF routing logical nets.
Writing XDEF routing special nets.
Wrote RouteStorage: Time (s): cpu = 00:00:00.12 ; elapsed = 00:00:00.06 . Memory (MB): peak = 3126.133 ; gain = 0.000 ; free physical = 3624 ; free virtual = 8053
Wrote Netlist Cache: Time (s): cpu = 00:00:00.05 ; elapsed = 00:00:00.03 . Memory (MB): peak = 3126.133 ; gain = 0.000 ; free physical = 3624 ; free virtual = 8055
Wrote Device Cache: Time (s): cpu = 00:00:00.01 ; elapsed = 00:00:00 . Memory (MB): peak = 3126.133 ; gain = 0.000 ; free physical = 3624 ; free virtual = 8056
Write Physdb Complete: Time (s): cpu = 00:00:04 ; elapsed = 00:00:01 . Memory (MB): peak = 3126.133 ; gain = 0.000 ; free physical = 3624 ; free virtual = 8056
INFO: [Common 17-1381] The checkpoint '/home/dator2/Documents/clean_fw_folder/antsdr-fw-patch/plutosdr-fw/hdl/projects/e200/e200.runs/impl_1/system_top_physopt.dcp' has been generated.
Command: route_design
Attempting to get a license for feature 'Implementation' and/or device 'xc7z020'
INFO: [Common 17-349] Got license for feature 'Implementation' and/or device 'xc7z020'
Running DRC as a precondition to command route_design
INFO: [DRC 23-27] Running DRC with 8 threads
INFO: [Vivado_Tcl 4-198] DRC finished with 0 Errors
INFO: [Vivado_Tcl 4-199] Please refer to the DRC report (report_drc) for more information.


Starting Routing Task
INFO: [Route 35-254] Multithreading enabled for route_design using a maximum of 8 CPUs

Phase 1 Build RT Design
Checksum: PlaceDB: 290c5351 ConstDB: 0 ShapeSum: 10db64f6 RouteDB: 0
Post Restoration Checksum: NetGraph: ff493323 | NumContArr: e6c153ef | Constraints: c2a8fa9d | Timing: c2a8fa9d
Phase 1 Build RT Design | Checksum: 36b5c7c4c

Time (s): cpu = 00:00:27 ; elapsed = 00:00:14 . Memory (MB): peak = 3191.504 ; gain = 65.371 ; free physical = 3551 ; free virtual = 7955

Phase 2 Router Initialization

Phase 2.1 Fix Topology Constraints
Phase 2.1 Fix Topology Constraints | Checksum: 36b5c7c4c

Time (s): cpu = 00:00:27 ; elapsed = 00:00:15 . Memory (MB): peak = 3191.504 ; gain = 65.371 ; free physical = 3551 ; free virtual = 7956

Phase 2.2 Pre Route Cleanup
Phase 2.2 Pre Route Cleanup | Checksum: 36b5c7c4c

Time (s): cpu = 00:00:27 ; elapsed = 00:00:15 . Memory (MB): peak = 3191.504 ; gain = 65.371 ; free physical = 3551 ; free virtual = 7956
 Number of Nodes with overlaps = 0

Phase 2.3 Update Timing
Phase 2.3 Update Timing | Checksum: 2bb803dda

Time (s): cpu = 00:00:47 ; elapsed = 00:00:20 . Memory (MB): peak = 3218.520 ; gain = 92.387 ; free physical = 3520 ; free virtual = 7925
INFO: [Route 35-416] Intermediate Timing Summary | WNS=0.514  | TNS=0.000  | WHS=-0.638 | THS=-932.322|


Router Utilization Summary
  Global Vertical Routing Utilization    = 0 %
  Global Horizontal Routing Utilization  = 0 %
  Routable Net Status*
  *Does not include unroutable nets such as driverless and loadless.
  Run report_route_status for detailed report.
  Number of Failed Nets               = 31066
    (Failed Nets is the sum of unrouted and partially routed nets)
  Number of Unrouted Nets             = 31066
  Number of Partially Routed Nets     = 0
  Number of Node Overlaps             = 0

Phase 2 Router Initialization | Checksum: 29b5c34bb

Time (s): cpu = 00:00:58 ; elapsed = 00:00:23 . Memory (MB): peak = 3236.082 ; gain = 109.949 ; free physical = 3509 ; free virtual = 7915

Phase 3 Initial Routing

Phase 3.1 Global Routing
Phase 3.1 Global Routing | Checksum: 29b5c34bb

Time (s): cpu = 00:00:58 ; elapsed = 00:00:23 . Memory (MB): peak = 3236.082 ; gain = 109.949 ; free physical = 3509 ; free virtual = 7915

Phase 3.2 Initial Net Routing
Phase 3.2 Initial Net Routing | Checksum: 219724e29

Time (s): cpu = 00:01:06 ; elapsed = 00:00:25 . Memory (MB): peak = 3246.270 ; gain = 120.137 ; free physical = 3516 ; free virtual = 7912
Phase 3 Initial Routing | Checksum: 219724e29

Time (s): cpu = 00:01:06 ; elapsed = 00:00:25 . Memory (MB): peak = 3246.270 ; gain = 120.137 ; free physical = 3516 ; free virtual = 7912

Phase 4 Rip-up And Reroute

Phase 4.1 Global Iteration 0
 Number of Nodes with overlaps = 1084
 Number of Nodes with overlaps = 12
 Number of Nodes with overlaps = 0
INFO: [Route 35-416] Intermediate Timing Summary | WNS=0.514  | TNS=0.000  | WHS=N/A    | THS=N/A    |

Phase 4.1 Global Iteration 0 | Checksum: 2468aea96

Time (s): cpu = 00:01:21 ; elapsed = 00:00:29 . Memory (MB): peak = 3246.270 ; gain = 120.137 ; free physical = 3514 ; free virtual = 7910
Phase 4 Rip-up And Reroute | Checksum: 2468aea96

Time (s): cpu = 00:01:21 ; elapsed = 00:00:29 . Memory (MB): peak = 3246.270 ; gain = 120.137 ; free physical = 3514 ; free virtual = 7910

Phase 5 Delay and Skew Optimization

Phase 5.1 Delay CleanUp

Phase 5.1.1 Update Timing
Phase 5.1.1 Update Timing | Checksum: 1c52a2a00

Time (s): cpu = 00:01:26 ; elapsed = 00:00:31 . Memory (MB): peak = 3246.270 ; gain = 120.137 ; free physical = 3514 ; free virtual = 7910
INFO: [Route 35-416] Intermediate Timing Summary | WNS=0.653  | TNS=0.000  | WHS=N/A    | THS=N/A    |

Phase 5.1 Delay CleanUp | Checksum: 1c52a2a00

Time (s): cpu = 00:01:26 ; elapsed = 00:00:31 . Memory (MB): peak = 3246.270 ; gain = 120.137 ; free physical = 3514 ; free virtual = 7910

Phase 5.2 Clock Skew Optimization
Phase 5.2 Clock Skew Optimization | Checksum: 1c52a2a00

Time (s): cpu = 00:01:26 ; elapsed = 00:00:31 . Memory (MB): peak = 3246.270 ; gain = 120.137 ; free physical = 3514 ; free virtual = 7910
Phase 5 Delay and Skew Optimization | Checksum: 1c52a2a00

Time (s): cpu = 00:01:26 ; elapsed = 00:00:31 . Memory (MB): peak = 3246.270 ; gain = 120.137 ; free physical = 3514 ; free virtual = 7910

Phase 6 Post Hold Fix

Phase 6.1 Hold Fix Iter

Phase 6.1.1 Update Timing
Phase 6.1.1 Update Timing | Checksum: 22a729495

Time (s): cpu = 00:01:31 ; elapsed = 00:00:32 . Memory (MB): peak = 3246.270 ; gain = 120.137 ; free physical = 3502 ; free virtual = 7908
INFO: [Route 35-416] Intermediate Timing Summary | WNS=0.248  | TNS=0.000  | WHS=0.026  | THS=0.000  |

Phase 6.1 Hold Fix Iter | Checksum: 26bf47689

Time (s): cpu = 00:01:31 ; elapsed = 00:00:32 . Memory (MB): peak = 3246.270 ; gain = 120.137 ; free physical = 3502 ; free virtual = 7908
Phase 6 Post Hold Fix | Checksum: 26bf47689

Time (s): cpu = 00:01:32 ; elapsed = 00:00:32 . Memory (MB): peak = 3246.270 ; gain = 120.137 ; free physical = 3502 ; free virtual = 7908

Phase 7 Route finalize

Router Utilization Summary
  Global Vertical Routing Utilization    = 5.92995 %
  Global Horizontal Routing Utilization  = 7.55747 %
  Routable Net Status*
  *Does not include unroutable nets such as driverless and loadless.
  Run report_route_status for detailed report.
  Number of Failed Nets               = 0
    (Failed Nets is the sum of unrouted and partially routed nets)
  Number of Unrouted Nets             = 0
  Number of Partially Routed Nets     = 0
  Number of Node Overlaps             = 0

Phase 7 Route finalize | Checksum: 26bf47689

Time (s): cpu = 00:01:32 ; elapsed = 00:00:32 . Memory (MB): peak = 3246.270 ; gain = 120.137 ; free physical = 3502 ; free virtual = 7908

Phase 8 Verifying routed nets

 Verification completed successfully
Phase 8 Verifying routed nets | Checksum: 26bf47689

Time (s): cpu = 00:01:32 ; elapsed = 00:00:32 . Memory (MB): peak = 3246.270 ; gain = 120.137 ; free physical = 3502 ; free virtual = 7908

Phase 9 Depositing Routes
Phase 9 Depositing Routes | Checksum: 2cb12cbce

Time (s): cpu = 00:01:34 ; elapsed = 00:00:33 . Memory (MB): peak = 3246.270 ; gain = 120.137 ; free physical = 3502 ; free virtual = 7908

Phase 10 Post Router Timing
INFO: [Route 35-57] Estimated Timing Summary | WNS=0.248  | TNS=0.000  | WHS=0.026  | THS=0.000  |

INFO: [Route 35-327] The final timing numbers are based on the router estimated timing analysis. For a complete and accurate timing signoff, please run report_timing_summary.
Phase 10 Post Router Timing | Checksum: 2cb12cbce

Time (s): cpu = 00:01:39 ; elapsed = 00:00:34 . Memory (MB): peak = 3246.270 ; gain = 120.137 ; free physical = 3494 ; free virtual = 7910
INFO: [Route 35-16] Router Completed Successfully

Phase 11 Post-Route Event Processing
Phase 11 Post-Route Event Processing | Checksum: 1b10b83e3

Time (s): cpu = 00:01:40 ; elapsed = 00:00:35 . Memory (MB): peak = 3246.270 ; gain = 120.137 ; free physical = 3501 ; free virtual = 7918
Ending Routing Task | Checksum: 1b10b83e3

Time (s): cpu = 00:01:40 ; elapsed = 00:00:35 . Memory (MB): peak = 3246.270 ; gain = 120.137 ; free physical = 3509 ; free virtual = 7916

Routing Is Done.
INFO: [Common 17-83] Releasing license: Implementation
105 Infos, 157 Warnings, 6 Critical Warnings and 0 Errors encountered.
route_design completed successfully
route_design: Time (s): cpu = 00:01:44 ; elapsed = 00:00:37 . Memory (MB): peak = 3246.270 ; gain = 120.137 ; free physical = 3509 ; free virtual = 7916
INFO: [runtcl-4] Executing : report_drc -file system_top_drc_routed.rpt -pb system_top_drc_routed.pb -rpx system_top_drc_routed.rpx
Command: report_drc -file system_top_drc_routed.rpt -pb system_top_drc_routed.pb -rpx system_top_drc_routed.rpx
INFO: [IP_Flow 19-1839] IP Catalog is up to date.
INFO: [DRC 23-27] Running DRC with 8 threads
INFO: [Vivado_Tcl 2-168] The results of DRC are in file /home/dator2/Documents/clean_fw_folder/antsdr-fw-patch/plutosdr-fw/hdl/projects/e200/e200.runs/impl_1/system_top_drc_routed.rpt.
report_drc completed successfully
INFO: [runtcl-4] Executing : report_methodology -file system_top_methodology_drc_routed.rpt -pb system_top_methodology_drc_routed.pb -rpx system_top_methodology_drc_routed.rpx
Command: report_methodology -file system_top_methodology_drc_routed.rpt -pb system_top_methodology_drc_routed.pb -rpx system_top_methodology_drc_routed.rpx
INFO: [Constraints 18-483] create_clock: no pin(s)/port(s)/net(s) specified as objects, only virtual clock 'system_sys_rgmii_0_rgmii_rx_clk' will be created. If you don't want this, please specify pin(s)/ports(s)/net(s) as objects to the command. [/home/dator2/Documents/clean_fw_folder/antsdr-fw-patch/plutosdr-fw/hdl/projects/e200/e200.gen/sources_1/bd/system/ip/system_sys_rgmii_0/synth/system_sys_rgmii_0_clocks.xdc:7]
INFO: [Timing 38-35] Done setting XDC timing constraints.
INFO: [DRC 23-133] Running Methodology with 8 threads
INFO: [Vivado_Tcl 2-1520] The results of Report Methodology are in file /home/dator2/Documents/clean_fw_folder/antsdr-fw-patch/plutosdr-fw/hdl/projects/e200/e200.runs/impl_1/system_top_methodology_drc_routed.rpt.
report_methodology completed successfully
report_methodology: Time (s): cpu = 00:00:42 ; elapsed = 00:00:08 . Memory (MB): peak = 3330.145 ; gain = 0.000 ; free physical = 3500 ; free virtual = 7907
INFO: [runtcl-4] Executing : report_power -file system_top_power_routed.rpt -pb system_top_power_summary_routed.pb -rpx system_top_power_routed.rpx
Command: report_power -file system_top_power_routed.rpt -pb system_top_power_summary_routed.pb -rpx system_top_power_routed.rpx
INFO: [Constraints 18-483] create_clock: no pin(s)/port(s)/net(s) specified as objects, only virtual clock 'system_sys_rgmii_0_rgmii_rx_clk' will be created. If you don't want this, please specify pin(s)/ports(s)/net(s) as objects to the command. [/home/dator2/Documents/clean_fw_folder/antsdr-fw-patch/plutosdr-fw/hdl/projects/e200/e200.gen/sources_1/bd/system/ip/system_sys_rgmii_0/synth/system_sys_rgmii_0_clocks.xdc:7]
INFO: [Timing 38-35] Done setting XDC timing constraints.
Running Vector-less Activity Propagation...

Finished Running Vector-less Activity Propagation
WARNING: [Power 33-332] Found switching activity that implies high-fanout reset nets being asserted for excessive periods of time which may result in inaccurate power analysis.
Resolution: To review and fix problems, please run Power Constraints Advisor in the GUI from Tools > Power Constraints Advisor or run report_power with the -advisory option to generate a text report.
117 Infos, 158 Warnings, 6 Critical Warnings and 0 Errors encountered.
report_power completed successfully
INFO: [runtcl-4] Executing : report_route_status -file system_top_route_status.rpt -pb system_top_route_status.pb
INFO: [runtcl-4] Executing : report_timing_summary -max_paths 10 -report_unconstrained -file system_top_timing_summary_routed.rpt -pb system_top_timing_summary_routed.pb -rpx system_top_timing_summary_routed.rpx -warn_on_violation 
INFO: [Timing 38-91] UpdateTimingParams: Speed grade: -2, Delay Type: min_max.
INFO: [Timing 38-191] Multithreading enabled for timing update using a maximum of 8 CPUs
INFO: [runtcl-4] Executing : report_incremental_reuse -file system_top_incremental_reuse_routed.rpt
INFO: [Vivado_Tcl 4-1062] Incremental flow is disabled. No incremental reuse Info to report.
INFO: [runtcl-4] Executing : report_clock_utilization -file system_top_clock_utilization_routed.rpt
INFO: [runtcl-4] Executing : report_bus_skew -warn_on_violation -file system_top_bus_skew_routed.rpt -pb system_top_bus_skew_routed.pb -rpx system_top_bus_skew_routed.rpx
INFO: [Timing 38-91] UpdateTimingParams: Speed grade: -2, Delay Type: min_max.
INFO: [Timing 38-191] Multithreading enabled for timing update using a maximum of 8 CPUs
INFO: [Timing 38-480] Writing timing data to binary archive.
Write ShapeDB Complete: Time (s): cpu = 00:00:00.34 ; elapsed = 00:00:00.07 . Memory (MB): peak = 3354.172 ; gain = 0.000 ; free physical = 3389 ; free virtual = 7830
Wrote PlaceDB: Time (s): cpu = 00:00:04 ; elapsed = 00:00:01 . Memory (MB): peak = 3354.172 ; gain = 0.000 ; free physical = 3362 ; free virtual = 7826
Wrote PulsedLatchDB: Time (s): cpu = 00:00:00 ; elapsed = 00:00:00 . Memory (MB): peak = 3354.172 ; gain = 0.000 ; free physical = 3362 ; free virtual = 7826
Writing XDEF routing.
Writing XDEF routing logical nets.
Writing XDEF routing special nets.
Wrote RouteStorage: Time (s): cpu = 00:00:00.52 ; elapsed = 00:00:00.25 . Memory (MB): peak = 3354.172 ; gain = 0.000 ; free physical = 3362 ; free virtual = 7831
Wrote Netlist Cache: Time (s): cpu = 00:00:00.04 ; elapsed = 00:00:00.02 . Memory (MB): peak = 3354.172 ; gain = 0.000 ; free physical = 3362 ; free virtual = 7834
Wrote Device Cache: Time (s): cpu = 00:00:00.01 ; elapsed = 00:00:00.01 . Memory (MB): peak = 3354.172 ; gain = 0.000 ; free physical = 3354 ; free virtual = 7827
Write Physdb Complete: Time (s): cpu = 00:00:04 ; elapsed = 00:00:02 . Memory (MB): peak = 3354.172 ; gain = 0.000 ; free physical = 3354 ; free virtual = 7827
INFO: [Common 17-1381] The checkpoint '/home/dator2/Documents/clean_fw_folder/antsdr-fw-patch/plutosdr-fw/hdl/projects/e200/e200.runs/impl_1/system_top_routed.dcp' has been generated.
Command: write_bitstream -force system_top.bit
Attempting to get a license for feature 'Implementation' and/or device 'xc7z020'
INFO: [Common 17-349] Got license for feature 'Implementation' and/or device 'xc7z020'
Running DRC as a precondition to command write_bitstream
INFO: [IP_Flow 19-1839] IP Catalog is up to date.
INFO: [DRC 23-27] Running DRC with 8 threads
WARNING: [DRC REQP-1577] Clock output buffering: MMCME2_ADV connectivity violation. The signal i_system_wrapper/system_i/sys_rgmii/U0/i_system_sys_rgmii_0_clocking/clk_10 on the i_system_wrapper/system_i/sys_rgmii/U0/i_system_sys_rgmii_0_clocking/mmcm_adv_inst/CLKOUT2 pin of i_system_wrapper/system_i/sys_rgmii/U0/i_system_sys_rgmii_0_clocking/mmcm_adv_inst does not drive the same kind of BUFFER load as the other CLKOUT pins. Routing from the different buffer types will not be phase aligned.
INFO: [DRC AVAL-4] enum_USE_DPORT_FALSE_enum_DREG_ADREG_0_connects_CED_CEAD_RSTD_GND: i_system_wrapper/system_i/axi_ad9361/inst/i_rx/i_rx_channel_0/i_ad_iqcor/g_loop[0].i_mul_i/i_mult_macro/dsp_v5_1.DSP48_V5_1: DSP48E1 is not using the D port (USE_DPORT = FALSE). For improved power characteristics, set DREG and ADREG to '1', tie CED, CEAD, and RSTD to logic '0'.
INFO: [DRC AVAL-4] enum_USE_DPORT_FALSE_enum_DREG_ADREG_0_connects_CED_CEAD_RSTD_GND: i_system_wrapper/system_i/axi_ad9361/inst/i_rx/i_rx_channel_0/i_ad_iqcor/g_loop[0].i_mul_q/i_mult_macro/dsp_v5_1.DSP48_V5_1: DSP48E1 is not using the D port (USE_DPORT = FALSE). For improved power characteristics, set DREG and ADREG to '1', tie CED, CEAD, and RSTD to logic '0'.
INFO: [DRC AVAL-4] enum_USE_DPORT_FALSE_enum_DREG_ADREG_0_connects_CED_CEAD_RSTD_GND: i_system_wrapper/system_i/axi_ad9361/inst/i_rx/i_rx_channel_1/i_ad_iqcor/g_loop[0].i_mul_i/i_mult_macro/dsp_v5_1.DSP48_V5_1: DSP48E1 is not using the D port (USE_DPORT = FALSE). For improved power characteristics, set DREG and ADREG to '1', tie CED, CEAD, and RSTD to logic '0'.
INFO: [DRC AVAL-4] enum_USE_DPORT_FALSE_enum_DREG_ADREG_0_connects_CED_CEAD_RSTD_GND: i_system_wrapper/system_i/axi_ad9361/inst/i_rx/i_rx_channel_1/i_ad_iqcor/g_loop[0].i_mul_q/i_mult_macro/dsp_v5_1.DSP48_V5_1: DSP48E1 is not using the D port (USE_DPORT = FALSE). For improved power characteristics, set DREG and ADREG to '1', tie CED, CEAD, and RSTD to logic '0'.
INFO: [DRC AVAL-4] enum_USE_DPORT_FALSE_enum_DREG_ADREG_0_connects_CED_CEAD_RSTD_GND: i_system_wrapper/system_i/axi_ad9361/inst/i_rx/i_rx_channel_2/i_ad_iqcor/g_loop[0].i_mul_i/i_mult_macro/dsp_v5_1.DSP48_V5_1: DSP48E1 is not using the D port (USE_DPORT = FALSE). For improved power characteristics, set DREG and ADREG to '1', tie CED, CEAD, and RSTD to logic '0'.
INFO: [DRC AVAL-4] enum_USE_DPORT_FALSE_enum_DREG_ADREG_0_connects_CED_CEAD_RSTD_GND: i_system_wrapper/system_i/axi_ad9361/inst/i_rx/i_rx_channel_2/i_ad_iqcor/g_loop[0].i_mul_q/i_mult_macro/dsp_v5_1.DSP48_V5_1: DSP48E1 is not using the D port (USE_DPORT = FALSE). For improved power characteristics, set DREG and ADREG to '1', tie CED, CEAD, and RSTD to logic '0'.
INFO: [DRC AVAL-4] enum_USE_DPORT_FALSE_enum_DREG_ADREG_0_connects_CED_CEAD_RSTD_GND: i_system_wrapper/system_i/axi_ad9361/inst/i_rx/i_rx_channel_3/i_ad_iqcor/g_loop[0].i_mul_i/i_mult_macro/dsp_v5_1.DSP48_V5_1: DSP48E1 is not using the D port (USE_DPORT = FALSE). For improved power characteristics, set DREG and ADREG to '1', tie CED, CEAD, and RSTD to logic '0'.
INFO: [DRC AVAL-4] enum_USE_DPORT_FALSE_enum_DREG_ADREG_0_connects_CED_CEAD_RSTD_GND: i_system_wrapper/system_i/axi_ad9361/inst/i_rx/i_rx_channel_3/i_ad_iqcor/g_loop[0].i_mul_q/i_mult_macro/dsp_v5_1.DSP48_V5_1: DSP48E1 is not using the D port (USE_DPORT = FALSE). For improved power characteristics, set DREG and ADREG to '1', tie CED, CEAD, and RSTD to logic '0'.
INFO: [DRC AVAL-4] enum_USE_DPORT_FALSE_enum_DREG_ADREG_0_connects_CED_CEAD_RSTD_GND: i_system_wrapper/system_i/axi_ad9361/inst/i_tx/i_tx_channel_0/i_ad_iqcor/g_loop[0].i_mul_i/i_mult_macro/dsp_v5_1.DSP48_V5_1: DSP48E1 is not using the D port (USE_DPORT = FALSE). For improved power characteristics, set DREG and ADREG to '1', tie CED, CEAD, and RSTD to logic '0'.
INFO: [DRC AVAL-4] enum_USE_DPORT_FALSE_enum_DREG_ADREG_0_connects_CED_CEAD_RSTD_GND: i_system_wrapper/system_i/axi_ad9361/inst/i_tx/i_tx_channel_0/i_ad_iqcor/g_loop[0].i_mul_q/i_mult_macro/dsp_v5_1.DSP48_V5_1: DSP48E1 is not using the D port (USE_DPORT = FALSE). For improved power characteristics, set DREG and ADREG to '1', tie CED, CEAD, and RSTD to logic '0'.
INFO: [DRC AVAL-4] enum_USE_DPORT_FALSE_enum_DREG_ADREG_0_connects_CED_CEAD_RSTD_GND: i_system_wrapper/system_i/axi_ad9361/inst/i_tx/i_tx_channel_0/i_dds/dds_phase[1].i_dds_2/i_dds_1_0/i_dds_scale/i_mult_macro/dsp_v5_1.DSP48_V5_1: DSP48E1 is not using the D port (USE_DPORT = FALSE). For improved power characteristics, set DREG and ADREG to '1', tie CED, CEAD, and RSTD to logic '0'.
INFO: [DRC AVAL-4] enum_USE_DPORT_FALSE_enum_DREG_ADREG_0_connects_CED_CEAD_RSTD_GND: i_system_wrapper/system_i/axi_ad9361/inst/i_tx/i_tx_channel_0/i_dds/dds_phase[1].i_dds_2/i_dds_1_1/i_dds_scale/i_mult_macro/dsp_v5_1.DSP48_V5_1: DSP48E1 is not using the D port (USE_DPORT = FALSE). For improved power characteristics, set DREG and ADREG to '1', tie CED, CEAD, and RSTD to logic '0'.
INFO: [DRC AVAL-4] enum_USE_DPORT_FALSE_enum_DREG_ADREG_0_connects_CED_CEAD_RSTD_GND: i_system_wrapper/system_i/axi_ad9361/inst/i_tx/i_tx_channel_1/i_ad_iqcor/g_loop[0].i_mul_i/i_mult_macro/dsp_v5_1.DSP48_V5_1: DSP48E1 is not using the D port (USE_DPORT = FALSE). For improved power characteristics, set DREG and ADREG to '1', tie CED, CEAD, and RSTD to logic '0'.
INFO: [DRC AVAL-4] enum_USE_DPORT_FALSE_enum_DREG_ADREG_0_connects_CED_CEAD_RSTD_GND: i_system_wrapper/system_i/axi_ad9361/inst/i_tx/i_tx_channel_1/i_ad_iqcor/g_loop[0].i_mul_q/i_mult_macro/dsp_v5_1.DSP48_V5_1: DSP48E1 is not using the D port (USE_DPORT = FALSE). For improved power characteristics, set DREG and ADREG to '1', tie CED, CEAD, and RSTD to logic '0'.
INFO: [DRC AVAL-4] enum_USE_DPORT_FALSE_enum_DREG_ADREG_0_connects_CED_CEAD_RSTD_GND: i_system_wrapper/system_i/axi_ad9361/inst/i_tx/i_tx_channel_1/i_dds/dds_phase[1].i_dds_2/i_dds_1_0/i_dds_scale/i_mult_macro/dsp_v5_1.DSP48_V5_1: DSP48E1 is not using the D port (USE_DPORT = FALSE). For improved power characteristics, set DREG and ADREG to '1', tie CED, CEAD, and RSTD to logic '0'.
INFO: [DRC AVAL-4] enum_USE_DPORT_FALSE_enum_DREG_ADREG_0_connects_CED_CEAD_RSTD_GND: i_system_wrapper/system_i/axi_ad9361/inst/i_tx/i_tx_channel_1/i_dds/dds_phase[1].i_dds_2/i_dds_1_1/i_dds_scale/i_mult_macro/dsp_v5_1.DSP48_V5_1: DSP48E1 is not using the D port (USE_DPORT = FALSE). For improved power characteristics, set DREG and ADREG to '1', tie CED, CEAD, and RSTD to logic '0'.
INFO: [DRC AVAL-4] enum_USE_DPORT_FALSE_enum_DREG_ADREG_0_connects_CED_CEAD_RSTD_GND: i_system_wrapper/system_i/axi_ad9361/inst/i_tx/i_tx_channel_2/i_ad_iqcor/g_loop[0].i_mul_i/i_mult_macro/dsp_v5_1.DSP48_V5_1: DSP48E1 is not using the D port (USE_DPORT = FALSE). For improved power characteristics, set DREG and ADREG to '1', tie CED, CEAD, and RSTD to logic '0'.
INFO: [DRC AVAL-4] enum_USE_DPORT_FALSE_enum_DREG_ADREG_0_connects_CED_CEAD_RSTD_GND: i_system_wrapper/system_i/axi_ad9361/inst/i_tx/i_tx_channel_2/i_ad_iqcor/g_loop[0].i_mul_q/i_mult_macro/dsp_v5_1.DSP48_V5_1: DSP48E1 is not using the D port (USE_DPORT = FALSE). For improved power characteristics, set DREG and ADREG to '1', tie CED, CEAD, and RSTD to logic '0'.
INFO: [DRC AVAL-4] enum_USE_DPORT_FALSE_enum_DREG_ADREG_0_connects_CED_CEAD_RSTD_GND: i_system_wrapper/system_i/axi_ad9361/inst/i_tx/i_tx_channel_2/i_dds/dds_phase[1].i_dds_2/i_dds_1_0/i_dds_scale/i_mult_macro/dsp_v5_1.DSP48_V5_1: DSP48E1 is not using the D port (USE_DPORT = FALSE). For improved power characteristics, set DREG and ADREG to '1', tie CED, CEAD, and RSTD to logic '0'.
INFO: [DRC AVAL-4] enum_USE_DPORT_FALSE_enum_DREG_ADREG_0_connects_CED_CEAD_RSTD_GND: i_system_wrapper/system_i/axi_ad9361/inst/i_tx/i_tx_channel_2/i_dds/dds_phase[1].i_dds_2/i_dds_1_1/i_dds_scale/i_mult_macro/dsp_v5_1.DSP48_V5_1: DSP48E1 is not using the D port (USE_DPORT = FALSE). For improved power characteristics, set DREG and ADREG to '1', tie CED, CEAD, and RSTD to logic '0'.
INFO: [DRC AVAL-4] enum_USE_DPORT_FALSE_enum_DREG_ADREG_0_connects_CED_CEAD_RSTD_GND: i_system_wrapper/system_i/axi_ad9361/inst/i_tx/i_tx_channel_3/i_ad_iqcor/g_loop[0].i_mul_i/i_mult_macro/dsp_v5_1.DSP48_V5_1: DSP48E1 is not using the D port (USE_DPORT = FALSE). For improved power characteristics, set DREG and ADREG to '1', tie CED, CEAD, and RSTD to logic '0'.
INFO: [DRC AVAL-4] enum_USE_DPORT_FALSE_enum_DREG_ADREG_0_connects_CED_CEAD_RSTD_GND: i_system_wrapper/system_i/axi_ad9361/inst/i_tx/i_tx_channel_3/i_ad_iqcor/g_loop[0].i_mul_q/i_mult_macro/dsp_v5_1.DSP48_V5_1: DSP48E1 is not using the D port (USE_DPORT = FALSE). For improved power characteristics, set DREG and ADREG to '1', tie CED, CEAD, and RSTD to logic '0'.
INFO: [DRC AVAL-4] enum_USE_DPORT_FALSE_enum_DREG_ADREG_0_connects_CED_CEAD_RSTD_GND: i_system_wrapper/system_i/axi_ad9361/inst/i_tx/i_tx_channel_3/i_dds/dds_phase[1].i_dds_2/i_dds_1_0/i_dds_scale/i_mult_macro/dsp_v5_1.DSP48_V5_1: DSP48E1 is not using the D port (USE_DPORT = FALSE). For improved power characteristics, set DREG and ADREG to '1', tie CED, CEAD, and RSTD to logic '0'.
INFO: [DRC AVAL-4] enum_USE_DPORT_FALSE_enum_DREG_ADREG_0_connects_CED_CEAD_RSTD_GND: i_system_wrapper/system_i/axi_ad9361/inst/i_tx/i_tx_channel_3/i_dds/dds_phase[1].i_dds_2/i_dds_1_1/i_dds_scale/i_mult_macro/dsp_v5_1.DSP48_V5_1: DSP48E1 is not using the D port (USE_DPORT = FALSE). For improved power characteristics, set DREG and ADREG to '1', tie CED, CEAD, and RSTD to logic '0'.
INFO: [DRC REQP-28] enum_USE_MULT_NONE_connects_CEM_GND: i_system_wrapper/system_i/rx_fir_decimator/fir_decimation_0/U0/i_synth/g_polyphase_decimation.i_polyphase_decimation/g_parallel.g_paths[0].g_accum.i_accum/i_add_accum/g_dsp48.g_dsp48e1.i_dsp48e1: When the DSP48E1 USE_MULT attribute is set to NONE, the CEM input pin should be tied to GND to save power.
INFO: [DRC REQP-28] enum_USE_MULT_NONE_connects_CEM_GND: i_system_wrapper/system_i/rx_fir_decimator/fir_decimation_1/U0/i_synth/g_polyphase_decimation.i_polyphase_decimation/g_parallel.g_paths[0].g_accum.i_accum/i_add_accum/g_dsp48.g_dsp48e1.i_dsp48e1: When the DSP48E1 USE_MULT attribute is set to NONE, the CEM input pin should be tied to GND to save power.
INFO: [DRC REQP-28] enum_USE_MULT_NONE_connects_CEM_GND: i_system_wrapper/system_i/tx_fir_interpolator/fir_interpolation_0/U0/i_synth/g_polyphase_interpolation.i_polyphase_interpolation/g_parallel.g_paths[0].g_symmetric.g_accum.i_accum/i_add_accum/g_dsp48.g_dsp48e1.i_dsp48e1: When the DSP48E1 USE_MULT attribute is set to NONE, the CEM input pin should be tied to GND to save power.
INFO: [DRC REQP-28] enum_USE_MULT_NONE_connects_CEM_GND: i_system_wrapper/system_i/tx_fir_interpolator/fir_interpolation_1/U0/i_synth/g_polyphase_interpolation.i_polyphase_interpolation/g_parallel.g_paths[0].g_symmetric.g_accum.i_accum/i_add_accum/g_dsp48.g_dsp48e1.i_dsp48e1: When the DSP48E1 USE_MULT attribute is set to NONE, the CEM input pin should be tied to GND to save power.
INFO: [DRC REQP-30] enum_MREG_0_connects_CEM_GND: i_system_wrapper/system_i/rx_fir_decimator/fir_decimation_0/U0/i_synth/g_polyphase_decimation.i_polyphase_decimation/g_parallel.g_paths[0].g_accum.i_accum/i_add_accum/g_dsp48.g_dsp48e1.i_dsp48e1: When the DSP48E1 MREG attribute is set to 0, the CEM input pin should be tied to GND to save power.
INFO: [DRC REQP-30] enum_MREG_0_connects_CEM_GND: i_system_wrapper/system_i/rx_fir_decimator/fir_decimation_1/U0/i_synth/g_polyphase_decimation.i_polyphase_decimation/g_parallel.g_paths[0].g_accum.i_accum/i_add_accum/g_dsp48.g_dsp48e1.i_dsp48e1: When the DSP48E1 MREG attribute is set to 0, the CEM input pin should be tied to GND to save power.
INFO: [DRC REQP-30] enum_MREG_0_connects_CEM_GND: i_system_wrapper/system_i/tx_fir_interpolator/fir_interpolation_0/U0/i_synth/g_polyphase_interpolation.i_polyphase_interpolation/g_parallel.g_paths[0].g_symmetric.g_accum.i_accum/i_add_accum/g_dsp48.g_dsp48e1.i_dsp48e1: When the DSP48E1 MREG attribute is set to 0, the CEM input pin should be tied to GND to save power.
INFO: [DRC REQP-30] enum_MREG_0_connects_CEM_GND: i_system_wrapper/system_i/tx_fir_interpolator/fir_interpolation_1/U0/i_synth/g_polyphase_interpolation.i_polyphase_interpolation/g_parallel.g_paths[0].g_symmetric.g_accum.i_accum/i_add_accum/g_dsp48.g_dsp48e1.i_dsp48e1: When the DSP48E1 MREG attribute is set to 0, the CEM input pin should be tied to GND to save power.
INFO: [DRC REQP-32] with_OPMODE_USE_MULT_NONE: i_system_wrapper/system_i/rx_fir_decimator/fir_decimation_0/U0/i_synth/g_polyphase_decimation.i_polyphase_decimation/g_parallel.g_paths[0].g_rounder.i_rounder/i_rounder/g_dsp48.g_dsp48e1.i_dsp48e1: To save power with this DSP48E1 OPMODE input pin programming the USE_MULT attribute should be set to NONE.
INFO: [DRC REQP-32] with_OPMODE_USE_MULT_NONE: i_system_wrapper/system_i/rx_fir_decimator/fir_decimation_1/U0/i_synth/g_polyphase_decimation.i_polyphase_decimation/g_parallel.g_paths[0].g_rounder.i_rounder/i_rounder/g_dsp48.g_dsp48e1.i_dsp48e1: To save power with this DSP48E1 OPMODE input pin programming the USE_MULT attribute should be set to NONE.
INFO: [DRC REQP-32] with_OPMODE_USE_MULT_NONE: i_system_wrapper/system_i/tx_fir_interpolator/fir_interpolation_0/U0/i_synth/g_polyphase_interpolation.i_polyphase_interpolation/g_parallel.g_paths[0].g_rounder.i_rounder/i_rounder/g_dsp48.g_dsp48e1.i_dsp48e1: To save power with this DSP48E1 OPMODE input pin programming the USE_MULT attribute should be set to NONE.
INFO: [DRC REQP-32] with_OPMODE_USE_MULT_NONE: i_system_wrapper/system_i/tx_fir_interpolator/fir_interpolation_1/U0/i_synth/g_polyphase_interpolation.i_polyphase_interpolation/g_parallel.g_paths[0].g_rounder.i_rounder/i_rounder/g_dsp48.g_dsp48e1.i_dsp48e1: To save power with this DSP48E1 OPMODE input pin programming the USE_MULT attribute should be set to NONE.
INFO: [Vivado 12-3199] DRC finished with 0 Errors, 1 Warnings, 36 Advisories
INFO: [Vivado 12-3200] Please refer to the DRC report (report_drc) for more information.
INFO: [Designutils 20-2272] Running write_bitstream with 8 threads.
Loading data files...
Loading site data...
Loading route data...
Processing options...
Creating bitmap...
Creating bitstream...
Bitstream compression saved 13126496 bits.
Writing bitstream ./system_top.bit...
INFO: [Vivado 12-1842] Bitgen Completed Successfully.
INFO: [Project 1-1876] WebTalk data collection is mandatory when using a ULT device. To see the specific WebTalk data collected for your design, open the usage_statistics_webtalk.html or usage_statistics_webtalk.xml file in the implementation directory.
INFO: [Common 17-83] Releasing license: Implementation
50 Infos, 1 Warnings, 0 Critical Warnings and 0 Errors encountered.
write_bitstream completed successfully
write_bitstream: Time (s): cpu = 00:00:42 ; elapsed = 00:00:22 . Memory (MB): peak = 3690.785 ; gain = 336.613 ; free physical = 3005 ; free virtual = 7450
INFO: [Common 17-206] Exiting Vivado at Wed Jul  9 15:34:56 2025...
[Wed Jul  9 15:34:56 2025] impl_1 finished
wait_on_runs: Time (s): cpu = 00:06:36 ; elapsed = 00:02:32 . Memory (MB): peak = 3385.230 ; gain = 0.000 ; free physical = 5599 ; free virtual = 10043
Netlist sorting complete. Time (s): cpu = 00:00:00.24 ; elapsed = 00:00:00.24 . Memory (MB): peak = 3385.230 ; gain = 0.000 ; free physical = 5549 ; free virtual = 10003
INFO: [Netlist 29-17] Analyzing 2037 Unisim elements for replacement
INFO: [Netlist 29-28] Unisim Transformation completed in 0 CPU seconds
INFO: [Project 1-479] Netlist was created with Vivado 2023.2
INFO: [Project 1-570] Preparing netlist for logic optimization
WARNING: [Constraints 18-550] Could not create 'IOSTANDARD' constraint because net 'i_system_wrapper/system_i/sys_ps7/DDR_DM[2]' is not directly connected to top level port. 'IOSTANDARD' is ignored for synthesis but preserved for implementation.
WARNING: [Constraints 18-550] Could not create 'IOSTANDARD' constraint because net 'i_system_wrapper/system_i/sys_ps7/DDR_DQS[2]' is not directly connected to top level port. 'IOSTANDARD' is ignored for synthesis but preserved for implementation.
WARNING: [Constraints 18-550] Could not create 'IOSTANDARD' constraint because net 'i_system_wrapper/system_i/sys_ps7/DDR_DQS_n[2]' is not directly connected to top level port. 'IOSTANDARD' is ignored for synthesis but preserved for implementation.
WARNING: [Constraints 18-550] Could not create 'IOSTANDARD' constraint because net 'i_system_wrapper/system_i/sys_ps7/MIO[32]' is not directly connected to top level port. 'IOSTANDARD' is ignored for synthesis but preserved for implementation.
WARNING: [Constraints 18-550] Could not create 'IOSTANDARD' constraint because net 'i_system_wrapper/system_i/sys_ps7/MIO[33]' is not directly connected to top level port. 'IOSTANDARD' is ignored for synthesis but preserved for implementation.
WARNING: [Constraints 18-550] Could not create 'IOSTANDARD' constraint because net 'i_system_wrapper/system_i/sys_ps7/MIO[34]' is not directly connected to top level port. 'IOSTANDARD' is ignored for synthesis but preserved for implementation.
WARNING: [Constraints 18-550] Could not create 'IOSTANDARD' constraint because net 'i_system_wrapper/system_i/sys_ps7/MIO[35]' is not directly connected to top level port. 'IOSTANDARD' is ignored for synthesis but preserved for implementation.
WARNING: [Constraints 18-550] Could not create 'IOSTANDARD' constraint because net 'i_system_wrapper/system_i/sys_ps7/MIO[36]' is not directly connected to top level port. 'IOSTANDARD' is ignored for synthesis but preserved for implementation.
WARNING: [Constraints 18-550] Could not create 'IOSTANDARD' constraint because net 'i_system_wrapper/system_i/sys_ps7/MIO[37]' is not directly connected to top level port. 'IOSTANDARD' is ignored for synthesis but preserved for implementation.
WARNING: [Constraints 18-550] Could not create 'IOSTANDARD' constraint because net 'i_system_wrapper/system_i/sys_ps7/MIO[38]' is not directly connected to top level port. 'IOSTANDARD' is ignored for synthesis but preserved for implementation.
WARNING: [Constraints 18-550] Could not create 'IOSTANDARD' constraint because net 'i_system_wrapper/system_i/sys_ps7/MIO[39]' is not directly connected to top level port. 'IOSTANDARD' is ignored for synthesis but preserved for implementation.
WARNING: [Constraints 18-550] Could not create 'IOSTANDARD' constraint because net 'i_system_wrapper/system_i/sys_ps7/MIO[40]' is not directly connected to top level port. 'IOSTANDARD' is ignored for synthesis but preserved for implementation.
WARNING: [Constraints 18-550] Could not create 'IOSTANDARD' constraint because net 'i_system_wrapper/system_i/sys_ps7/MIO[41]' is not directly connected to top level port. 'IOSTANDARD' is ignored for synthesis but preserved for implementation.
WARNING: [Constraints 18-550] Could not create 'IOSTANDARD' constraint because net 'i_system_wrapper/system_i/sys_ps7/MIO[42]' is not directly connected to top level port. 'IOSTANDARD' is ignored for synthesis but preserved for implementation.
WARNING: [Constraints 18-550] Could not create 'IOSTANDARD' constraint because net 'i_system_wrapper/system_i/sys_ps7/MIO[43]' is not directly connected to top level port. 'IOSTANDARD' is ignored for synthesis but preserved for implementation.
WARNING: [Constraints 18-550] Could not create 'IOSTANDARD' constraint because net 'i_system_wrapper/system_i/sys_ps7/MIO[44]' is not directly connected to top level port. 'IOSTANDARD' is ignored for synthesis but preserved for implementation.
WARNING: [Constraints 18-550] Could not create 'IOSTANDARD' constraint because net 'i_system_wrapper/system_i/sys_ps7/MIO[45]' is not directly connected to top level port. 'IOSTANDARD' is ignored for synthesis but preserved for implementation.
WARNING: [Constraints 18-550] Could not create 'IOSTANDARD' constraint because net 'i_system_wrapper/system_i/sys_ps7/MIO[46]' is not directly connected to top level port. 'IOSTANDARD' is ignored for synthesis but preserved for implementation.
WARNING: [Constraints 18-550] Could not create 'IOSTANDARD' constraint because net 'i_system_wrapper/system_i/sys_ps7/MIO[47]' is not directly connected to top level port. 'IOSTANDARD' is ignored for synthesis but preserved for implementation.
WARNING: [Constraints 18-550] Could not create 'IOSTANDARD' constraint because net 'i_system_wrapper/system_i/sys_ps7/MIO[48]' is not directly connected to top level port. 'IOSTANDARD' is ignored for synthesis but preserved for implementation.
WARNING: [Constraints 18-550] Could not create 'IOSTANDARD' constraint because net 'i_system_wrapper/system_i/sys_ps7/MIO[49]' is not directly connected to top level port. 'IOSTANDARD' is ignored for synthesis but preserved for implementation.
WARNING: [Constraints 18-550] Could not create 'IOSTANDARD' constraint because net 'i_system_wrapper/system_i/sys_ps7/MIO[50]' is not directly connected to top level port. 'IOSTANDARD' is ignored for synthesis but preserved for implementation.
WARNING: [Constraints 18-550] Could not create 'IOSTANDARD' constraint because net 'i_system_wrapper/system_i/sys_ps7/MIO[51]' is not directly connected to top level port. 'IOSTANDARD' is ignored for synthesis but preserved for implementation.
WARNING: [Constraints 18-550] Could not create 'IOSTANDARD' constraint because net 'i_system_wrapper/system_i/sys_ps7/MIO[52]' is not directly connected to top level port. 'IOSTANDARD' is ignored for synthesis but preserved for implementation.
Read ShapeDB Complete: Time (s): cpu = 00:00:00.06 ; elapsed = 00:00:00.07 . Memory (MB): peak = 3385.230 ; gain = 0.000 ; free physical = 5457 ; free virtual = 9901
INFO: [Timing 38-478] Restoring timing data from binary archive.
INFO: [Timing 38-479] Binary timing data restore complete.
INFO: [Project 1-856] Restoring constraints from binary archive.
INFO: [Project 1-853] Binary constraint restore complete.
INFO: [Designutils 20-5722] Start Reading Physical Databases.
Reading placement.
Read Netlist Cache: Time (s): cpu = 00:00:00.02 ; elapsed = 00:00:00.01 . Memory (MB): peak = 3431.289 ; gain = 0.000 ; free physical = 5300 ; free virtual = 9758
Reading placer database...
Read Device Cache: Time (s): cpu = 00:00:00.01 ; elapsed = 00:00:00 . Memory (MB): peak = 3431.289 ; gain = 0.000 ; free physical = 5300 ; free virtual = 9758
Read PlaceDB: Time (s): cpu = 00:00:00.82 ; elapsed = 00:00:00.84 . Memory (MB): peak = 3455.227 ; gain = 23.938 ; free physical = 5286 ; free virtual = 9738
Read PulsedLatchDB: Time (s): cpu = 00:00:00 ; elapsed = 00:00:00 . Memory (MB): peak = 3455.227 ; gain = 0.000 ; free physical = 5286 ; free virtual = 9738
Reading routing.
Read RouteStorage: Time (s): cpu = 00:00:00.33 ; elapsed = 00:00:00.32 . Memory (MB): peak = 3462.227 ; gain = 7.000 ; free physical = 5274 ; free virtual = 9731
Read Physdb Files: Time (s): cpu = 00:00:01 ; elapsed = 00:00:01 . Memory (MB): peak = 3462.227 ; gain = 30.938 ; free physical = 5274 ; free virtual = 9731
Restored from archive | CPU: 1.190000 secs | Memory: 40.128082 MB |
Finished XDEF File Restore: Time (s): cpu = 00:00:01 ; elapsed = 00:00:01 . Memory (MB): peak = 3462.227 ; gain = 30.938 ; free physical = 5274 ; free virtual = 9731
Netlist sorting complete. Time (s): cpu = 00:00:00 ; elapsed = 00:00:00 . Memory (MB): peak = 3462.227 ; gain = 0.000 ; free physical = 5274 ; free virtual = 9731
INFO: [Project 1-111] Unisim Transformation Summary:
  A total of 100 instances were transformed.
  IOBUF => IOBUF (IBUF, OBUFT): 23 instances
  RAM16X1D => RAM32X1D (RAMD32(x2)): 62 instances
  RAM32M => RAM32M (RAMD32(x6), RAMS32(x2)): 11 instances
  RAM32X1D => RAM32X1D (RAMD32(x2)): 4 instances

INFO: [Timing 38-91] UpdateTimingParams: Speed grade: -2, Delay Type: min_max.
INFO: [Timing 38-191] Multithreading enabled for timing update using a maximum of 8 CPUs
GENERATE_REPORTS: Resource utilization files won't be generated because ADI_GENERATE_UTILIZATION env var is not set
GENERATE_PORTS_REPORTS: IP ports properties and nets report files won't be generated because ADI_EXTRACT_PORTS env var is not set
GENERATE_REPORTS: Power analysis files won't be generated because ADI_GENERATE_XPA env var is not set
CRITICAL WARNING: There are 438 registers with no clocks !!! See no_clock.log for details.
INFO: [Timing 38-91] UpdateTimingParams: Speed grade: -2, Delay Type: min_max.
INFO: [Timing 38-191] Multithreading enabled for timing update using a maximum of 8 CPUs
INFO: [Project 1-1918] Creating Hardware Platform: /home/dator2/Documents/clean_fw_folder/antsdr-fw-patch/plutosdr-fw/hdl/projects/e200/e200.sdk/system_top.xsa ...
INFO: [Project 1-1943] The Hardware Platform can be used for Hardware
INFO: [Project 1-1941] Successfully created Hardware Platform: /home/dator2/Documents/clean_fw_folder/antsdr-fw-patch/plutosdr-fw/hdl/projects/e200/e200.sdk/system_top.xsa
INFO: [Hsi 55-2053] elapsed time for repository (/tools/Xilinx/Vivado/2023.2/data/embeddedsw) loading 0 seconds
# source $ad_hdl_dir/library/axi_ad9361/axi_ad9361_delay.tcl
## set m_file [open "axi_ad9361_delay.log" w]
## set m_ios [get_ports -filter {NAME =~ rx_*_in*}]
## set m_ddr_ios [get_pins -hierarchical -filter {NAME =~ *i_rx_data_iddr/C || NAME =~ *i_rx_data_iddr/D}]
INFO: [Timing 38-91] UpdateTimingParams: Speed grade: -2, Delay Type: max.
INFO: [Timing 38-191] Multithreading enabled for timing update using a maximum of 8 CPUs
INFO: [Timing 38-78] ReportTimingParams: -from_pins  -to_pins  -max_paths 100 -nworst 1 -delay_type max -sort_by slack.
## set m_info [report_timing -no_header -return_string -from $m_ios -to $m_ddr_ios -max_paths 100]
## set m_sources {}
## set m_string $m_info
## while {[regexp {\s+Source:\s+(.*?)\s+(.*)} $m_string m1 m_value m_string] == 1} {
##   lappend m_sources $m_value
## }
## set m_destinations {}
## set m_string $m_info
## while {[regexp {\s+Destination:\s+(.*?)\s+(.*)} $m_string m1 m_value m_string] == 1} {
##   lappend m_destinations $m_value
## }
## set m_delays {}
## set m_string $m_info
## while {[regexp {\s+Data\s+Path\s+Delay:\s+(.*?)\s+(.*)} $m_string m1 m_value m_string] == 1} {
##   lappend m_delays $m_value
## }
## set m_size [llength $m_sources]
## if {[llength $m_destinations] != $m_size} {
##   puts "CRITICAL WARNING: axi_ad9361_delay.tcl, source-destination size mismatch"
## }
## if {[llength $m_delays] != $m_size} {
##   puts "CRITICAL WARNING: axi_ad9361_delay.tcl, source-delay size mismatch"
## }
## for {set m_index 0} {$m_index < $m_size} {incr m_index} {
##   set m_delay [lindex $m_delays $m_index]
##   set m_source [lindex $m_sources $m_index]
##   set m_destination [lindex $m_destinations $m_index]
##   puts "$m_source $m_destination $m_delay"
##   puts $m_file "$m_source $m_destination $m_delay"
## }
rx_data_in[11] i_system_wrapper/system_i/axi_ad9361/inst/i_dev_if/g_rx_data[11].i_rx_data/i_rx_data_iddr/D 1.696ns
rx_data_in[10] i_system_wrapper/system_i/axi_ad9361/inst/i_dev_if/g_rx_data[10].i_rx_data/i_rx_data_iddr/D 1.685ns
rx_frame_in i_system_wrapper/system_i/axi_ad9361/inst/i_dev_if/i_rx_frame/i_rx_data_iddr/D 1.665ns
rx_data_in[8] i_system_wrapper/system_i/axi_ad9361/inst/i_dev_if/g_rx_data[8].i_rx_data/i_rx_data_iddr/D 1.625ns
rx_data_in[1] i_system_wrapper/system_i/axi_ad9361/inst/i_dev_if/g_rx_data[1].i_rx_data/i_rx_data_iddr/D 1.621ns
rx_data_in[9] i_system_wrapper/system_i/axi_ad9361/inst/i_dev_if/g_rx_data[9].i_rx_data/i_rx_data_iddr/D 1.619ns
rx_data_in[0] i_system_wrapper/system_i/axi_ad9361/inst/i_dev_if/g_rx_data[0].i_rx_data/i_rx_data_iddr/D 1.615ns
rx_data_in[3] i_system_wrapper/system_i/axi_ad9361/inst/i_dev_if/g_rx_data[3].i_rx_data/i_rx_data_iddr/D 1.607ns
rx_data_in[2] i_system_wrapper/system_i/axi_ad9361/inst/i_dev_if/g_rx_data[2].i_rx_data/i_rx_data_iddr/D 1.599ns
rx_data_in[5] i_system_wrapper/system_i/axi_ad9361/inst/i_dev_if/g_rx_data[5].i_rx_data/i_rx_data_iddr/D 1.586ns
rx_data_in[4] i_system_wrapper/system_i/axi_ad9361/inst/i_dev_if/g_rx_data[4].i_rx_data/i_rx_data_iddr/D 1.583ns
rx_data_in[7] i_system_wrapper/system_i/axi_ad9361/inst/i_dev_if/g_rx_data[7].i_rx_data/i_rx_data_iddr/D 1.575ns
rx_data_in[6] i_system_wrapper/system_i/axi_ad9361/inst/i_dev_if/g_rx_data[6].i_rx_data/i_rx_data_iddr/D 1.569ns
rx_clk_in i_system_wrapper/system_i/axi_ad9361/inst/i_dev_if/g_rx_data[2].i_rx_data/i_rx_data_iddr/C 4.436ns
rx_clk_in i_system_wrapper/system_i/axi_ad9361/inst/i_dev_if/g_rx_data[3].i_rx_data/i_rx_data_iddr/C 4.436ns
rx_clk_in i_system_wrapper/system_i/axi_ad9361/inst/i_dev_if/g_rx_data[4].i_rx_data/i_rx_data_iddr/C 4.436ns
rx_clk_in i_system_wrapper/system_i/axi_ad9361/inst/i_dev_if/g_rx_data[5].i_rx_data/i_rx_data_iddr/C 4.436ns
rx_clk_in i_system_wrapper/system_i/axi_ad9361/inst/i_dev_if/g_rx_data[6].i_rx_data/i_rx_data_iddr/C 4.433ns
rx_clk_in i_system_wrapper/system_i/axi_ad9361/inst/i_dev_if/g_rx_data[7].i_rx_data/i_rx_data_iddr/C 4.433ns
rx_clk_in i_system_wrapper/system_i/axi_ad9361/inst/i_dev_if/g_rx_data[0].i_rx_data/i_rx_data_iddr/C 4.431ns
rx_clk_in i_system_wrapper/system_i/axi_ad9361/inst/i_dev_if/g_rx_data[10].i_rx_data/i_rx_data_iddr/C 4.431ns
rx_clk_in i_system_wrapper/system_i/axi_ad9361/inst/i_dev_if/g_rx_data[11].i_rx_data/i_rx_data_iddr/C 4.431ns
rx_clk_in i_system_wrapper/system_i/axi_ad9361/inst/i_dev_if/g_rx_data[1].i_rx_data/i_rx_data_iddr/C 4.431ns
rx_clk_in i_system_wrapper/system_i/axi_ad9361/inst/i_dev_if/i_rx_frame/i_rx_data_iddr/C 4.431ns
rx_clk_in i_system_wrapper/system_i/axi_ad9361/inst/i_dev_if/g_rx_data[8].i_rx_data/i_rx_data_iddr/C 4.428ns
rx_clk_in i_system_wrapper/system_i/axi_ad9361/inst/i_dev_if/g_rx_data[9].i_rx_data/i_rx_data_iddr/C 4.428ns
## puts $m_file "\nDetails:\n"
## puts $m_file $m_info
## close $m_file
INFO: [Common 17-206] Exiting Vivado at Wed Jul  9 15:35:08 2025...
