Copyright 1986-2022 Xilinx, Inc. All Rights Reserved. Copyright 2022-2023 Advanced Micro Devices, Inc. All Rights Reserved.
---------------------------------------------------------------------------------------------------------------------------------------------
| Tool Version : Vivado v.2023.2 (lin64) Build 4029153 Fri Oct 13 20:13:54 MDT 2023
| Date         : Wed Jul  9 15:32:22 2025
| Host         : dator2-Latitude-5430 running 64-bit Ubuntu 24.04.2 LTS
| Command      : report_timing_summary -file timing_synth.log
| Design       : system_top
| Device       : 7z020-clg400
| Speed File   : -2  PRODUCTION 1.12 2019-11-22
| Design State : Synthesized
---------------------------------------------------------------------------------------------------------------------------------------------

Timing Summary Report

------------------------------------------------------------------------------------------------
| Timer Settings
| --------------
------------------------------------------------------------------------------------------------

  Enable Multi Corner Analysis               :  Yes
  Enable Pessimism Removal                   :  Yes
  Pessimism Removal Resolution               :  Nearest Common Node
  Enable Input Delay Default Clock           :  No
  Enable Preset / Clear Arcs                 :  No
  Disable Flight Delays                      :  No
  Ignore I/O Paths                           :  No
  Timing Early Launch at Borrowing Latches   :  No
  Borrow Time for Max Delay Exceptions       :  Yes
  Merge Timing Exceptions                    :  Yes
  Inter-SLR Compensation                     :  Conservative

  Corner  Analyze    Analyze    
  Name    Max Paths  Min Paths  
  ------  ---------  ---------  
  Slow    Yes        Yes        
  Fast    Yes        Yes        


------------------------------------------------------------------------------------------------
| Report Methodology
| ------------------
------------------------------------------------------------------------------------------------

No report available as report_methodology has not been run prior. Run report_methodology on the current design for the summary of methodology violations.



check_timing report

Table of Contents
-----------------
1. checking no_clock (438)
2. checking constant_clock (0)
3. checking pulse_width_clock (0)
4. checking unconstrained_internal_endpoints (1139)
5. checking no_input_delay (16)
6. checking no_output_delay (20)
7. checking multiple_clock (1)
8. checking generated_clocks (0)
9. checking loops (0)
10. checking partial_input_delay (0)
11. checking partial_output_delay (0)
12. checking latch_loops (0)

1. checking no_clock (438)
--------------------------
 There are 438 register/latch pins with no clock driven by root clock pin: CLK_40MHz_FPGA (HIGH)


2. checking constant_clock (0)
------------------------------
 There are 0 register/latch pins with constant_clock.


3. checking pulse_width_clock (0)
---------------------------------
 There are 0 register/latch pins which need pulse_width check


4. checking unconstrained_internal_endpoints (1139)
---------------------------------------------------
 There are 1139 pins that are not constrained for maximum delay. (HIGH)

 There are 0 pins that are not constrained for maximum delay due to constant clock.


5. checking no_input_delay (16)
-------------------------------
 There are 16 input ports with no input delay specified. (HIGH)

 There are 0 input ports with no input delay but user has a false path constraint.


6. checking no_output_delay (20)
--------------------------------
 There are 19 ports with no output delay specified. (HIGH)

 There are 0 ports with no output delay but user has a false path constraint

 There is 1 port with no output delay but with a timing clock defined on it or propagating through it (LOW)


7. checking multiple_clock (1)
------------------------------
 There is 1 register/latch pin with multiple clocks. (HIGH)


8. checking generated_clocks (0)
--------------------------------
 There are 0 generated clocks that are not connected to a clock source.


9. checking loops (0)
---------------------
 There are 0 combinational loops in the design.


10. checking partial_input_delay (0)
------------------------------------
 There are 0 input ports with partial input delay specified.


11. checking partial_output_delay (0)
-------------------------------------
 There are 0 ports with partial output delay specified.


12. checking latch_loops (0)
----------------------------
 There are 0 combinational latch loops in the design through latch input



------------------------------------------------------------------------------------------------
| Design Timing Summary
| ---------------------
------------------------------------------------------------------------------------------------

    WNS(ns)      TNS(ns)  TNS Failing Endpoints  TNS Total Endpoints      WHS(ns)      THS(ns)  THS Failing Endpoints  THS Total Endpoints     WPWS(ns)     TPWS(ns)  TPWS Failing Endpoints  TPWS Total Endpoints  
    -------      -------  ---------------------  -------------------      -------      -------  ---------------------  -------------------     --------     --------  ----------------------  --------------------  
      0.301        0.000                      0                51680       -0.101       -0.605                      6                51610        0.264        0.000                       0                 24631  


Timing constraints are not met.


------------------------------------------------------------------------------------------------
| Clock Summary
| -------------
------------------------------------------------------------------------------------------------

Clock                                Waveform(ns)         Period(ns)      Frequency(MHz)
-----                                ------------         ----------      --------------
RGMII_rxc                            {0.000 4.000}        8.000           125.000         
clk_fpga_0                           {0.000 5.000}        10.000          100.000         
clk_fpga_1                           {0.000 2.500}        5.000           200.000         
  clk_10                             {0.000 50.000}       100.000         10.000          
    gmii_clk_2_5m_out                {0.000 200.000}      400.000         2.500           
  clkfbout                           {0.000 2.500}        5.000           200.000         
  gmii_clk_125m_out                  {0.000 4.000}        8.000           125.000         
    system_sys_rgmii_0_rgmii_tx_clk  {0.000 4.000}        8.000           125.000         
  gmii_clk_25m_out                   {0.000 20.000}       40.000          25.000          
rx_clk                               {0.000 8.135}        16.270          61.463          
spi0_clk                             {0.000 20.000}       40.000          25.000          
system_sys_rgmii_0_rgmii_rx_clk      {0.000 4.000}        8.000           125.000         


------------------------------------------------------------------------------------------------
| Intra Clock Table
| -----------------
------------------------------------------------------------------------------------------------

Clock                      WNS(ns)      TNS(ns)  TNS Failing Endpoints  TNS Total Endpoints      WHS(ns)      THS(ns)  THS Failing Endpoints  THS Total Endpoints     WPWS(ns)     TPWS(ns)  TPWS Failing Endpoints  TPWS Total Endpoints  
-----                      -------      -------  ---------------------  -------------------      -------      -------  ---------------------  -------------------     --------     --------  ----------------------  --------------------  
RGMII_rxc                    4.936        0.000                      0                   39        0.037        0.000                      0                   39        3.500        0.000                       0                    29  
clk_fpga_0                   5.165        0.000                      0                19721        0.037        0.000                      0                19721        3.870        0.000                       0                  8281  
clk_fpga_1                   2.286        0.000                      0                  424        0.037        0.000                      0                  424        0.264        0.000                       0                   216  
  clk_10                                                                                                                                                                98.530        0.000                       0                     2  
    gmii_clk_2_5m_out                                                                                                                                                  398.408        0.000                       0                     2  
  clkfbout                                                                                                                                                               3.751        0.000                       0                     2  
  gmii_clk_125m_out          5.251        0.000                      0                   53       -0.101       -0.605                      6                   53        3.500        0.000                       0                    48  
  gmii_clk_25m_out                                                                                                                                                      38.408        0.000                       0                     3  
rx_clk                      12.134        0.000                      0                27245        0.037        0.000                      0                27245        7.005        0.000                       0                 16049  


------------------------------------------------------------------------------------------------
| Inter Clock Table
| -----------------
------------------------------------------------------------------------------------------------

From Clock                       To Clock                             WNS(ns)      TNS(ns)  TNS Failing Endpoints  TNS Total Endpoints      WHS(ns)      THS(ns)  THS Failing Endpoints  THS Total Endpoints  
----------                       --------                             -------      -------  ---------------------  -------------------      -------      -------  ---------------------  -------------------  
system_sys_rgmii_0_rgmii_rx_clk  RGMII_rxc                              0.301        0.000                      0                    5        0.561        0.000                      0                    5  
rx_clk                           clk_fpga_0                             7.339        0.000                      0                   60                                                                        
gmii_clk_125m_out                system_sys_rgmii_0_rgmii_tx_clk        0.709        0.000                      0                    5        1.097        0.000                      0                    5  
clk_fpga_0                       rx_clk                                 9.136        0.000                      0                  132                                                                        


------------------------------------------------------------------------------------------------
| Other Path Groups Table
| -----------------------
------------------------------------------------------------------------------------------------

Path Group         From Clock         To Clock               WNS(ns)      TNS(ns)  TNS Failing Endpoints  TNS Total Endpoints      WHS(ns)      THS(ns)  THS Failing Endpoints  THS Total Endpoints  
----------         ----------         --------               -------      -------  ---------------------  -------------------      -------      -------  ---------------------  -------------------  
**async_default**  clk_fpga_0         clk_fpga_0               7.628        0.000                      0                 2350        0.745        0.000                      0                 2350  
**async_default**  rx_clk             rx_clk                  14.079        0.000                      0                 1768        0.305        0.000                      0                 1768  


------------------------------------------------------------------------------------------------
| Timing Details
| --------------
------------------------------------------------------------------------------------------------


---------------------------------------------------------------------------------------------------
From Clock:  RGMII_rxc
  To Clock:  RGMII_rxc

Setup :            0  Failing Endpoints,  Worst Slack        4.936ns,  Total Violation        0.000ns
Hold  :            0  Failing Endpoints,  Worst Slack        0.037ns,  Total Violation        0.000ns
PW    :            0  Failing Endpoints,  Worst Slack        3.500ns,  Total Violation        0.000ns
---------------------------------------------------------------------------------------------------


Max Delay Paths
--------------------------------------------------------------------------------------
Slack (MET) :             4.936ns  (required time - arrival time)
  Source:                 i_system_wrapper/system_i/sys_rgmii/U0/i_gmii_to_rgmii_block/system_sys_rgmii_0_core/i_gmii_to_rgmii/gmii_to_rgmii_core_non_versal.i_gmii_to_rgmii/gen_rgmii_rx_iddr_zq.rgmii_rx_ctl_in/C
                            (rising edge-triggered cell IDDR clocked by RGMII_rxc  {rise@0.000ns fall@4.000ns period=8.000ns})
  Destination:            i_system_wrapper/system_i/sys_rgmii/U0/i_gmii_to_rgmii_block/system_sys_rgmii_0_core/i_gmii_to_rgmii/gmii_to_rgmii_core_non_versal.i_gmii_to_rgmii/clock_speed_reg[0]/CE
                            (rising edge-triggered cell FDRE clocked by RGMII_rxc  {rise@0.000ns fall@4.000ns period=8.000ns})
  Path Group:             RGMII_rxc
  Path Type:              Setup (Max at Slow Process Corner)
  Requirement:            8.000ns  (RGMII_rxc rise@8.000ns - RGMII_rxc rise@0.000ns)
  Data Path Delay:        1.638ns  (logic 0.602ns (36.762%)  route 1.036ns (63.238%))
  Logic Levels:           1  (LUT2=1)
  Clock Path Skew:        -1.226ns (DCD - SCD + CPR)
    Destination Clock Delay (DCD):    1.482ns = ( 9.482 - 8.000 ) 
    Source Clock Delay      (SCD):    2.839ns
    Clock Pessimism Removal (CPR):    0.131ns
  Clock Uncertainty:      0.035ns  ((TSJ^2 + TIJ^2)^1/2 + DJ) / 2 + PE
    Total System Jitter     (TSJ):    0.071ns
    Total Input Jitter      (TIJ):    0.000ns
    Discrete Jitter          (DJ):    0.000ns
    Phase Error              (PE):    0.000ns

    Location             Delay type                Incr(ns)  Path(ns)    Netlist Resource(s)
  -------------------------------------------------------------------    -------------------
                         (clock RGMII_rxc rise edge)
                                                      0.000     0.000 r  
    H16                                               0.000     0.000 r  RGMII_rxc (IN)
                         net (fo=0)                   0.000     0.000    i_system_wrapper/system_i/sys_rgmii/U0/i_gmii_to_rgmii_block/rgmii_rxc
    H16                  IBUF (Prop_ibuf_I_O)         0.868     0.868 r  i_system_wrapper/system_i/sys_rgmii/U0/i_gmii_to_rgmii_block/rgmii_rxc_ibuf_i/O
                         net (fo=2, estimated)        0.374     1.242    i_system_wrapper/system_i/sys_rgmii/U0/i_gmii_to_rgmii_block/system_sys_rgmii_0_core/i_gmii_to_rgmii/gmii_to_rgmii_core_non_versal.i_gmii_to_rgmii/rgmii_rxc
    BUFIO_X1Y9           BUFIO (Prop_bufio_I_O)       1.319     2.561 r  i_system_wrapper/system_i/sys_rgmii/U0/i_gmii_to_rgmii_block/system_sys_rgmii_0_core/i_gmii_to_rgmii/gmii_to_rgmii_core_non_versal.i_gmii_to_rgmii/gen_rgmii_rx_clk_zq.bufio_rgmii_rx_clk/O
                         net (fo=5, estimated)        0.278     2.839    i_system_wrapper/system_i/sys_rgmii/U0/i_gmii_to_rgmii_block/system_sys_rgmii_0_core/i_gmii_to_rgmii/gmii_to_rgmii_core_non_versal.i_gmii_to_rgmii/rgmii_rxc_int
    ILOGIC_X1Y118        IDDR                                         r  i_system_wrapper/system_i/sys_rgmii/U0/i_gmii_to_rgmii_block/system_sys_rgmii_0_core/i_gmii_to_rgmii/gmii_to_rgmii_core_non_versal.i_gmii_to_rgmii/gen_rgmii_rx_iddr_zq.rgmii_rx_ctl_in/C
  -------------------------------------------------------------------    -------------------
    ILOGIC_X1Y118        IDDR (Prop_iddr_C_Q2)        0.448     3.287 f  i_system_wrapper/system_i/sys_rgmii/U0/i_gmii_to_rgmii_block/system_sys_rgmii_0_core/i_gmii_to_rgmii/gmii_to_rgmii_core_non_versal.i_gmii_to_rgmii/gen_rgmii_rx_iddr_zq.rgmii_rx_ctl_in/Q2
                         net (fo=2, unplaced)         0.646     3.932    i_system_wrapper/system_i/sys_rgmii/U0/i_gmii_to_rgmii_block/system_sys_rgmii_0_core/i_gmii_to_rgmii/gmii_to_rgmii_core_non_versal.i_gmii_to_rgmii/rgmii_rx_ctl_reg
                         LUT2 (Prop_lut2_I1_O)        0.154     4.086 r  i_system_wrapper/system_i/sys_rgmii/U0/i_gmii_to_rgmii_block/system_sys_rgmii_0_core/i_gmii_to_rgmii/gmii_to_rgmii_core_non_versal.i_gmii_to_rgmii/link_status_i_1/O
                         net (fo=4, unplaced)         0.390     4.476    i_system_wrapper/system_i/sys_rgmii/U0/i_gmii_to_rgmii_block/system_sys_rgmii_0_core/i_gmii_to_rgmii/gmii_to_rgmii_core_non_versal.i_gmii_to_rgmii/inband_ce
                         FDRE                                         r  i_system_wrapper/system_i/sys_rgmii/U0/i_gmii_to_rgmii_block/system_sys_rgmii_0_core/i_gmii_to_rgmii/gmii_to_rgmii_core_non_versal.i_gmii_to_rgmii/clock_speed_reg[0]/CE
  -------------------------------------------------------------------    -------------------

                         (clock RGMII_rxc rise edge)
                                                      8.000     8.000 r  
    H16                                               0.000     8.000 r  RGMII_rxc (IN)
                         net (fo=0)                   0.000     8.000    i_system_wrapper/system_i/sys_rgmii/U0/i_gmii_to_rgmii_block/rgmii_rxc
    H16                  IBUF (Prop_ibuf_I_O)         0.737     8.737 r  i_system_wrapper/system_i/sys_rgmii/U0/i_gmii_to_rgmii_block/rgmii_rxc_ibuf_i/O
                         net (fo=2, unplaced)         0.229     8.966    i_system_wrapper/system_i/sys_rgmii/U0/i_gmii_to_rgmii_block/system_sys_rgmii_0_core/i_gmii_to_rgmii/gmii_to_rgmii_core_non_versal.i_gmii_to_rgmii/rgmii_rxc
                         BUFG (Prop_bufg_I_O)         0.077     9.043 r  i_system_wrapper/system_i/sys_rgmii/U0/i_gmii_to_rgmii_block/system_sys_rgmii_0_core/i_gmii_to_rgmii/gmii_to_rgmii_core_non_versal.i_gmii_to_rgmii/gen_rgmii_rx_clk_zq.bufg_rgmii_rx_clk/O
                         net (fo=23, unplaced)        0.439     9.482    i_system_wrapper/system_i/sys_rgmii/U0/i_gmii_to_rgmii_block/system_sys_rgmii_0_core/i_gmii_to_rgmii/gmii_to_rgmii_core_non_versal.i_gmii_to_rgmii/gen_rgmii_rx_clk_zq.bufg_rgmii_rx_clk_0
                         FDRE                                         r  i_system_wrapper/system_i/sys_rgmii/U0/i_gmii_to_rgmii_block/system_sys_rgmii_0_core/i_gmii_to_rgmii/gmii_to_rgmii_core_non_versal.i_gmii_to_rgmii/clock_speed_reg[0]/C
                         clock pessimism              0.131     9.613    
                         clock uncertainty           -0.035     9.577    
                         FDRE (Setup_fdre_C_CE)      -0.165     9.412    i_system_wrapper/system_i/sys_rgmii/U0/i_gmii_to_rgmii_block/system_sys_rgmii_0_core/i_gmii_to_rgmii/gmii_to_rgmii_core_non_versal.i_gmii_to_rgmii/clock_speed_reg[0]
  -------------------------------------------------------------------
                         required time                          9.412    
                         arrival time                          -4.476    
  -------------------------------------------------------------------
                         slack                                  4.936    





Min Delay Paths
--------------------------------------------------------------------------------------
Slack (MET) :             0.037ns  (arrival time - required time)
  Source:                 i_system_wrapper/system_i/sys_rgmii/U0/i_gmii_to_rgmii_block/system_sys_rgmii_0_core/i_gmii_to_rgmii/gmii_to_rgmii_core_non_versal.i_gmii_to_rgmii/i_reset_sync_rx_reset/reset_sync1/C
                            (rising edge-triggered cell FDPE clocked by RGMII_rxc  {rise@0.000ns fall@4.000ns period=8.000ns})
  Destination:            i_system_wrapper/system_i/sys_rgmii/U0/i_gmii_to_rgmii_block/system_sys_rgmii_0_core/i_gmii_to_rgmii/gmii_to_rgmii_core_non_versal.i_gmii_to_rgmii/i_reset_sync_rx_reset/reset_sync2/D
                            (rising edge-triggered cell FDPE clocked by RGMII_rxc  {rise@0.000ns fall@4.000ns period=8.000ns})
  Path Group:             RGMII_rxc
  Path Type:              Hold (Min at Fast Process Corner)
  Requirement:            0.000ns  (RGMII_rxc rise@0.000ns - RGMII_rxc rise@0.000ns)
  Data Path Delay:        0.220ns  (logic 0.147ns (66.849%)  route 0.073ns (33.151%))
  Logic Levels:           0  
  Clock Path Skew:        0.145ns (DCD - SCD - CPR)
    Destination Clock Delay (DCD):    0.837ns
    Source Clock Delay      (SCD):    0.355ns
    Clock Pessimism Removal (CPR):    0.337ns

    Location             Delay type                Incr(ns)  Path(ns)    Netlist Resource(s)
  -------------------------------------------------------------------    -------------------
                         (clock RGMII_rxc rise edge)
                                                      0.000     0.000 r  
    H16                                               0.000     0.000 r  RGMII_rxc (IN)
                         net (fo=0)                   0.000     0.000    i_system_wrapper/system_i/sys_rgmii/U0/i_gmii_to_rgmii_block/rgmii_rxc
    H16                  IBUF (Prop_ibuf_I_O)         0.165     0.165 r  i_system_wrapper/system_i/sys_rgmii/U0/i_gmii_to_rgmii_block/rgmii_rxc_ibuf_i/O
                         net (fo=2, unplaced)         0.050     0.215    i_system_wrapper/system_i/sys_rgmii/U0/i_gmii_to_rgmii_block/system_sys_rgmii_0_core/i_gmii_to_rgmii/gmii_to_rgmii_core_non_versal.i_gmii_to_rgmii/rgmii_rxc
                         BUFG (Prop_bufg_I_O)         0.026     0.241 r  i_system_wrapper/system_i/sys_rgmii/U0/i_gmii_to_rgmii_block/system_sys_rgmii_0_core/i_gmii_to_rgmii/gmii_to_rgmii_core_non_versal.i_gmii_to_rgmii/gen_rgmii_rx_clk_zq.bufg_rgmii_rx_clk/O
                         net (fo=23, unplaced)        0.114     0.355    i_system_wrapper/system_i/sys_rgmii/U0/i_gmii_to_rgmii_block/system_sys_rgmii_0_core/i_gmii_to_rgmii/gmii_to_rgmii_core_non_versal.i_gmii_to_rgmii/i_reset_sync_rx_reset/clk
                         FDPE                                         r  i_system_wrapper/system_i/sys_rgmii/U0/i_gmii_to_rgmii_block/system_sys_rgmii_0_core/i_gmii_to_rgmii/gmii_to_rgmii_core_non_versal.i_gmii_to_rgmii/i_reset_sync_rx_reset/reset_sync1/C
  -------------------------------------------------------------------    -------------------
                         FDPE (Prop_fdpe_C_Q)         0.147     0.502 r  i_system_wrapper/system_i/sys_rgmii/U0/i_gmii_to_rgmii_block/system_sys_rgmii_0_core/i_gmii_to_rgmii/gmii_to_rgmii_core_non_versal.i_gmii_to_rgmii/i_reset_sync_rx_reset/reset_sync1/Q
                         net (fo=1, unplaced)         0.073     0.575    i_system_wrapper/system_i/sys_rgmii/U0/i_gmii_to_rgmii_block/system_sys_rgmii_0_core/i_gmii_to_rgmii/gmii_to_rgmii_core_non_versal.i_gmii_to_rgmii/i_reset_sync_rx_reset/reset_sync_reg1
                         FDPE                                         r  i_system_wrapper/system_i/sys_rgmii/U0/i_gmii_to_rgmii_block/system_sys_rgmii_0_core/i_gmii_to_rgmii/gmii_to_rgmii_core_non_versal.i_gmii_to_rgmii/i_reset_sync_rx_reset/reset_sync2/D
  -------------------------------------------------------------------    -------------------

                         (clock RGMII_rxc rise edge)
                                                      0.000     0.000 r  
    H16                                               0.000     0.000 r  RGMII_rxc (IN)
                         net (fo=0)                   0.000     0.000    i_system_wrapper/system_i/sys_rgmii/U0/i_gmii_to_rgmii_block/rgmii_rxc
    H16                  IBUF (Prop_ibuf_I_O)         0.353     0.353 r  i_system_wrapper/system_i/sys_rgmii/U0/i_gmii_to_rgmii_block/rgmii_rxc_ibuf_i/O
                         net (fo=2, unplaced)         0.195     0.549    i_system_wrapper/system_i/sys_rgmii/U0/i_gmii_to_rgmii_block/system_sys_rgmii_0_core/i_gmii_to_rgmii/gmii_to_rgmii_core_non_versal.i_gmii_to_rgmii/rgmii_rxc
                         BUFG (Prop_bufg_I_O)         0.029     0.578 r  i_system_wrapper/system_i/sys_rgmii/U0/i_gmii_to_rgmii_block/system_sys_rgmii_0_core/i_gmii_to_rgmii/gmii_to_rgmii_core_non_versal.i_gmii_to_rgmii/gen_rgmii_rx_clk_zq.bufg_rgmii_rx_clk/O
                         net (fo=23, unplaced)        0.259     0.837    i_system_wrapper/system_i/sys_rgmii/U0/i_gmii_to_rgmii_block/system_sys_rgmii_0_core/i_gmii_to_rgmii/gmii_to_rgmii_core_non_versal.i_gmii_to_rgmii/i_reset_sync_rx_reset/clk
                         FDPE                                         r  i_system_wrapper/system_i/sys_rgmii/U0/i_gmii_to_rgmii_block/system_sys_rgmii_0_core/i_gmii_to_rgmii/gmii_to_rgmii_core_non_versal.i_gmii_to_rgmii/i_reset_sync_rx_reset/reset_sync2/C
                         clock pessimism             -0.337     0.500    
                         FDPE (Hold_fdpe_C_D)         0.038     0.538    i_system_wrapper/system_i/sys_rgmii/U0/i_gmii_to_rgmii_block/system_sys_rgmii_0_core/i_gmii_to_rgmii/gmii_to_rgmii_core_non_versal.i_gmii_to_rgmii/i_reset_sync_rx_reset/reset_sync2
  -------------------------------------------------------------------
                         required time                         -0.538    
                         arrival time                           0.575    
  -------------------------------------------------------------------
                         slack                                  0.037    





Pulse Width Checks
--------------------------------------------------------------------------------------
Clock Name:         RGMII_rxc
Waveform(ns):       { 0.000 4.000 }
Period(ns):         8.000
Sources:            { RGMII_rxc }

Check Type        Corner  Lib Pin  Reference Pin  Required(ns)  Actual(ns)  Slack(ns)  Location  Pin
Min Period        n/a     BUFG/I   n/a            1.592         8.000       6.408                i_system_wrapper/system_i/sys_rgmii/U0/i_gmii_to_rgmii_block/system_sys_rgmii_0_core/i_gmii_to_rgmii/gmii_to_rgmii_core_non_versal.i_gmii_to_rgmii/gen_rgmii_rx_clk_zq.bufg_rgmii_rx_clk/I
Low Pulse Width   Slow    FDRE/C   n/a            0.500         4.000       3.500                i_system_wrapper/system_i/sys_ps7/inst/ENET0_GMII_RXD_i_reg[0]/C
High Pulse Width  Slow    FDRE/C   n/a            0.500         4.000       3.500                i_system_wrapper/system_i/sys_ps7/inst/ENET0_GMII_RXD_i_reg[0]/C



---------------------------------------------------------------------------------------------------
From Clock:  clk_fpga_0
  To Clock:  clk_fpga_0

Setup :            0  Failing Endpoints,  Worst Slack        5.165ns,  Total Violation        0.000ns
Hold  :            0  Failing Endpoints,  Worst Slack        0.037ns,  Total Violation        0.000ns
PW    :            0  Failing Endpoints,  Worst Slack        3.870ns,  Total Violation        0.000ns
---------------------------------------------------------------------------------------------------


Max Delay Paths
--------------------------------------------------------------------------------------
Slack (MET) :             5.165ns  (required time - arrival time)
  Source:                 i_system_wrapper/system_i/axi_ad9361/inst/i_up_axi/up_waddr_int_reg[8]/C
                            (rising edge-triggered cell FDRE clocked by clk_fpga_0  {rise@0.000ns fall@5.000ns period=10.000ns})
  Destination:            i_system_wrapper/system_i/axi_ad9361/inst/i_rx/i_up_adc_common/up_timer_reg[31]/D
                            (rising edge-triggered cell FDRE clocked by clk_fpga_0  {rise@0.000ns fall@5.000ns period=10.000ns})
  Path Group:             clk_fpga_0
  Path Type:              Setup (Max at Slow Process Corner)
  Requirement:            10.000ns  (clk_fpga_0 rise@10.000ns - clk_fpga_0 rise@0.000ns)
  Data Path Delay:        4.608ns  (logic 2.423ns (52.582%)  route 2.185ns (47.418%))
  Logic Levels:           13  (CARRY4=8 LUT3=2 LUT4=1 LUT5=1 LUT6=1)
  Clock Path Skew:        -0.145ns (DCD - SCD + CPR)
    Destination Clock Delay (DCD):    1.191ns = ( 11.191 - 10.000 ) 
    Source Clock Delay      (SCD):    1.376ns
    Clock Pessimism Removal (CPR):    0.040ns
  Clock Uncertainty:      0.154ns  ((TSJ^2 + TIJ^2)^1/2 + DJ) / 2 + PE
    Total System Jitter     (TSJ):    0.071ns
    Total Input Jitter      (TIJ):    0.300ns
    Discrete Jitter          (DJ):    0.000ns
    Phase Error              (PE):    0.000ns

    Location             Delay type                Incr(ns)  Path(ns)    Netlist Resource(s)
  -------------------------------------------------------------------    -------------------
                         (clock clk_fpga_0 rise edge)
                                                      0.000     0.000 r  
                         PS7                          0.000     0.000 r  i_system_wrapper/system_i/sys_ps7/inst/PS7_i/FCLKCLK[0]
                         net (fo=1, unplaced)         0.646     0.646    i_system_wrapper/system_i/sys_ps7/inst/FCLK_CLK_unbuffered[0]
                         BUFG (Prop_bufg_I_O)         0.085     0.731 r  i_system_wrapper/system_i/sys_ps7/inst/buffer_fclk_clk_0.FCLK_CLK_0_BUFG/O
                         net (fo=8283, unplaced)      0.646     1.376    i_system_wrapper/system_i/axi_ad9361/inst/i_up_axi/s_axi_aclk
                         FDRE                                         r  i_system_wrapper/system_i/axi_ad9361/inst/i_up_axi/up_waddr_int_reg[8]/C
  -------------------------------------------------------------------    -------------------
                         FDRE (Prop_fdre_C_Q)         0.397     1.773 f  i_system_wrapper/system_i/axi_ad9361/inst/i_up_axi/up_waddr_int_reg[8]/Q
                         net (fo=7, unplaced)         0.634     2.407    i_system_wrapper/system_i/axi_ad9361/inst/i_up_axi/up_waddr_s[8]
                         LUT4 (Prop_lut4_I1_O)        0.252     2.659 f  i_system_wrapper/system_i/axi_ad9361/inst/i_up_axi/up_wack_int_i_2__1/O
                         net (fo=1, unplaced)         0.347     3.006    i_system_wrapper/system_i/axi_ad9361/inst/i_up_axi/up_wack_int_i_2__1_n_0
                         LUT5 (Prop_lut5_I4_O)        0.105     3.111 r  i_system_wrapper/system_i/axi_ad9361/inst/i_up_axi/up_wack_int_i_1__9/O
                         net (fo=10, unplaced)        0.390     3.501    i_system_wrapper/system_i/axi_ad9361/inst/i_up_axi/up_wreq_s_11
                         LUT3 (Prop_lut3_I0_O)        0.105     3.606 r  i_system_wrapper/system_i/axi_ad9361/inst/i_up_axi/up_adc_config_wr[31]_i_2/O
                         net (fo=4, unplaced)         0.371     3.977    i_system_wrapper/system_i/axi_ad9361/inst/i_up_axi/up_adc_config_wr[31]_i_2_n_0
                         LUT6 (Prop_lut6_I2_O)        0.105     4.082 r  i_system_wrapper/system_i/axi_ad9361/inst/i_up_axi/up_timer[0]_i_3__0/O
                         net (fo=64, unplaced)        0.435     4.517    i_system_wrapper/system_i/axi_ad9361/inst/i_up_axi/up_waddr_int_reg[1]_1
                         LUT3 (Prop_lut3_I1_O)        0.105     4.622 r  i_system_wrapper/system_i/axi_ad9361/inst/i_up_axi/up_timer[0]_i_8__0/O
                         net (fo=1, unplaced)         0.000     4.622    i_system_wrapper/system_i/axi_ad9361/inst/i_up_axi/up_timer[0]_i_8__0_n_0
                         CARRY4 (Prop_carry4_DI[0]_CO[3])
                                                      0.477     5.099 r  i_system_wrapper/system_i/axi_ad9361/inst/i_up_axi/up_timer_reg[0]_i_2__0/CO[3]
                         net (fo=1, unplaced)         0.008     5.107    i_system_wrapper/system_i/axi_ad9361/inst/i_up_axi/up_timer_reg[0]_i_2__0_n_0
                         CARRY4 (Prop_carry4_CI_CO[3])
                                                      0.100     5.207 r  i_system_wrapper/system_i/axi_ad9361/inst/i_up_axi/up_timer_reg[4]_i_1__0/CO[3]
                         net (fo=1, unplaced)         0.000     5.207    i_system_wrapper/system_i/axi_ad9361/inst/i_up_axi/up_timer_reg[4]_i_1__0_n_0
                         CARRY4 (Prop_carry4_CI_CO[3])
                                                      0.100     5.307 r  i_system_wrapper/system_i/axi_ad9361/inst/i_up_axi/up_timer_reg[8]_i_1__0/CO[3]
                         net (fo=1, unplaced)         0.000     5.307    i_system_wrapper/system_i/axi_ad9361/inst/i_up_axi/up_timer_reg[8]_i_1__0_n_0
                         CARRY4 (Prop_carry4_CI_CO[3])
                                                      0.100     5.407 r  i_system_wrapper/system_i/axi_ad9361/inst/i_up_axi/up_timer_reg[12]_i_1__0/CO[3]
                         net (fo=1, unplaced)         0.000     5.407    i_system_wrapper/system_i/axi_ad9361/inst/i_up_axi/up_timer_reg[12]_i_1__0_n_0
                         CARRY4 (Prop_carry4_CI_CO[3])
                                                      0.100     5.507 r  i_system_wrapper/system_i/axi_ad9361/inst/i_up_axi/up_timer_reg[16]_i_1__0/CO[3]
                         net (fo=1, unplaced)         0.000     5.507    i_system_wrapper/system_i/axi_ad9361/inst/i_up_axi/up_timer_reg[16]_i_1__0_n_0
                         CARRY4 (Prop_carry4_CI_CO[3])
                                                      0.100     5.607 r  i_system_wrapper/system_i/axi_ad9361/inst/i_up_axi/up_timer_reg[20]_i_1__0/CO[3]
                         net (fo=1, unplaced)         0.000     5.607    i_system_wrapper/system_i/axi_ad9361/inst/i_up_axi/up_timer_reg[20]_i_1__0_n_0
                         CARRY4 (Prop_carry4_CI_CO[3])
                                                      0.100     5.707 r  i_system_wrapper/system_i/axi_ad9361/inst/i_up_axi/up_timer_reg[24]_i_1__0/CO[3]
                         net (fo=1, unplaced)         0.000     5.707    i_system_wrapper/system_i/axi_ad9361/inst/i_up_axi/up_timer_reg[24]_i_1__0_n_0
                         CARRY4 (Prop_carry4_CI_O[3])
                                                      0.277     5.984 r  i_system_wrapper/system_i/axi_ad9361/inst/i_up_axi/up_timer_reg[28]_i_1__0/O[3]
                         net (fo=1, unplaced)         0.000     5.984    i_system_wrapper/system_i/axi_ad9361/inst/i_rx/i_up_adc_common/up_timer_reg[31]_0[3]
                         FDRE                                         r  i_system_wrapper/system_i/axi_ad9361/inst/i_rx/i_up_adc_common/up_timer_reg[31]/D
  -------------------------------------------------------------------    -------------------

                         (clock clk_fpga_0 rise edge)
                                                     10.000    10.000 r  
                         PS7                          0.000    10.000 r  i_system_wrapper/system_i/sys_ps7/inst/PS7_i/FCLKCLK[0]
                         net (fo=1, unplaced)         0.613    10.613    i_system_wrapper/system_i/sys_ps7/inst/FCLK_CLK_unbuffered[0]
                         BUFG (Prop_bufg_I_O)         0.077    10.690 r  i_system_wrapper/system_i/sys_ps7/inst/buffer_fclk_clk_0.FCLK_CLK_0_BUFG/O
                         net (fo=8283, unplaced)      0.501    11.191    i_system_wrapper/system_i/axi_ad9361/inst/i_rx/i_up_adc_common/s_axi_aclk
                         FDRE                                         r  i_system_wrapper/system_i/axi_ad9361/inst/i_rx/i_up_adc_common/up_timer_reg[31]/C
                         clock pessimism              0.040    11.231    
                         clock uncertainty           -0.154    11.077    
                         FDRE (Setup_fdre_C_D)        0.072    11.149    i_system_wrapper/system_i/axi_ad9361/inst/i_rx/i_up_adc_common/up_timer_reg[31]
  -------------------------------------------------------------------
                         required time                         11.149    
                         arrival time                          -5.984    
  -------------------------------------------------------------------
                         slack                                  5.165    





Min Delay Paths
--------------------------------------------------------------------------------------
Slack (MET) :             0.037ns  (arrival time - required time)
  Source:                 i_system_wrapper/system_i/axi_ad9361/inst/i_rx/i_rx_channel_0/i_up_adc_channel/i_xfer_cntrl/up_xfer_state_m1_reg/C
                            (rising edge-triggered cell FDRE clocked by clk_fpga_0  {rise@0.000ns fall@5.000ns period=10.000ns})
  Destination:            i_system_wrapper/system_i/axi_ad9361/inst/i_rx/i_rx_channel_0/i_up_adc_channel/i_xfer_cntrl/up_xfer_state_m2_reg/D
                            (rising edge-triggered cell FDRE clocked by clk_fpga_0  {rise@0.000ns fall@5.000ns period=10.000ns})
  Path Group:             clk_fpga_0
  Path Type:              Hold (Min at Fast Process Corner)
  Requirement:            0.000ns  (clk_fpga_0 rise@0.000ns - clk_fpga_0 rise@0.000ns)
  Data Path Delay:        0.220ns  (logic 0.147ns (66.849%)  route 0.073ns (33.151%))
  Logic Levels:           0  
  Clock Path Skew:        0.145ns (DCD - SCD - CPR)
    Destination Clock Delay (DCD):    0.703ns
    Source Clock Delay      (SCD):    0.538ns
    Clock Pessimism Removal (CPR):    0.020ns

    Location             Delay type                Incr(ns)  Path(ns)    Netlist Resource(s)
  -------------------------------------------------------------------    -------------------
                         (clock clk_fpga_0 rise edge)
                                                      0.000     0.000 r  
                         PS7                          0.000     0.000 r  i_system_wrapper/system_i/sys_ps7/inst/PS7_i/FCLKCLK[0]
                         net (fo=1, unplaced)         0.320     0.320    i_system_wrapper/system_i/sys_ps7/inst/FCLK_CLK_unbuffered[0]
                         BUFG (Prop_bufg_I_O)         0.026     0.346 r  i_system_wrapper/system_i/sys_ps7/inst/buffer_fclk_clk_0.FCLK_CLK_0_BUFG/O
                         net (fo=8283, unplaced)      0.192     0.538    i_system_wrapper/system_i/axi_ad9361/inst/i_rx/i_rx_channel_0/i_up_adc_channel/i_xfer_cntrl/s_axi_aclk
                         FDRE                                         r  i_system_wrapper/system_i/axi_ad9361/inst/i_rx/i_rx_channel_0/i_up_adc_channel/i_xfer_cntrl/up_xfer_state_m1_reg/C
  -------------------------------------------------------------------    -------------------
                         FDRE (Prop_fdre_C_Q)         0.147     0.685 r  i_system_wrapper/system_i/axi_ad9361/inst/i_rx/i_rx_channel_0/i_up_adc_channel/i_xfer_cntrl/up_xfer_state_m1_reg/Q
                         net (fo=1, unplaced)         0.073     0.758    i_system_wrapper/system_i/axi_ad9361/inst/i_rx/i_rx_channel_0/i_up_adc_channel/i_xfer_cntrl/up_xfer_state_m1
                         FDRE                                         r  i_system_wrapper/system_i/axi_ad9361/inst/i_rx/i_rx_channel_0/i_up_adc_channel/i_xfer_cntrl/up_xfer_state_m2_reg/D
  -------------------------------------------------------------------    -------------------

                         (clock clk_fpga_0 rise edge)
                                                      0.000     0.000 r  
                         PS7                          0.000     0.000 r  i_system_wrapper/system_i/sys_ps7/inst/PS7_i/FCLKCLK[0]
                         net (fo=1, unplaced)         0.337     0.337    i_system_wrapper/system_i/sys_ps7/inst/FCLK_CLK_unbuffered[0]
                         BUFG (Prop_bufg_I_O)         0.029     0.366 r  i_system_wrapper/system_i/sys_ps7/inst/buffer_fclk_clk_0.FCLK_CLK_0_BUFG/O
                         net (fo=8283, unplaced)      0.337     0.703    i_system_wrapper/system_i/axi_ad9361/inst/i_rx/i_rx_channel_0/i_up_adc_channel/i_xfer_cntrl/s_axi_aclk
                         FDRE                                         r  i_system_wrapper/system_i/axi_ad9361/inst/i_rx/i_rx_channel_0/i_up_adc_channel/i_xfer_cntrl/up_xfer_state_m2_reg/C
                         clock pessimism             -0.020     0.683    
                         FDRE (Hold_fdre_C_D)         0.038     0.721    i_system_wrapper/system_i/axi_ad9361/inst/i_rx/i_rx_channel_0/i_up_adc_channel/i_xfer_cntrl/up_xfer_state_m2_reg
  -------------------------------------------------------------------
                         required time                         -0.721    
                         arrival time                           0.758    
  -------------------------------------------------------------------
                         slack                                  0.037    





Pulse Width Checks
--------------------------------------------------------------------------------------
Clock Name:         clk_fpga_0
Waveform(ns):       { 0.000 5.000 }
Period(ns):         10.000
Sources:            { i_system_wrapper/system_i/sys_ps7/inst/PS7_i/FCLKCLK[0] }

Check Type        Corner  Lib Pin     Reference Pin  Required(ns)  Actual(ns)  Slack(ns)  Location      Pin
Min Period        n/a     IDELAYE2/C  n/a            2.360         10.000      7.640      IDELAY_X1Y65  i_system_wrapper/system_i/axi_ad9361/inst/i_dev_if/g_rx_data[0].i_rx_data/i_rx_data_idelay/C
Low Pulse Width   Slow    RAMD32/CLK  n/a            1.130         5.000       3.870                    i_system_wrapper/system_i/axi_ad9361_adc_dma/inst/i_regmap/i_regmap_request/i_transfer_lenghts_fifo/fifo.sync_clocks.ram_reg_0_3_0_5/RAMA/CLK
High Pulse Width  Slow    RAMD32/CLK  n/a            1.130         5.000       3.870                    i_system_wrapper/system_i/axi_ad9361_adc_dma/inst/i_regmap/i_regmap_request/i_transfer_lenghts_fifo/fifo.sync_clocks.ram_reg_0_3_0_5/RAMA/CLK



---------------------------------------------------------------------------------------------------
From Clock:  clk_fpga_1
  To Clock:  clk_fpga_1

Setup :            0  Failing Endpoints,  Worst Slack        2.286ns,  Total Violation        0.000ns
Hold  :            0  Failing Endpoints,  Worst Slack        0.037ns,  Total Violation        0.000ns
PW    :            0  Failing Endpoints,  Worst Slack        0.264ns,  Total Violation        0.000ns
---------------------------------------------------------------------------------------------------


Max Delay Paths
--------------------------------------------------------------------------------------
Slack (MET) :             2.286ns  (required time - arrival time)
  Source:                 i_system_wrapper/system_i/sys_rgmii/U0/i_gmii_to_rgmii_block/system_sys_rgmii_0_core/i_gmii_to_rgmii/i_MANAGEMENT/MDIO_INTERFACE_1/ADDR_WR_reg[0]/C
                            (rising edge-triggered cell FDRE clocked by clk_fpga_1  {rise@0.000ns fall@2.500ns period=5.000ns})
  Destination:            i_system_wrapper/system_i/sys_rgmii/U0/i_gmii_to_rgmii_block/system_sys_rgmii_0_core/i_gmii_to_rgmii/i_MANAGEMENT/EXT_PHY_SPEED_REG_reg[0]/CE
                            (rising edge-triggered cell FDRE clocked by clk_fpga_1  {rise@0.000ns fall@2.500ns period=5.000ns})
  Path Group:             clk_fpga_1
  Path Type:              Setup (Max at Slow Process Corner)
  Requirement:            5.000ns  (clk_fpga_1 rise@5.000ns - clk_fpga_1 rise@0.000ns)
  Data Path Delay:        2.321ns  (logic 0.734ns (31.624%)  route 1.587ns (68.376%))
  Logic Levels:           2  (LUT6=2)
  Clock Path Skew:        -0.145ns (DCD - SCD + CPR)
    Destination Clock Delay (DCD):    1.645ns = ( 6.645 - 5.000 ) 
    Source Clock Delay      (SCD):    1.984ns
    Clock Pessimism Removal (CPR):    0.193ns
  Clock Uncertainty:      0.083ns  ((TSJ^2 + TIJ^2)^1/2 + DJ) / 2 + PE
    Total System Jitter     (TSJ):    0.071ns
    Total Input Jitter      (TIJ):    0.150ns
    Discrete Jitter          (DJ):    0.000ns
    Phase Error              (PE):    0.000ns

    Location             Delay type                Incr(ns)  Path(ns)    Netlist Resource(s)
  -------------------------------------------------------------------    -------------------
                         (clock clk_fpga_1 rise edge)
                                                      0.000     0.000 r  
                         PS7                          0.000     0.000 r  i_system_wrapper/system_i/sys_ps7/inst/PS7_i/FCLKCLK[1]
                         net (fo=1, unplaced)         0.646     0.646    i_system_wrapper/system_i/sys_ps7/inst/FCLK_CLK_unbuffered[1]
                         BUFG (Prop_bufg_I_O)         0.085     0.731 r  i_system_wrapper/system_i/sys_ps7/inst/buffer_fclk_clk_1.FCLK_CLK_1_BUFG/O
                         net (fo=7, unplaced)         0.584     1.315    i_system_wrapper/system_i/sys_rgmii/U0/i_system_sys_rgmii_0_clocking/clkin
                         BUFG (Prop_bufg_I_O)         0.085     1.400 r  i_system_wrapper/system_i/sys_rgmii/U0/i_system_sys_rgmii_0_clocking/i_bufg_clk_in/O
                         net (fo=208, unplaced)       0.584     1.984    i_system_wrapper/system_i/sys_rgmii/U0/i_gmii_to_rgmii_block/system_sys_rgmii_0_core/i_gmii_to_rgmii/i_MANAGEMENT/MDIO_INTERFACE_1/CLK
                         FDRE                                         r  i_system_wrapper/system_i/sys_rgmii/U0/i_gmii_to_rgmii_block/system_sys_rgmii_0_core/i_gmii_to_rgmii/i_MANAGEMENT/MDIO_INTERFACE_1/ADDR_WR_reg[0]/C
  -------------------------------------------------------------------    -------------------
                         FDRE (Prop_fdre_C_Q)         0.397     2.381 r  i_system_wrapper/system_i/sys_rgmii/U0/i_gmii_to_rgmii_block/system_sys_rgmii_0_core/i_gmii_to_rgmii/i_MANAGEMENT/MDIO_INTERFACE_1/ADDR_WR_reg[0]/Q
                         net (fo=9, unplaced)         0.820     3.201    i_system_wrapper/system_i/sys_rgmii/U0/i_gmii_to_rgmii_block/system_sys_rgmii_0_core/i_gmii_to_rgmii/i_MANAGEMENT/ADDR_WR_PHY[0]
                         LUT6 (Prop_lut6_I0_O)        0.232     3.433 r  i_system_wrapper/system_i/sys_rgmii/U0/i_gmii_to_rgmii_block/system_sys_rgmii_0_core/i_gmii_to_rgmii/i_MANAGEMENT/EXT_PHY_SPEED_REG[15]_i_2/O
                         net (fo=1, unplaced)         0.347     3.780    i_system_wrapper/system_i/sys_rgmii/U0/i_gmii_to_rgmii_block/system_sys_rgmii_0_core/i_gmii_to_rgmii/i_MANAGEMENT/EXT_PHY_SPEED_REG[15]_i_2_n_0
                         LUT6 (Prop_lut6_I3_O)        0.105     3.885 r  i_system_wrapper/system_i/sys_rgmii/U0/i_gmii_to_rgmii_block/system_sys_rgmii_0_core/i_gmii_to_rgmii/i_MANAGEMENT/EXT_PHY_SPEED_REG[15]_i_1/O
                         net (fo=16, unplaced)        0.420     4.305    i_system_wrapper/system_i/sys_rgmii/U0/i_gmii_to_rgmii_block/system_sys_rgmii_0_core/i_gmii_to_rgmii/i_MANAGEMENT/EXT_PHY_SPEED_REG
                         FDRE                                         r  i_system_wrapper/system_i/sys_rgmii/U0/i_gmii_to_rgmii_block/system_sys_rgmii_0_core/i_gmii_to_rgmii/i_MANAGEMENT/EXT_PHY_SPEED_REG_reg[0]/CE
  -------------------------------------------------------------------    -------------------

                         (clock clk_fpga_1 rise edge)
                                                      5.000     5.000 r  
                         PS7                          0.000     5.000 r  i_system_wrapper/system_i/sys_ps7/inst/PS7_i/FCLKCLK[1]
                         net (fo=1, unplaced)         0.613     5.613    i_system_wrapper/system_i/sys_ps7/inst/FCLK_CLK_unbuffered[1]
                         BUFG (Prop_bufg_I_O)         0.077     5.690 r  i_system_wrapper/system_i/sys_ps7/inst/buffer_fclk_clk_1.FCLK_CLK_1_BUFG/O
                         net (fo=7, unplaced)         0.439     6.129    i_system_wrapper/system_i/sys_rgmii/U0/i_system_sys_rgmii_0_clocking/clkin
                         BUFG (Prop_bufg_I_O)         0.077     6.206 r  i_system_wrapper/system_i/sys_rgmii/U0/i_system_sys_rgmii_0_clocking/i_bufg_clk_in/O
                         net (fo=208, unplaced)       0.439     6.645    i_system_wrapper/system_i/sys_rgmii/U0/i_gmii_to_rgmii_block/system_sys_rgmii_0_core/i_gmii_to_rgmii/i_MANAGEMENT/CLK
                         FDRE                                         r  i_system_wrapper/system_i/sys_rgmii/U0/i_gmii_to_rgmii_block/system_sys_rgmii_0_core/i_gmii_to_rgmii/i_MANAGEMENT/EXT_PHY_SPEED_REG_reg[0]/C
                         clock pessimism              0.193     6.839    
                         clock uncertainty           -0.083     6.756    
                         FDRE (Setup_fdre_C_CE)      -0.165     6.591    i_system_wrapper/system_i/sys_rgmii/U0/i_gmii_to_rgmii_block/system_sys_rgmii_0_core/i_gmii_to_rgmii/i_MANAGEMENT/EXT_PHY_SPEED_REG_reg[0]
  -------------------------------------------------------------------
                         required time                          6.591    
                         arrival time                          -4.305    
  -------------------------------------------------------------------
                         slack                                  2.286    





Min Delay Paths
--------------------------------------------------------------------------------------
Slack (MET) :             0.037ns  (arrival time - required time)
  Source:                 i_system_wrapper/system_i/sys_rgmii/U0/i_gmii_to_rgmii_block/system_sys_rgmii_0_core/i_gmii_to_rgmii/i_reset_sync_mgmt_reset/reset_sync1/C
                            (rising edge-triggered cell FDPE clocked by clk_fpga_1  {rise@0.000ns fall@2.500ns period=5.000ns})
  Destination:            i_system_wrapper/system_i/sys_rgmii/U0/i_gmii_to_rgmii_block/system_sys_rgmii_0_core/i_gmii_to_rgmii/i_reset_sync_mgmt_reset/reset_sync2/D
                            (rising edge-triggered cell FDPE clocked by clk_fpga_1  {rise@0.000ns fall@2.500ns period=5.000ns})
  Path Group:             clk_fpga_1
  Path Type:              Hold (Min at Fast Process Corner)
  Requirement:            0.000ns  (clk_fpga_1 rise@0.000ns - clk_fpga_1 rise@0.000ns)
  Data Path Delay:        0.220ns  (logic 0.147ns (66.849%)  route 0.073ns (33.151%))
  Logic Levels:           0  
  Clock Path Skew:        0.145ns (DCD - SCD - CPR)
    Destination Clock Delay (DCD):    0.913ns
    Source Clock Delay      (SCD):    0.600ns
    Clock Pessimism Removal (CPR):    0.168ns

    Location             Delay type                Incr(ns)  Path(ns)    Netlist Resource(s)
  -------------------------------------------------------------------    -------------------
                         (clock clk_fpga_1 rise edge)
                                                      0.000     0.000 r  
                         PS7                          0.000     0.000 r  i_system_wrapper/system_i/sys_ps7/inst/PS7_i/FCLKCLK[1]
                         net (fo=1, unplaced)         0.320     0.320    i_system_wrapper/system_i/sys_ps7/inst/FCLK_CLK_unbuffered[1]
                         BUFG (Prop_bufg_I_O)         0.026     0.346 r  i_system_wrapper/system_i/sys_ps7/inst/buffer_fclk_clk_1.FCLK_CLK_1_BUFG/O
                         net (fo=7, unplaced)         0.114     0.460    i_system_wrapper/system_i/sys_rgmii/U0/i_system_sys_rgmii_0_clocking/clkin
                         BUFG (Prop_bufg_I_O)         0.026     0.486 r  i_system_wrapper/system_i/sys_rgmii/U0/i_system_sys_rgmii_0_clocking/i_bufg_clk_in/O
                         net (fo=208, unplaced)       0.114     0.600    i_system_wrapper/system_i/sys_rgmii/U0/i_gmii_to_rgmii_block/system_sys_rgmii_0_core/i_gmii_to_rgmii/i_reset_sync_mgmt_reset/clk
                         FDPE                                         r  i_system_wrapper/system_i/sys_rgmii/U0/i_gmii_to_rgmii_block/system_sys_rgmii_0_core/i_gmii_to_rgmii/i_reset_sync_mgmt_reset/reset_sync1/C
  -------------------------------------------------------------------    -------------------
                         FDPE (Prop_fdpe_C_Q)         0.147     0.747 r  i_system_wrapper/system_i/sys_rgmii/U0/i_gmii_to_rgmii_block/system_sys_rgmii_0_core/i_gmii_to_rgmii/i_reset_sync_mgmt_reset/reset_sync1/Q
                         net (fo=1, unplaced)         0.073     0.820    i_system_wrapper/system_i/sys_rgmii/U0/i_gmii_to_rgmii_block/system_sys_rgmii_0_core/i_gmii_to_rgmii/i_reset_sync_mgmt_reset/reset_sync_reg1
                         FDPE                                         r  i_system_wrapper/system_i/sys_rgmii/U0/i_gmii_to_rgmii_block/system_sys_rgmii_0_core/i_gmii_to_rgmii/i_reset_sync_mgmt_reset/reset_sync2/D
  -------------------------------------------------------------------    -------------------

                         (clock clk_fpga_1 rise edge)
                                                      0.000     0.000 r  
                         PS7                          0.000     0.000 r  i_system_wrapper/system_i/sys_ps7/inst/PS7_i/FCLKCLK[1]
                         net (fo=1, unplaced)         0.337     0.337    i_system_wrapper/system_i/sys_ps7/inst/FCLK_CLK_unbuffered[1]
                         BUFG (Prop_bufg_I_O)         0.029     0.366 r  i_system_wrapper/system_i/sys_ps7/inst/buffer_fclk_clk_1.FCLK_CLK_1_BUFG/O
                         net (fo=7, unplaced)         0.259     0.625    i_system_wrapper/system_i/sys_rgmii/U0/i_system_sys_rgmii_0_clocking/clkin
                         BUFG (Prop_bufg_I_O)         0.029     0.654 r  i_system_wrapper/system_i/sys_rgmii/U0/i_system_sys_rgmii_0_clocking/i_bufg_clk_in/O
                         net (fo=208, unplaced)       0.259     0.913    i_system_wrapper/system_i/sys_rgmii/U0/i_gmii_to_rgmii_block/system_sys_rgmii_0_core/i_gmii_to_rgmii/i_reset_sync_mgmt_reset/clk
                         FDPE                                         r  i_system_wrapper/system_i/sys_rgmii/U0/i_gmii_to_rgmii_block/system_sys_rgmii_0_core/i_gmii_to_rgmii/i_reset_sync_mgmt_reset/reset_sync2/C
                         clock pessimism             -0.168     0.745    
                         FDPE (Hold_fdpe_C_D)         0.038     0.783    i_system_wrapper/system_i/sys_rgmii/U0/i_gmii_to_rgmii_block/system_sys_rgmii_0_core/i_gmii_to_rgmii/i_reset_sync_mgmt_reset/reset_sync2
  -------------------------------------------------------------------
                         required time                         -0.783    
                         arrival time                           0.820    
  -------------------------------------------------------------------
                         slack                                  0.037    





Pulse Width Checks
--------------------------------------------------------------------------------------
Clock Name:         clk_fpga_1
Waveform(ns):       { 0.000 2.500 }
Period(ns):         5.000
Sources:            { i_system_wrapper/system_i/sys_ps7/inst/PS7_i/FCLKCLK[1] }

Check Type        Corner  Lib Pin            Reference Pin  Required(ns)  Actual(ns)  Slack(ns)  Location  Pin
Min Period        n/a     IDELAYCTRL/REFCLK  n/a            2.438         5.000       2.562                i_system_wrapper/system_i/axi_ad9361/inst/i_dev_if/i_rx_frame/i_delay_ctrl/REFCLK
Max Period        n/a     IDELAYCTRL/REFCLK  n/a            5.264         5.000       0.264                i_system_wrapper/system_i/axi_ad9361/inst/i_dev_if/i_rx_frame/i_delay_ctrl/REFCLK
Low Pulse Width   Slow    MMCME2_ADV/CLKIN1  n/a            1.400         2.500       1.100                i_system_wrapper/system_i/sys_rgmii/U0/i_system_sys_rgmii_0_clocking/mmcm_adv_inst/CLKIN1
High Pulse Width  Slow    MMCME2_ADV/CLKIN1  n/a            1.400         2.500       1.100                i_system_wrapper/system_i/sys_rgmii/U0/i_system_sys_rgmii_0_clocking/mmcm_adv_inst/CLKIN1



---------------------------------------------------------------------------------------------------
From Clock:  clk_10
  To Clock:  clk_10

Setup :           NA  Failing Endpoints,  Worst Slack           NA  ,  Total Violation           NA
Hold  :           NA  Failing Endpoints,  Worst Slack           NA  ,  Total Violation           NA
PW    :            0  Failing Endpoints,  Worst Slack       98.530ns,  Total Violation        0.000ns
---------------------------------------------------------------------------------------------------


Pulse Width Checks
--------------------------------------------------------------------------------------
Clock Name:         clk_10
Waveform(ns):       { 0.000 50.000 }
Period(ns):         100.000
Sources:            { i_system_wrapper/system_i/sys_rgmii/U0/i_system_sys_rgmii_0_clocking/mmcm_adv_inst/CLKOUT2 }

Check Type  Corner  Lib Pin             Reference Pin  Required(ns)  Actual(ns)  Slack(ns)  Location  Pin
Min Period  n/a     BUFR/I              n/a            1.470         100.000     98.530               i_system_wrapper/system_i/sys_rgmii/U0/i_system_sys_rgmii_0_clocking/clk10_div_buf/I
Max Period  n/a     MMCME2_ADV/CLKOUT2  n/a            213.360       100.000     113.360              i_system_wrapper/system_i/sys_rgmii/U0/i_system_sys_rgmii_0_clocking/mmcm_adv_inst/CLKOUT2



---------------------------------------------------------------------------------------------------
From Clock:  gmii_clk_2_5m_out
  To Clock:  gmii_clk_2_5m_out

Setup :           NA  Failing Endpoints,  Worst Slack           NA  ,  Total Violation           NA
Hold  :           NA  Failing Endpoints,  Worst Slack           NA  ,  Total Violation           NA
PW    :            0  Failing Endpoints,  Worst Slack      398.408ns,  Total Violation        0.000ns
---------------------------------------------------------------------------------------------------


Pulse Width Checks
--------------------------------------------------------------------------------------
Clock Name:         gmii_clk_2_5m_out
Waveform(ns):       { 0.000 200.000 }
Period(ns):         400.000
Sources:            { i_system_wrapper/system_i/sys_rgmii/U0/i_system_sys_rgmii_0_clocking/clk10_div_buf/O }

Check Type  Corner  Lib Pin      Reference Pin  Required(ns)  Actual(ns)  Slack(ns)  Location  Pin
Min Period  n/a     BUFGCTRL/I0  n/a            1.592         400.000     398.408              i_system_wrapper/system_i/sys_rgmii/U0/i_gmii_to_rgmii_block/i_bufgmux_gmii_clk/I0



---------------------------------------------------------------------------------------------------
From Clock:  clkfbout
  To Clock:  clkfbout

Setup :           NA  Failing Endpoints,  Worst Slack           NA  ,  Total Violation           NA
Hold  :           NA  Failing Endpoints,  Worst Slack           NA  ,  Total Violation           NA
PW    :            0  Failing Endpoints,  Worst Slack        3.751ns,  Total Violation        0.000ns
---------------------------------------------------------------------------------------------------


Pulse Width Checks
--------------------------------------------------------------------------------------
Clock Name:         clkfbout
Waveform(ns):       { 0.000 2.500 }
Period(ns):         5.000
Sources:            { i_system_wrapper/system_i/sys_rgmii/U0/i_system_sys_rgmii_0_clocking/mmcm_adv_inst/CLKFBOUT }

Check Type  Corner  Lib Pin              Reference Pin  Required(ns)  Actual(ns)  Slack(ns)  Location  Pin
Min Period  n/a     MMCME2_ADV/CLKFBOUT  n/a            1.249         5.000       3.751                i_system_wrapper/system_i/sys_rgmii/U0/i_system_sys_rgmii_0_clocking/mmcm_adv_inst/CLKFBOUT
Max Period  n/a     MMCME2_ADV/CLKFBIN   n/a            100.000       5.000       95.000               i_system_wrapper/system_i/sys_rgmii/U0/i_system_sys_rgmii_0_clocking/mmcm_adv_inst/CLKFBIN



---------------------------------------------------------------------------------------------------
From Clock:  gmii_clk_125m_out
  To Clock:  gmii_clk_125m_out

Setup :            0  Failing Endpoints,  Worst Slack        5.251ns,  Total Violation        0.000ns
Hold  :            6  Failing Endpoints,  Worst Slack       -0.101ns,  Total Violation       -0.605ns
PW    :            0  Failing Endpoints,  Worst Slack        3.500ns,  Total Violation        0.000ns
---------------------------------------------------------------------------------------------------


Max Delay Paths
--------------------------------------------------------------------------------------
Slack (MET) :             5.251ns  (required time - arrival time)
  Source:                 i_system_wrapper/system_i/sys_ps7/inst/PS7_i/EMIOENET0GMIITXCLK
                            (rising edge-triggered cell PS7 clocked by gmii_clk_125m_out  {rise@0.000ns fall@4.000ns period=8.000ns})
  Destination:            i_system_wrapper/system_i/sys_ps7/inst/ENET0_GMII_TXD_reg[0]/D
                            (rising edge-triggered cell FDRE clocked by gmii_clk_125m_out  {rise@0.000ns fall@4.000ns period=8.000ns})
  Path Group:             gmii_clk_125m_out
  Path Type:              Setup (Max at Slow Process Corner)
  Requirement:            8.000ns  (gmii_clk_125m_out rise@8.000ns - gmii_clk_125m_out rise@0.000ns)
  Data Path Delay:        2.520ns  (logic 1.874ns (74.378%)  route 0.646ns (25.622%))
  Logic Levels:           0  
  Clock Path Skew:        -0.145ns (DCD - SCD + CPR)
    Destination Clock Delay (DCD):    2.735ns = ( 10.735 - 8.000 ) 
    Source Clock Delay      (SCD):    3.375ns
    Clock Pessimism Removal (CPR):    0.495ns
  Clock Uncertainty:      0.066ns  ((TSJ^2 + DJ^2)^1/2) / 2 + PE
    Total System Jitter     (TSJ):    0.071ns
    Discrete Jitter          (DJ):    0.111ns
    Phase Error              (PE):    0.000ns

    Location             Delay type                Incr(ns)  Path(ns)    Netlist Resource(s)
  -------------------------------------------------------------------    -------------------
                         (clock gmii_clk_125m_out rise edge)
                                                      0.000     0.000 r  
                         PS7                          0.000     0.000 r  i_system_wrapper/system_i/sys_ps7/inst/PS7_i/FCLKCLK[1]
                         net (fo=1, unplaced)         0.646     0.646    i_system_wrapper/system_i/sys_ps7/inst/FCLK_CLK_unbuffered[1]
                         BUFG (Prop_bufg_I_O)         0.085     0.731 r  i_system_wrapper/system_i/sys_ps7/inst/buffer_fclk_clk_1.FCLK_CLK_1_BUFG/O
                         net (fo=7, unplaced)         0.584     1.315    i_system_wrapper/system_i/sys_rgmii/U0/i_system_sys_rgmii_0_clocking/clkin
                         BUFG (Prop_bufg_I_O)         0.085     1.400 r  i_system_wrapper/system_i/sys_rgmii/U0/i_system_sys_rgmii_0_clocking/i_bufg_clk_in/O
                         net (fo=208, unplaced)       0.584     1.984    i_system_wrapper/system_i/sys_rgmii/U0/i_system_sys_rgmii_0_clocking/clkin_out
                         MMCME2_ADV (Prop_mmcme2_adv_CLKIN1_CLKOUT0)
                                                      0.077     2.061 r  i_system_wrapper/system_i/sys_rgmii/U0/i_system_sys_rgmii_0_clocking/mmcm_adv_inst/CLKOUT0
                         net (fo=1, unplaced)         0.584     2.645    i_system_wrapper/system_i/sys_rgmii/U0/i_gmii_to_rgmii_block/gmii_clk_125m_out
                         BUFGCTRL (Prop_bufgctrl_I1_O)
                                                      0.085     2.730 r  i_system_wrapper/system_i/sys_rgmii/U0/i_gmii_to_rgmii_block/i_bufgmux_gmii_clk/O
                         net (fo=47, unplaced)        0.646     3.375    i_system_wrapper/system_i/sys_ps7/inst/ENET0_GMII_TX_CLK
                         PS7                                          r  i_system_wrapper/system_i/sys_ps7/inst/PS7_i/EMIOENET0GMIITXCLK
  -------------------------------------------------------------------    -------------------
                         PS7 (Prop_ps7_EMIOENET0GMIITXCLK_EMIOENET0GMIITXD[0])
                                                      1.874     5.249 r  i_system_wrapper/system_i/sys_ps7/inst/PS7_i/EMIOENET0GMIITXD[0]
                         net (fo=1, unplaced)         0.646     5.895    i_system_wrapper/system_i/sys_ps7/inst/ENET0_GMII_TXD_i[0]
                         FDRE                                         r  i_system_wrapper/system_i/sys_ps7/inst/ENET0_GMII_TXD_reg[0]/D
  -------------------------------------------------------------------    -------------------

                         (clock gmii_clk_125m_out rise edge)
                                                      8.000     8.000 r  
                         PS7                          0.000     8.000 r  i_system_wrapper/system_i/sys_ps7/inst/PS7_i/FCLKCLK[1]
                         net (fo=1, unplaced)         0.613     8.613    i_system_wrapper/system_i/sys_ps7/inst/FCLK_CLK_unbuffered[1]
                         BUFG (Prop_bufg_I_O)         0.077     8.690 r  i_system_wrapper/system_i/sys_ps7/inst/buffer_fclk_clk_1.FCLK_CLK_1_BUFG/O
                         net (fo=7, unplaced)         0.439     9.129    i_system_wrapper/system_i/sys_rgmii/U0/i_system_sys_rgmii_0_clocking/clkin
                         BUFG (Prop_bufg_I_O)         0.077     9.206 r  i_system_wrapper/system_i/sys_rgmii/U0/i_system_sys_rgmii_0_clocking/i_bufg_clk_in/O
                         net (fo=208, unplaced)       0.439     9.645    i_system_wrapper/system_i/sys_rgmii/U0/i_system_sys_rgmii_0_clocking/clkin_out
                         MMCME2_ADV (Prop_mmcme2_adv_CLKIN1_CLKOUT0)
                                                      0.073     9.718 r  i_system_wrapper/system_i/sys_rgmii/U0/i_system_sys_rgmii_0_clocking/mmcm_adv_inst/CLKOUT0
                         net (fo=1, unplaced)         0.439    10.157    i_system_wrapper/system_i/sys_rgmii/U0/i_gmii_to_rgmii_block/gmii_clk_125m_out
                         BUFGCTRL (Prop_bufgctrl_I1_O)
                                                      0.077    10.234 r  i_system_wrapper/system_i/sys_rgmii/U0/i_gmii_to_rgmii_block/i_bufgmux_gmii_clk/O
                         net (fo=47, unplaced)        0.501    10.735    i_system_wrapper/system_i/sys_ps7/inst/ENET0_GMII_TX_CLK
                         FDRE                                         r  i_system_wrapper/system_i/sys_ps7/inst/ENET0_GMII_TXD_reg[0]/C
                         clock pessimism              0.495    11.230    
                         clock uncertainty           -0.066    11.164    
                         FDRE (Setup_fdre_C_D)       -0.019    11.145    i_system_wrapper/system_i/sys_ps7/inst/ENET0_GMII_TXD_reg[0]
  -------------------------------------------------------------------
                         required time                         11.145    
                         arrival time                          -5.895    
  -------------------------------------------------------------------
                         slack                                  5.251    





Min Delay Paths
--------------------------------------------------------------------------------------
Slack (VIOLATED) :        -0.101ns  (arrival time - required time)
  Source:                 i_system_wrapper/system_i/sys_rgmii/U0/i_gmii_to_rgmii_block/system_sys_rgmii_0_core/i_gmii_to_rgmii/gmii_to_rgmii_core_non_versal.i_gmii_to_rgmii/i_reset_sync_tx_reset/reset_sync6/C
                            (rising edge-triggered cell FDPE clocked by gmii_clk_125m_out  {rise@0.000ns fall@4.000ns period=8.000ns})
  Destination:            i_system_wrapper/system_i/sys_rgmii/U0/i_gmii_to_rgmii_block/system_sys_rgmii_0_core/i_gmii_to_rgmii/gmii_to_rgmii_core_non_versal.i_gmii_to_rgmii/gen_rgmii_txc.gen_rgmii_txc_zq.rgmii_txc_out/R
                            (rising edge-triggered cell ODDR clocked by gmii_clk_125m_out  {rise@0.000ns fall@4.000ns period=8.000ns})
  Path Group:             gmii_clk_125m_out
  Path Type:              Hold (Min at Fast Process Corner)
  Requirement:            0.000ns  (gmii_clk_125m_out rise@0.000ns - gmii_clk_125m_out rise@0.000ns)
  Data Path Delay:        0.467ns  (logic 0.147ns (31.468%)  route 0.320ns (68.532%))
  Logic Levels:           0  
  Clock Path Skew:        0.145ns (DCD - SCD - CPR)
    Destination Clock Delay (DCD):    1.591ns
    Source Clock Delay      (SCD):    0.982ns
    Clock Pessimism Removal (CPR):    0.464ns

    Location             Delay type                Incr(ns)  Path(ns)    Netlist Resource(s)
  -------------------------------------------------------------------    -------------------
                         (clock gmii_clk_125m_out rise edge)
                                                      0.000     0.000 r  
                         PS7                          0.000     0.000 r  i_system_wrapper/system_i/sys_ps7/inst/PS7_i/FCLKCLK[1]
                         net (fo=1, unplaced)         0.320     0.320    i_system_wrapper/system_i/sys_ps7/inst/FCLK_CLK_unbuffered[1]
                         BUFG (Prop_bufg_I_O)         0.026     0.346 r  i_system_wrapper/system_i/sys_ps7/inst/buffer_fclk_clk_1.FCLK_CLK_1_BUFG/O
                         net (fo=7, unplaced)         0.114     0.460    i_system_wrapper/system_i/sys_rgmii/U0/i_system_sys_rgmii_0_clocking/clkin
                         BUFG (Prop_bufg_I_O)         0.026     0.486 r  i_system_wrapper/system_i/sys_rgmii/U0/i_system_sys_rgmii_0_clocking/i_bufg_clk_in/O
                         net (fo=208, unplaced)       0.114     0.600    i_system_wrapper/system_i/sys_rgmii/U0/i_system_sys_rgmii_0_clocking/clkin_out
                         MMCME2_ADV (Prop_mmcme2_adv_CLKIN1_CLKOUT0)
                                                      0.050     0.650 r  i_system_wrapper/system_i/sys_rgmii/U0/i_system_sys_rgmii_0_clocking/mmcm_adv_inst/CLKOUT0
                         net (fo=1, unplaced)         0.114     0.764    i_system_wrapper/system_i/sys_rgmii/U0/i_gmii_to_rgmii_block/gmii_clk_125m_out
                         BUFGCTRL (Prop_bufgctrl_I1_O)
                                                      0.026     0.790 r  i_system_wrapper/system_i/sys_rgmii/U0/i_gmii_to_rgmii_block/i_bufgmux_gmii_clk/O
                         net (fo=47, unplaced)        0.192     0.982    i_system_wrapper/system_i/sys_rgmii/U0/i_gmii_to_rgmii_block/system_sys_rgmii_0_core/i_gmii_to_rgmii/gmii_to_rgmii_core_non_versal.i_gmii_to_rgmii/i_reset_sync_tx_reset/clk
                         FDPE                                         r  i_system_wrapper/system_i/sys_rgmii/U0/i_gmii_to_rgmii_block/system_sys_rgmii_0_core/i_gmii_to_rgmii/gmii_to_rgmii_core_non_versal.i_gmii_to_rgmii/i_reset_sync_tx_reset/reset_sync6/C
  -------------------------------------------------------------------    -------------------
                         FDPE (Prop_fdpe_C_Q)         0.147     1.129 r  i_system_wrapper/system_i/sys_rgmii/U0/i_gmii_to_rgmii_block/system_sys_rgmii_0_core/i_gmii_to_rgmii/gmii_to_rgmii_core_non_versal.i_gmii_to_rgmii/i_reset_sync_tx_reset/reset_sync6/Q
                         net (fo=16, unplaced)        0.320     1.449    i_system_wrapper/system_i/sys_rgmii/U0/i_gmii_to_rgmii_block/system_sys_rgmii_0_core/i_gmii_to_rgmii/gmii_to_rgmii_core_non_versal.i_gmii_to_rgmii/tx_reset_sync
    OLOGIC_X1Y143        ODDR                                         r  i_system_wrapper/system_i/sys_rgmii/U0/i_gmii_to_rgmii_block/system_sys_rgmii_0_core/i_gmii_to_rgmii/gmii_to_rgmii_core_non_versal.i_gmii_to_rgmii/gen_rgmii_txc.gen_rgmii_txc_zq.rgmii_txc_out/R
  -------------------------------------------------------------------    -------------------

                         (clock gmii_clk_125m_out rise edge)
                                                      0.000     0.000 r  
                         PS7                          0.000     0.000 r  i_system_wrapper/system_i/sys_ps7/inst/PS7_i/FCLKCLK[1]
                         net (fo=1, unplaced)         0.337     0.337    i_system_wrapper/system_i/sys_ps7/inst/FCLK_CLK_unbuffered[1]
                         BUFG (Prop_bufg_I_O)         0.029     0.366 r  i_system_wrapper/system_i/sys_ps7/inst/buffer_fclk_clk_1.FCLK_CLK_1_BUFG/O
                         net (fo=7, unplaced)         0.259     0.625    i_system_wrapper/system_i/sys_rgmii/U0/i_system_sys_rgmii_0_clocking/clkin
                         BUFG (Prop_bufg_I_O)         0.029     0.654 r  i_system_wrapper/system_i/sys_rgmii/U0/i_system_sys_rgmii_0_clocking/i_bufg_clk_in/O
                         net (fo=208, unplaced)       0.259     0.913    i_system_wrapper/system_i/sys_rgmii/U0/i_system_sys_rgmii_0_clocking/clkin_out
                         MMCME2_ADV (Prop_mmcme2_adv_CLKIN1_CLKOUT0)
                                                      0.053     0.966 r  i_system_wrapper/system_i/sys_rgmii/U0/i_system_sys_rgmii_0_clocking/mmcm_adv_inst/CLKOUT0
                         net (fo=1, unplaced)         0.259     1.225    i_system_wrapper/system_i/sys_rgmii/U0/i_gmii_to_rgmii_block/gmii_clk_125m_out
                         BUFGCTRL (Prop_bufgctrl_I1_O)
                                                      0.029     1.254 r  i_system_wrapper/system_i/sys_rgmii/U0/i_gmii_to_rgmii_block/i_bufgmux_gmii_clk/O
                         net (fo=47, unplaced)        0.337     1.591    i_system_wrapper/system_i/sys_rgmii/U0/i_gmii_to_rgmii_block/system_sys_rgmii_0_core/i_gmii_to_rgmii/gmii_to_rgmii_core_non_versal.i_gmii_to_rgmii/gmii_tx_clk
    OLOGIC_X1Y143        ODDR                                         r  i_system_wrapper/system_i/sys_rgmii/U0/i_gmii_to_rgmii_block/system_sys_rgmii_0_core/i_gmii_to_rgmii/gmii_to_rgmii_core_non_versal.i_gmii_to_rgmii/gen_rgmii_txc.gen_rgmii_txc_zq.rgmii_txc_out/C
                         clock pessimism             -0.464     1.127    
    OLOGIC_X1Y143        ODDR (Hold_oddr_C_R)         0.423     1.550    i_system_wrapper/system_i/sys_rgmii/U0/i_gmii_to_rgmii_block/system_sys_rgmii_0_core/i_gmii_to_rgmii/gmii_to_rgmii_core_non_versal.i_gmii_to_rgmii/gen_rgmii_txc.gen_rgmii_txc_zq.rgmii_txc_out
  -------------------------------------------------------------------
                         required time                         -1.550    
                         arrival time                           1.449    
  -------------------------------------------------------------------
                         slack                                 -0.101    





Pulse Width Checks
--------------------------------------------------------------------------------------
Clock Name:         gmii_clk_125m_out
Waveform(ns):       { 0.000 4.000 }
Period(ns):         8.000
Sources:            { i_system_wrapper/system_i/sys_rgmii/U0/i_system_sys_rgmii_0_clocking/mmcm_adv_inst/CLKOUT0 }

Check Type        Corner  Lib Pin             Reference Pin  Required(ns)  Actual(ns)  Slack(ns)  Location  Pin
Min Period        n/a     BUFGCTRL/I1         n/a            1.592         8.000       6.408                i_system_wrapper/system_i/sys_rgmii/U0/i_gmii_to_rgmii_block/i_bufgmux_gmii_clk/I1
Max Period        n/a     MMCME2_ADV/CLKOUT0  n/a            213.360       8.000       205.360              i_system_wrapper/system_i/sys_rgmii/U0/i_system_sys_rgmii_0_clocking/mmcm_adv_inst/CLKOUT0
Low Pulse Width   Slow    FDRE/C              n/a            0.500         4.000       3.500                i_system_wrapper/system_i/sys_ps7/inst/ENET0_GMII_COL_i_reg/C
High Pulse Width  Slow    FDRE/C              n/a            0.500         4.000       3.500                i_system_wrapper/system_i/sys_ps7/inst/ENET0_GMII_COL_i_reg/C



---------------------------------------------------------------------------------------------------
From Clock:  gmii_clk_25m_out
  To Clock:  gmii_clk_25m_out

Setup :           NA  Failing Endpoints,  Worst Slack           NA  ,  Total Violation           NA
Hold  :           NA  Failing Endpoints,  Worst Slack           NA  ,  Total Violation           NA
PW    :            0  Failing Endpoints,  Worst Slack       38.408ns,  Total Violation        0.000ns
---------------------------------------------------------------------------------------------------


Pulse Width Checks
--------------------------------------------------------------------------------------
Clock Name:         gmii_clk_25m_out
Waveform(ns):       { 0.000 20.000 }
Period(ns):         40.000
Sources:            { i_system_wrapper/system_i/sys_rgmii/U0/i_system_sys_rgmii_0_clocking/mmcm_adv_inst/CLKOUT1 }

Check Type  Corner  Lib Pin             Reference Pin  Required(ns)  Actual(ns)  Slack(ns)  Location  Pin
Min Period  n/a     BUFGCTRL/I0         n/a            1.592         40.000      38.408               i_system_wrapper/system_i/sys_rgmii/U0/i_gmii_to_rgmii_block/i_bufgmux_gmii_clk/I0
Max Period  n/a     MMCME2_ADV/CLKOUT1  n/a            213.360       40.000      173.360              i_system_wrapper/system_i/sys_rgmii/U0/i_system_sys_rgmii_0_clocking/mmcm_adv_inst/CLKOUT1



---------------------------------------------------------------------------------------------------
From Clock:  rx_clk
  To Clock:  rx_clk

Setup :            0  Failing Endpoints,  Worst Slack       12.134ns,  Total Violation        0.000ns
Hold  :            0  Failing Endpoints,  Worst Slack        0.037ns,  Total Violation        0.000ns
PW    :            0  Failing Endpoints,  Worst Slack        7.005ns,  Total Violation        0.000ns
---------------------------------------------------------------------------------------------------


Max Delay Paths
--------------------------------------------------------------------------------------
Slack (MET) :             12.134ns  (required time - arrival time)
  Source:                 i_system_wrapper/system_i/axi_tdd_0/tdd_core/inst/i_counter/tdd_startup_delay_reg[4]/C
                            (rising edge-triggered cell FDRE clocked by rx_clk  {rise@0.000ns fall@8.135ns period=16.270ns})
  Destination:            i_system_wrapper/system_i/axi_tdd_0/tdd_core/inst/i_counter/tdd_delay_done_reg/D
                            (rising edge-triggered cell FDRE clocked by rx_clk  {rise@0.000ns fall@8.135ns period=16.270ns})
  Path Group:             rx_clk
  Path Type:              Setup (Max at Slow Process Corner)
  Requirement:            16.270ns  (rx_clk rise@16.270ns - rx_clk rise@0.000ns)
  Data Path Delay:        3.999ns  (logic 2.607ns (65.191%)  route 1.392ns (34.809%))
  Logic Levels:           10  (CARRY4=8 LUT3=1 LUT6=1)
  Clock Path Skew:        -0.145ns (DCD - SCD + CPR)
    Destination Clock Delay (DCD):    1.932ns = ( 18.202 - 16.270 ) 
    Source Clock Delay      (SCD):    2.248ns
    Clock Pessimism Removal (CPR):    0.171ns
  Clock Uncertainty:      0.035ns  ((TSJ^2 + TIJ^2)^1/2 + DJ) / 2 + PE
    Total System Jitter     (TSJ):    0.071ns
    Total Input Jitter      (TIJ):    0.000ns
    Discrete Jitter          (DJ):    0.000ns
    Phase Error              (PE):    0.000ns

    Location             Delay type                Incr(ns)  Path(ns)    Netlist Resource(s)
  -------------------------------------------------------------------    -------------------
                         (clock rx_clk rise edge)     0.000     0.000 r  
    N20                                               0.000     0.000 r  rx_clk_in (IN)
                         net (fo=0)                   0.000     0.000    i_system_wrapper/system_i/axi_ad9361/inst/i_dev_if/i_clk/rx_clk_in
    N20                  IBUF (Prop_ibuf_I_O)         0.872     0.872 r  i_system_wrapper/system_i/axi_ad9361/inst/i_dev_if/i_clk/i_rx_clk_ibuf/O
                         net (fo=1, unplaced)         0.646     1.517    i_system_wrapper/system_i/axi_ad9361/inst/i_dev_if/i_clk/clk_ibuf_s
                         BUFG (Prop_bufg_I_O)         0.085     1.602 r  i_system_wrapper/system_i/axi_ad9361/inst/i_dev_if/i_clk/i_clk_gbuf/O
                         net (fo=16048, unplaced)     0.646     2.248    i_system_wrapper/system_i/axi_tdd_0/tdd_core/inst/i_counter/clk
                         FDRE                                         r  i_system_wrapper/system_i/axi_tdd_0/tdd_core/inst/i_counter/tdd_startup_delay_reg[4]/C
  -------------------------------------------------------------------    -------------------
                         FDRE (Prop_fdre_C_Q)         0.397     2.645 r  i_system_wrapper/system_i/axi_tdd_0/tdd_core/inst/i_counter/tdd_startup_delay_reg[4]/Q
                         net (fo=3, unplaced)         0.559     3.204    i_system_wrapper/system_i/axi_tdd_0/tdd_core/inst/i_counter/tdd_startup_delay[4]
                         CARRY4 (Prop_carry4_DI[3]_CO[3])
                                                      0.454     3.658 r  i_system_wrapper/system_i/axi_tdd_0/tdd_core/inst/i_counter/tdd_delay_done2_carry/CO[3]
                         net (fo=1, unplaced)         0.008     3.666    i_system_wrapper/system_i/axi_tdd_0/tdd_core/inst/i_counter/tdd_delay_done2_carry_n_0
                         CARRY4 (Prop_carry4_CI_CO[3])
                                                      0.100     3.766 r  i_system_wrapper/system_i/axi_tdd_0/tdd_core/inst/i_counter/tdd_delay_done2_carry__0/CO[3]
                         net (fo=1, unplaced)         0.000     3.766    i_system_wrapper/system_i/axi_tdd_0/tdd_core/inst/i_counter/tdd_delay_done2_carry__0_n_0
                         CARRY4 (Prop_carry4_CI_CO[3])
                                                      0.100     3.866 r  i_system_wrapper/system_i/axi_tdd_0/tdd_core/inst/i_counter/tdd_delay_done2_carry__1/CO[3]
                         net (fo=1, unplaced)         0.000     3.866    i_system_wrapper/system_i/axi_tdd_0/tdd_core/inst/i_counter/tdd_delay_done2_carry__1_n_0
                         CARRY4 (Prop_carry4_CI_CO[3])
                                                      0.100     3.966 r  i_system_wrapper/system_i/axi_tdd_0/tdd_core/inst/i_counter/tdd_delay_done2_carry__2/CO[3]
                         net (fo=1, unplaced)         0.000     3.966    i_system_wrapper/system_i/axi_tdd_0/tdd_core/inst/i_counter/tdd_delay_done2_carry__2_n_0
                         CARRY4 (Prop_carry4_CI_CO[3])
                                                      0.100     4.066 r  i_system_wrapper/system_i/axi_tdd_0/tdd_core/inst/i_counter/tdd_delay_done2_carry__3/CO[3]
                         net (fo=1, unplaced)         0.000     4.066    i_system_wrapper/system_i/axi_tdd_0/tdd_core/inst/i_counter/tdd_delay_done2_carry__3_n_0
                         CARRY4 (Prop_carry4_CI_CO[3])
                                                      0.100     4.166 r  i_system_wrapper/system_i/axi_tdd_0/tdd_core/inst/i_counter/tdd_delay_done2_carry__4/CO[3]
                         net (fo=1, unplaced)         0.000     4.166    i_system_wrapper/system_i/axi_tdd_0/tdd_core/inst/i_counter/tdd_delay_done2_carry__4_n_0
                         CARRY4 (Prop_carry4_CI_O[3])
                                                      0.277     4.443 r  i_system_wrapper/system_i/axi_tdd_0/tdd_core/inst/i_counter/tdd_delay_done2_carry__5/O[3]
                         net (fo=1, unplaced)         0.476     4.919    i_system_wrapper/system_i/axi_tdd_0/tdd_core/inst/i_counter/tdd_delay_done2[28]
                         LUT6 (Prop_lut6_I2_O)        0.250     5.169 r  i_system_wrapper/system_i/axi_tdd_0/tdd_core/inst/i_counter/tdd_delay_done1_carry__1_i_2/O
                         net (fo=1, unplaced)         0.000     5.169    i_system_wrapper/system_i/axi_tdd_0/tdd_core/inst/i_counter/tdd_delay_done1_carry__1_i_2_n_0
                         CARRY4 (Prop_carry4_S[1]_CO[2])
                                                      0.477     5.646 r  i_system_wrapper/system_i/axi_tdd_0/tdd_core/inst/i_counter/tdd_delay_done1_carry__1/CO[2]
                         net (fo=1, unplaced)         0.349     5.995    i_system_wrapper/system_i/axi_tdd_0/tdd_core/inst/i_counter/tdd_delay_done1
                         LUT3 (Prop_lut3_I0_O)        0.252     6.247 r  i_system_wrapper/system_i/axi_tdd_0/tdd_core/inst/i_counter/tdd_delay_done_i_1/O
                         net (fo=1, unplaced)         0.000     6.247    i_system_wrapper/system_i/axi_tdd_0/tdd_core/inst/i_counter/tdd_delay_done0
                         FDRE                                         r  i_system_wrapper/system_i/axi_tdd_0/tdd_core/inst/i_counter/tdd_delay_done_reg/D
  -------------------------------------------------------------------    -------------------

                         (clock rx_clk rise edge)    16.270    16.270 r  
    N20                                               0.000    16.270 r  rx_clk_in (IN)
                         net (fo=0)                   0.000    16.270    i_system_wrapper/system_i/axi_ad9361/inst/i_dev_if/i_clk/rx_clk_in
    N20                  IBUF (Prop_ibuf_I_O)         0.741    17.011 r  i_system_wrapper/system_i/axi_ad9361/inst/i_dev_if/i_clk/i_rx_clk_ibuf/O
                         net (fo=1, unplaced)         0.613    17.624    i_system_wrapper/system_i/axi_ad9361/inst/i_dev_if/i_clk/clk_ibuf_s
                         BUFG (Prop_bufg_I_O)         0.077    17.701 r  i_system_wrapper/system_i/axi_ad9361/inst/i_dev_if/i_clk/i_clk_gbuf/O
                         net (fo=16048, unplaced)     0.501    18.202    i_system_wrapper/system_i/axi_tdd_0/tdd_core/inst/i_counter/clk
                         FDRE                                         r  i_system_wrapper/system_i/axi_tdd_0/tdd_core/inst/i_counter/tdd_delay_done_reg/C
                         clock pessimism              0.171    18.373    
                         clock uncertainty           -0.035    18.337    
                         FDRE (Setup_fdre_C_D)        0.043    18.380    i_system_wrapper/system_i/axi_tdd_0/tdd_core/inst/i_counter/tdd_delay_done_reg
  -------------------------------------------------------------------
                         required time                         18.380    
                         arrival time                          -6.247    
  -------------------------------------------------------------------
                         slack                                 12.134    





Min Delay Paths
--------------------------------------------------------------------------------------
Slack (MET) :             0.037ns  (arrival time - required time)
  Source:                 i_system_wrapper/system_i/axi_ad9361/inst/i_dev_if/enable_up_m1_reg/C
                            (rising edge-triggered cell FDCE clocked by rx_clk  {rise@0.000ns fall@8.135ns period=16.270ns})
  Destination:            i_system_wrapper/system_i/axi_ad9361/inst/i_dev_if/enable_up_reg/D
                            (rising edge-triggered cell FDCE clocked by rx_clk  {rise@0.000ns fall@8.135ns period=16.270ns})
  Path Group:             rx_clk
  Path Type:              Hold (Min at Fast Process Corner)
  Requirement:            0.000ns  (rx_clk rise@0.000ns - rx_clk rise@0.000ns)
  Data Path Delay:        0.220ns  (logic 0.147ns (66.849%)  route 0.073ns (33.151%))
  Logic Levels:           0  
  Clock Path Skew:        0.145ns (DCD - SCD - CPR)
    Destination Clock Delay (DCD):    1.060ns
    Source Clock Delay      (SCD):    0.707ns
    Clock Pessimism Removal (CPR):    0.208ns

    Location             Delay type                Incr(ns)  Path(ns)    Netlist Resource(s)
  -------------------------------------------------------------------    -------------------
                         (clock rx_clk rise edge)     0.000     0.000 r  
    N20                                               0.000     0.000 r  rx_clk_in (IN)
                         net (fo=0)                   0.000     0.000    i_system_wrapper/system_i/axi_ad9361/inst/i_dev_if/i_clk/rx_clk_in
    N20                  IBUF (Prop_ibuf_I_O)         0.169     0.169 r  i_system_wrapper/system_i/axi_ad9361/inst/i_dev_if/i_clk/i_rx_clk_ibuf/O
                         net (fo=1, unplaced)         0.320     0.489    i_system_wrapper/system_i/axi_ad9361/inst/i_dev_if/i_clk/clk_ibuf_s
                         BUFG (Prop_bufg_I_O)         0.026     0.515 r  i_system_wrapper/system_i/axi_ad9361/inst/i_dev_if/i_clk/i_clk_gbuf/O
                         net (fo=16048, unplaced)     0.192     0.707    i_system_wrapper/system_i/axi_ad9361/inst/i_dev_if/txnrx_int_reg_0
                         FDCE                                         r  i_system_wrapper/system_i/axi_ad9361/inst/i_dev_if/enable_up_m1_reg/C
  -------------------------------------------------------------------    -------------------
                         FDCE (Prop_fdce_C_Q)         0.147     0.854 r  i_system_wrapper/system_i/axi_ad9361/inst/i_dev_if/enable_up_m1_reg/Q
                         net (fo=1, unplaced)         0.073     0.927    i_system_wrapper/system_i/axi_ad9361/inst/i_dev_if/enable_up_m1
                         FDCE                                         r  i_system_wrapper/system_i/axi_ad9361/inst/i_dev_if/enable_up_reg/D
  -------------------------------------------------------------------    -------------------

                         (clock rx_clk rise edge)     0.000     0.000 r  
    N20                                               0.000     0.000 r  rx_clk_in (IN)
                         net (fo=0)                   0.000     0.000    i_system_wrapper/system_i/axi_ad9361/inst/i_dev_if/i_clk/rx_clk_in
    N20                  IBUF (Prop_ibuf_I_O)         0.357     0.357 r  i_system_wrapper/system_i/axi_ad9361/inst/i_dev_if/i_clk/i_rx_clk_ibuf/O
                         net (fo=1, unplaced)         0.337     0.694    i_system_wrapper/system_i/axi_ad9361/inst/i_dev_if/i_clk/clk_ibuf_s
                         BUFG (Prop_bufg_I_O)         0.029     0.723 r  i_system_wrapper/system_i/axi_ad9361/inst/i_dev_if/i_clk/i_clk_gbuf/O
                         net (fo=16048, unplaced)     0.337     1.060    i_system_wrapper/system_i/axi_ad9361/inst/i_dev_if/txnrx_int_reg_0
                         FDCE                                         r  i_system_wrapper/system_i/axi_ad9361/inst/i_dev_if/enable_up_reg/C
                         clock pessimism             -0.208     0.852    
                         FDCE (Hold_fdce_C_D)         0.038     0.890    i_system_wrapper/system_i/axi_ad9361/inst/i_dev_if/enable_up_reg
  -------------------------------------------------------------------
                         required time                         -0.890    
                         arrival time                           0.927    
  -------------------------------------------------------------------
                         slack                                  0.037    





Pulse Width Checks
--------------------------------------------------------------------------------------
Clock Name:         rx_clk
Waveform(ns):       { 0.000 8.135 }
Period(ns):         16.270
Sources:            { rx_clk_in }

Check Type        Corner  Lib Pin             Reference Pin  Required(ns)  Actual(ns)  Slack(ns)  Location  Pin
Min Period        n/a     RAMB36E1/CLKBWRCLK  n/a            2.170         16.270      14.100               i_system_wrapper/system_i/axi_ad9361_adc_dma/inst/i_transfer/i_request_arb/i_store_and_forward/i_mem/m_ram_reg/CLKBWRCLK
Low Pulse Width   Slow    RAMD32/CLK          n/a            1.130         8.135       7.005                i_system_wrapper/system_i/axi_ad9361_adc_dma/inst/i_transfer/i_request_arb/eot_mem_dest_reg_r1_0_15_0_0/DP/CLK
High Pulse Width  Slow    RAMD32/CLK          n/a            1.130         8.135       7.005                i_system_wrapper/system_i/axi_ad9361_adc_dma/inst/i_transfer/i_request_arb/eot_mem_dest_reg_r1_0_15_0_0/DP/CLK



---------------------------------------------------------------------------------------------------
From Clock:  system_sys_rgmii_0_rgmii_rx_clk
  To Clock:  RGMII_rxc

Setup :            0  Failing Endpoints,  Worst Slack        0.301ns,  Total Violation        0.000ns
Hold  :            0  Failing Endpoints,  Worst Slack        0.561ns,  Total Violation        0.000ns
---------------------------------------------------------------------------------------------------


Max Delay Paths
--------------------------------------------------------------------------------------
Slack (MET) :             0.301ns  (required time - arrival time)
  Source:                 RGMII_rd[2]
                            (input port clocked by system_sys_rgmii_0_rgmii_rx_clk  {rise@0.000ns fall@4.000ns period=8.000ns})
  Destination:            i_system_wrapper/system_i/sys_rgmii/U0/i_gmii_to_rgmii_block/system_sys_rgmii_0_core/i_gmii_to_rgmii/gmii_to_rgmii_core_non_versal.i_gmii_to_rgmii/gen_rgmii_rx_iddr_zq.rxdata_in_bus[2].rgmii_rx_data_in/D
                            (rising edge-triggered cell IDDR clocked by RGMII_rxc  {rise@0.000ns fall@4.000ns period=8.000ns})
  Path Group:             RGMII_rxc
  Path Type:              Setup (Max at Fast Process Corner)
  Requirement:            0.000ns  (RGMII_rxc fall@4.000ns - system_sys_rgmii_0_rgmii_rx_clk fall@4.000ns)
  Data Path Delay:        2.147ns  (logic 2.147ns (100.000%)  route 0.000ns (0.000%))
  Logic Levels:           2  (IBUF=1 IDELAYE2=1)
  Input Delay:            -1.500ns
  Clock Path Skew:        0.975ns (DCD - SCD + CPR)
    Destination Clock Delay (DCD):    0.975ns = ( 12.975 - 12.000 ) 
    Source Clock Delay      (SCD):    0.000ns = ( 4.000 - 4.000 ) 
    Clock Pessimism Removal (CPR):    0.000ns
  Clock Uncertainty:      0.025ns  ((TSJ^2 + TIJ^2)^1/2 + DJ) / 2 + PE
    Total System Jitter     (TSJ):    0.050ns
    Total Input Jitter      (TIJ):    0.000ns
    Discrete Jitter          (DJ):    0.000ns
    Phase Error              (PE):    0.000ns
  Timing Exception:       MultiCycle Path   Setup -end   0
  Clock Domain Crossing:  Inter clock paths are considered valid unless explicitly excluded by timing constraints such as set_clock_groups or set_false_path.

    Location             Delay type                Incr(ns)  Path(ns)    Netlist Resource(s)
  -------------------------------------------------------------------    -------------------
                         (clock system_sys_rgmii_0_rgmii_rx_clk fall edge)
                                                      4.000     4.000 f  
                         ideal clock network latency
                                                      0.000     4.000    
                         input delay                 -1.500     2.500    
    E19                                               0.000     2.500 r  RGMII_rd[2] (IN)
                         net (fo=0)                   0.000     2.500    i_system_wrapper/system_i/sys_rgmii/U0/i_gmii_to_rgmii_block/rgmii_rxd[2]
    E19                  IBUF (Prop_ibuf_I_O)         0.370     2.870 r  i_system_wrapper/system_i/sys_rgmii/U0/i_gmii_to_rgmii_block/ibuf_data[2].rgmii_rxd_ibuf_i/O
                         net (fo=1, estimated)        0.000     2.870    i_system_wrapper/system_i/sys_rgmii/U0/i_gmii_to_rgmii_block/system_sys_rgmii_0_core/i_gmii_to_rgmii/gmii_to_rgmii_core_non_versal.i_gmii_to_rgmii/rgmii_rxd[2]
    IDELAY_X1Y139        IDELAYE2 (Prop_idelaye2_IDATAIN_DATAOUT)
                                                      1.777     4.647 r  i_system_wrapper/system_i/sys_rgmii/U0/i_gmii_to_rgmii_block/system_sys_rgmii_0_core/i_gmii_to_rgmii/gmii_to_rgmii_core_non_versal.i_gmii_to_rgmii/gen_rgmii_rx_zq.rxdata_bus[2].delay_rgmii_rxd/DATAOUT
                         net (fo=1, estimated)        0.000     4.647    i_system_wrapper/system_i/sys_rgmii/U0/i_gmii_to_rgmii_block/system_sys_rgmii_0_core/i_gmii_to_rgmii/gmii_to_rgmii_core_non_versal.i_gmii_to_rgmii/rgmii_rxd_delay_2
    ILOGIC_X1Y139        IDDR                                         r  i_system_wrapper/system_i/sys_rgmii/U0/i_gmii_to_rgmii_block/system_sys_rgmii_0_core/i_gmii_to_rgmii/gmii_to_rgmii_core_non_versal.i_gmii_to_rgmii/gen_rgmii_rx_iddr_zq.rxdata_in_bus[2].rgmii_rx_data_in/D
  -------------------------------------------------------------------    -------------------

                         (clock RGMII_rxc fall edge)
                                                      4.000     4.000 f  
    H16                                               0.000     4.000 f  RGMII_rxc (IN)
                         net (fo=0)                   0.000     4.000    i_system_wrapper/system_i/sys_rgmii/U0/i_gmii_to_rgmii_block/rgmii_rxc
    H16                  IBUF (Prop_ibuf_I_O)         0.165     4.165 f  i_system_wrapper/system_i/sys_rgmii/U0/i_gmii_to_rgmii_block/rgmii_rxc_ibuf_i/O
                         net (fo=2, estimated)        0.185     4.350    i_system_wrapper/system_i/sys_rgmii/U0/i_gmii_to_rgmii_block/system_sys_rgmii_0_core/i_gmii_to_rgmii/gmii_to_rgmii_core_non_versal.i_gmii_to_rgmii/rgmii_rxc
    BUFIO_X1Y9           BUFIO (Prop_bufio_I_O)       0.483     4.833 f  i_system_wrapper/system_i/sys_rgmii/U0/i_gmii_to_rgmii_block/system_sys_rgmii_0_core/i_gmii_to_rgmii/gmii_to_rgmii_core_non_versal.i_gmii_to_rgmii/gen_rgmii_rx_clk_zq.bufio_rgmii_rx_clk/O
                         net (fo=5, estimated)        0.142     4.975    i_system_wrapper/system_i/sys_rgmii/U0/i_gmii_to_rgmii_block/system_sys_rgmii_0_core/i_gmii_to_rgmii/gmii_to_rgmii_core_non_versal.i_gmii_to_rgmii/rgmii_rxc_int
    ILOGIC_X1Y139        IDDR                                         f  i_system_wrapper/system_i/sys_rgmii/U0/i_gmii_to_rgmii_block/system_sys_rgmii_0_core/i_gmii_to_rgmii/gmii_to_rgmii_core_non_versal.i_gmii_to_rgmii/gen_rgmii_rx_iddr_zq.rxdata_in_bus[2].rgmii_rx_data_in/C
                         clock pessimism              0.000     4.975    
                         clock uncertainty           -0.025     4.950    
    ILOGIC_X1Y139        IDDR (Setup_iddr_C_D)       -0.002     4.948    i_system_wrapper/system_i/sys_rgmii/U0/i_gmii_to_rgmii_block/system_sys_rgmii_0_core/i_gmii_to_rgmii/gmii_to_rgmii_core_non_versal.i_gmii_to_rgmii/gen_rgmii_rx_iddr_zq.rxdata_in_bus[2].rgmii_rx_data_in
  -------------------------------------------------------------------
                         required time                          4.948    
                         arrival time                          -4.647    
  -------------------------------------------------------------------
                         slack                                  0.301    





Min Delay Paths
--------------------------------------------------------------------------------------
Slack (MET) :             0.561ns  (arrival time - required time)
  Source:                 RGMII_rd[1]
                            (input port clocked by system_sys_rgmii_0_rgmii_rx_clk  {rise@0.000ns fall@4.000ns period=8.000ns})
  Destination:            i_system_wrapper/system_i/sys_rgmii/U0/i_gmii_to_rgmii_block/system_sys_rgmii_0_core/i_gmii_to_rgmii/gmii_to_rgmii_core_non_versal.i_gmii_to_rgmii/gen_rgmii_rx_iddr_zq.rxdata_in_bus[1].rgmii_rx_data_in/D
                            (rising edge-triggered cell IDDR clocked by RGMII_rxc  {rise@0.000ns fall@4.000ns period=8.000ns})
  Path Group:             RGMII_rxc
  Path Type:              Hold (Min at Slow Process Corner)
  Requirement:            -4.000ns  (RGMII_rxc rise@-8.000ns - system_sys_rgmii_0_rgmii_rx_clk fall@-4.000ns)
  Data Path Delay:        2.389ns  (logic 2.389ns (100.000%)  route 0.000ns (0.000%))
  Logic Levels:           2  (IBUF=1 IDELAYE2=1)
  Input Delay:            -2.800ns
  Clock Path Skew:        2.848ns (DCD - SCD - CPR)
    Destination Clock Delay (DCD):    2.848ns
    Source Clock Delay      (SCD):    0.000ns = ( 4.000 - 4.000 ) 
    Clock Pessimism Removal (CPR):    -0.000ns
  Clock Uncertainty:      0.025ns  ((TSJ^2 + TIJ^2)^1/2 + DJ) / 2 + PE
    Total System Jitter     (TSJ):    0.050ns
    Total Input Jitter      (TIJ):    0.000ns
    Discrete Jitter          (DJ):    0.000ns
    Phase Error              (PE):    0.000ns
  Timing Exception:       MultiCycle Path   Setup -end   0    Hold  -start -1
  Clock Domain Crossing:  Inter clock paths are considered valid unless explicitly excluded by timing constraints such as set_clock_groups or set_false_path.

    Location             Delay type                Incr(ns)  Path(ns)    Netlist Resource(s)
  -------------------------------------------------------------------    -------------------
                         (clock system_sys_rgmii_0_rgmii_rx_clk fall edge)
                                                     -4.000    -4.000 f  
                         ideal clock network latency
                                                      0.000    -4.000    
                         input delay                 -2.800    -6.800    
    E17                                               0.000    -6.800 r  RGMII_rd[1] (IN)
                         net (fo=0)                   0.000    -6.800    i_system_wrapper/system_i/sys_rgmii/U0/i_gmii_to_rgmii_block/rgmii_rxd[1]
    E17                  IBUF (Prop_ibuf_I_O)         0.726    -6.074 r  i_system_wrapper/system_i/sys_rgmii/U0/i_gmii_to_rgmii_block/ibuf_data[1].rgmii_rxd_ibuf_i/O
                         net (fo=1, estimated)        0.000    -6.074    i_system_wrapper/system_i/sys_rgmii/U0/i_gmii_to_rgmii_block/system_sys_rgmii_0_core/i_gmii_to_rgmii/gmii_to_rgmii_core_non_versal.i_gmii_to_rgmii/rgmii_rxd[1]
    IDELAY_X1Y144        IDELAYE2 (Prop_idelaye2_IDATAIN_DATAOUT)
                                                      1.662    -4.411 r  i_system_wrapper/system_i/sys_rgmii/U0/i_gmii_to_rgmii_block/system_sys_rgmii_0_core/i_gmii_to_rgmii/gmii_to_rgmii_core_non_versal.i_gmii_to_rgmii/gen_rgmii_rx_zq.rxdata_bus[1].delay_rgmii_rxd/DATAOUT
                         net (fo=1, estimated)        0.000    -4.411    i_system_wrapper/system_i/sys_rgmii/U0/i_gmii_to_rgmii_block/system_sys_rgmii_0_core/i_gmii_to_rgmii/gmii_to_rgmii_core_non_versal.i_gmii_to_rgmii/rgmii_rxd_delay_1
    ILOGIC_X1Y144        IDDR                                         r  i_system_wrapper/system_i/sys_rgmii/U0/i_gmii_to_rgmii_block/system_sys_rgmii_0_core/i_gmii_to_rgmii/gmii_to_rgmii_core_non_versal.i_gmii_to_rgmii/gen_rgmii_rx_iddr_zq.rxdata_in_bus[1].rgmii_rx_data_in/D
  -------------------------------------------------------------------    -------------------

                         (clock RGMII_rxc rise edge)
                                                     -8.000    -8.000 r  
    H16                                               0.000    -8.000 r  RGMII_rxc (IN)
                         net (fo=0)                   0.000    -8.000    i_system_wrapper/system_i/sys_rgmii/U0/i_gmii_to_rgmii_block/rgmii_rxc
    H16                  IBUF (Prop_ibuf_I_O)         0.868    -7.132 r  i_system_wrapper/system_i/sys_rgmii/U0/i_gmii_to_rgmii_block/rgmii_rxc_ibuf_i/O
                         net (fo=2, estimated)        0.374    -6.758    i_system_wrapper/system_i/sys_rgmii/U0/i_gmii_to_rgmii_block/system_sys_rgmii_0_core/i_gmii_to_rgmii/gmii_to_rgmii_core_non_versal.i_gmii_to_rgmii/rgmii_rxc
    BUFIO_X1Y9           BUFIO (Prop_bufio_I_O)       1.319    -5.439 r  i_system_wrapper/system_i/sys_rgmii/U0/i_gmii_to_rgmii_block/system_sys_rgmii_0_core/i_gmii_to_rgmii/gmii_to_rgmii_core_non_versal.i_gmii_to_rgmii/gen_rgmii_rx_clk_zq.bufio_rgmii_rx_clk/O
                         net (fo=5, estimated)        0.287    -5.152    i_system_wrapper/system_i/sys_rgmii/U0/i_gmii_to_rgmii_block/system_sys_rgmii_0_core/i_gmii_to_rgmii/gmii_to_rgmii_core_non_versal.i_gmii_to_rgmii/rgmii_rxc_int
    ILOGIC_X1Y144        IDDR                                         r  i_system_wrapper/system_i/sys_rgmii/U0/i_gmii_to_rgmii_block/system_sys_rgmii_0_core/i_gmii_to_rgmii/gmii_to_rgmii_core_non_versal.i_gmii_to_rgmii/gen_rgmii_rx_iddr_zq.rxdata_in_bus[1].rgmii_rx_data_in/C
                         clock pessimism              0.000    -5.152    
                         clock uncertainty            0.025    -5.127    
    ILOGIC_X1Y144        IDDR (Hold_iddr_C_D)         0.155    -4.972    i_system_wrapper/system_i/sys_rgmii/U0/i_gmii_to_rgmii_block/system_sys_rgmii_0_core/i_gmii_to_rgmii/gmii_to_rgmii_core_non_versal.i_gmii_to_rgmii/gen_rgmii_rx_iddr_zq.rxdata_in_bus[1].rgmii_rx_data_in
  -------------------------------------------------------------------
                         required time                          4.972    
                         arrival time                          -4.411    
  -------------------------------------------------------------------
                         slack                                  0.561    





---------------------------------------------------------------------------------------------------
From Clock:  rx_clk
  To Clock:  clk_fpga_0

Setup :            0  Failing Endpoints,  Worst Slack        7.339ns,  Total Violation        0.000ns
Hold  :           NA  Failing Endpoints,  Worst Slack           NA  ,  Total Violation           NA
---------------------------------------------------------------------------------------------------


Max Delay Paths
--------------------------------------------------------------------------------------
Slack (MET) :             7.339ns  (required time - arrival time)
  Source:                 i_system_wrapper/system_i/axi_ad9361_adc_dma/inst/i_transfer/i_request_arb/eot_mem_dest_reg_r2_0_15_0_0/DP/CLK
                            (rising edge-triggered cell RAMD32 clocked by rx_clk  {rise@0.000ns fall@8.135ns period=16.270ns})
  Destination:            i_system_wrapper/system_i/axi_ad9361_adc_dma/inst/i_transfer/i_request_arb/i_dest_dma_mm/i_addr_gen/length_reg[0]/S
                            (rising edge-triggered cell FDSE clocked by clk_fpga_0  {rise@0.000ns fall@5.000ns period=10.000ns})
  Path Group:             clk_fpga_0
  Path Type:              Setup (Max at Slow Process Corner)
  Requirement:            10.000ns  (MaxDelay Path 10.000ns)
  Data Path Delay:        2.209ns  (logic 1.189ns (53.825%)  route 1.020ns (46.175%))
  Logic Levels:           1  (LUT2=1)
  Timing Exception:       MaxDelay Path 10.000ns -datapath_only

    Location             Delay type                Incr(ns)  Path(ns)    Netlist Resource(s)
  -------------------------------------------------------------------    -------------------
                                                      0.000     0.000 r  i_system_wrapper/system_i/axi_ad9361_adc_dma/inst/i_transfer/i_request_arb/eot_mem_dest_reg_r2_0_15_0_0/DP/CLK
                         RAMD32 (Prop_ramd32_CLK_O)
                                                      1.084     1.084 f  i_system_wrapper/system_i/axi_ad9361_adc_dma/inst/i_transfer/i_request_arb/eot_mem_dest_reg_r2_0_15_0_0/DP/O
                         net (fo=4, unplaced)         0.352     1.436    i_system_wrapper/system_i/axi_ad9361_adc_dma/inst/i_transfer/i_request_arb/i_dest_dma_mm/i_addr_gen/dest_address_eot
                         LUT2 (Prop_lut2_I0_O)        0.105     1.541 r  i_system_wrapper/system_i/axi_ad9361_adc_dma/inst/i_transfer/i_request_arb/i_dest_dma_mm/i_addr_gen/length[3]_i_1/O
                         net (fo=4, unplaced)         0.668     2.209    i_system_wrapper/system_i/axi_ad9361_adc_dma/inst/i_transfer/i_request_arb/i_dest_dma_mm/i_addr_gen/length
                         FDSE                                         r  i_system_wrapper/system_i/axi_ad9361_adc_dma/inst/i_transfer/i_request_arb/i_dest_dma_mm/i_addr_gen/length_reg[0]/S
  -------------------------------------------------------------------    -------------------

                         max delay                   10.000    10.000    
                         FDSE (Setup_fdse_C_S)       -0.452     9.548    i_system_wrapper/system_i/axi_ad9361_adc_dma/inst/i_transfer/i_request_arb/i_dest_dma_mm/i_addr_gen/length_reg[0]
  -------------------------------------------------------------------
                         required time                          9.548    
                         arrival time                          -2.209    
  -------------------------------------------------------------------
                         slack                                  7.339    





---------------------------------------------------------------------------------------------------
From Clock:  gmii_clk_125m_out
  To Clock:  system_sys_rgmii_0_rgmii_tx_clk

Setup :            0  Failing Endpoints,  Worst Slack        0.709ns,  Total Violation        0.000ns
Hold  :            0  Failing Endpoints,  Worst Slack        1.097ns,  Total Violation        0.000ns
---------------------------------------------------------------------------------------------------


Max Delay Paths
--------------------------------------------------------------------------------------
Slack (MET) :             0.709ns  (required time - arrival time)
  Source:                 i_system_wrapper/system_i/sys_rgmii/U0/i_gmii_to_rgmii_block/system_sys_rgmii_0_core/i_gmii_to_rgmii/gmii_to_rgmii_core_non_versal.i_gmii_to_rgmii/gen_rgmii_txdata_zq.txdata_out_bus[3].rgmii_txd_out/C
                            (falling edge-triggered cell ODDR clocked by gmii_clk_125m_out  {rise@0.000ns fall@4.000ns period=8.000ns})
  Destination:            RGMII_td[3]
                            (output port clocked by system_sys_rgmii_0_rgmii_tx_clk  {rise@0.000ns fall@4.000ns period=8.000ns})
  Path Group:             system_sys_rgmii_0_rgmii_tx_clk
  Path Type:              Max at Slow Process Corner
  Requirement:            0.000ns  (system_sys_rgmii_0_rgmii_tx_clk fall@4.000ns - gmii_clk_125m_out fall@4.000ns)
  Data Path Delay:        2.785ns  (logic 2.785ns (100.000%)  route 0.000ns (0.000%))
  Logic Levels:           1  (OBUF=1)
  Output Delay:           -1.000ns
  Clock Path Skew:        2.493ns (DCD - SCD + CPR)
    Destination Clock Delay (DCD):    5.373ns = ( 17.373 - 12.000 ) 
    Source Clock Delay      (SCD):    3.375ns = ( 7.375 - 4.000 ) 
    Clock Pessimism Removal (CPR):    0.495ns
  Timing Exception:       MultiCycle Path   Setup -end   0

    Location             Delay type                Incr(ns)  Path(ns)    Netlist Resource(s)
  -------------------------------------------------------------------    -------------------
                         (clock gmii_clk_125m_out fall edge)
                                                      4.000     4.000 f  
                         PS7                          0.000     4.000 f  i_system_wrapper/system_i/sys_ps7/inst/PS7_i/FCLKCLK[1]
                         net (fo=1, unplaced)         0.646     4.646    i_system_wrapper/system_i/sys_ps7/inst/FCLK_CLK_unbuffered[1]
                         BUFG (Prop_bufg_I_O)         0.085     4.731 f  i_system_wrapper/system_i/sys_ps7/inst/buffer_fclk_clk_1.FCLK_CLK_1_BUFG/O
                         net (fo=7, unplaced)         0.584     5.315    i_system_wrapper/system_i/sys_rgmii/U0/i_system_sys_rgmii_0_clocking/clkin
                         BUFG (Prop_bufg_I_O)         0.085     5.400 f  i_system_wrapper/system_i/sys_rgmii/U0/i_system_sys_rgmii_0_clocking/i_bufg_clk_in/O
                         net (fo=208, unplaced)       0.584     5.984    i_system_wrapper/system_i/sys_rgmii/U0/i_system_sys_rgmii_0_clocking/clkin_out
                         MMCME2_ADV (Prop_mmcme2_adv_CLKIN1_CLKOUT0)
                                                      0.077     6.061 f  i_system_wrapper/system_i/sys_rgmii/U0/i_system_sys_rgmii_0_clocking/mmcm_adv_inst/CLKOUT0
                         net (fo=1, unplaced)         0.584     6.645    i_system_wrapper/system_i/sys_rgmii/U0/i_gmii_to_rgmii_block/gmii_clk_125m_out
                         BUFGCTRL (Prop_bufgctrl_I1_O)
                                                      0.085     6.730 f  i_system_wrapper/system_i/sys_rgmii/U0/i_gmii_to_rgmii_block/i_bufgmux_gmii_clk/O
                         net (fo=47, unplaced)        0.646     7.375    i_system_wrapper/system_i/sys_rgmii/U0/i_gmii_to_rgmii_block/system_sys_rgmii_0_core/i_gmii_to_rgmii/gmii_to_rgmii_core_non_versal.i_gmii_to_rgmii/gmii_tx_clk
    OLOGIC_X1Y148        ODDR                                         f  i_system_wrapper/system_i/sys_rgmii/U0/i_gmii_to_rgmii_block/system_sys_rgmii_0_core/i_gmii_to_rgmii/gmii_to_rgmii_core_non_versal.i_gmii_to_rgmii/gen_rgmii_txdata_zq.txdata_out_bus[3].rgmii_txd_out/C
  -------------------------------------------------------------------    -------------------
    OLOGIC_X1Y148        ODDR (Prop_oddr_C_Q)         0.418     7.793 r  i_system_wrapper/system_i/sys_rgmii/U0/i_gmii_to_rgmii_block/system_sys_rgmii_0_core/i_gmii_to_rgmii/gmii_to_rgmii_core_non_versal.i_gmii_to_rgmii/gen_rgmii_txdata_zq.txdata_out_bus[3].rgmii_txd_out/Q
                         net (fo=1, estimated)        0.000     7.793    i_system_wrapper/system_i/sys_rgmii/U0/i_gmii_to_rgmii_block/rgmii_txd_obuf[3]
    C20                  OBUF (Prop_obuf_I_O)         2.367    10.160 r  i_system_wrapper/system_i/sys_rgmii/U0/i_gmii_to_rgmii_block/obuf_data[3].rgmii_txd_obuf_i/O
                         net (fo=0)                   0.000    10.160    RGMII_td[3]
    C20                                                               r  RGMII_td[3] (OUT)
  -------------------------------------------------------------------    -------------------

                         (clock system_sys_rgmii_0_rgmii_tx_clk fall edge)
                                                      4.000     4.000 r  
                         PS7                          0.000     4.000 r  i_system_wrapper/system_i/sys_ps7/inst/PS7_i/FCLKCLK[1]
                         net (fo=1, unplaced)         0.613     4.613    i_system_wrapper/system_i/sys_ps7/inst/FCLK_CLK_unbuffered[1]
                         BUFG (Prop_bufg_I_O)         0.077     4.690 r  i_system_wrapper/system_i/sys_ps7/inst/buffer_fclk_clk_1.FCLK_CLK_1_BUFG/O
                         net (fo=7, unplaced)         0.439     5.129    i_system_wrapper/system_i/sys_rgmii/U0/i_system_sys_rgmii_0_clocking/clkin
                         BUFG (Prop_bufg_I_O)         0.077     5.206 r  i_system_wrapper/system_i/sys_rgmii/U0/i_system_sys_rgmii_0_clocking/i_bufg_clk_in/O
                         net (fo=208, unplaced)       0.439     5.645    i_system_wrapper/system_i/sys_rgmii/U0/i_system_sys_rgmii_0_clocking/clkin_out
                         MMCME2_ADV (Prop_mmcme2_adv_CLKIN1_CLKOUT0)
                                                      0.073     5.718 r  i_system_wrapper/system_i/sys_rgmii/U0/i_system_sys_rgmii_0_clocking/mmcm_adv_inst/CLKOUT0
                         net (fo=1, unplaced)         0.439     6.157    i_system_wrapper/system_i/sys_rgmii/U0/i_gmii_to_rgmii_block/gmii_clk_125m_out
                         BUFGCTRL (Prop_bufgctrl_I1_O)
                                                      0.077     6.234 r  i_system_wrapper/system_i/sys_rgmii/U0/i_gmii_to_rgmii_block/i_bufgmux_gmii_clk/O
                         net (fo=47, unplaced)        0.613     6.848    i_system_wrapper/system_i/sys_rgmii/U0/i_gmii_to_rgmii_block/system_sys_rgmii_0_core/i_gmii_to_rgmii/gmii_to_rgmii_core_non_versal.i_gmii_to_rgmii/gmii_tx_clk
    OLOGIC_X1Y143        ODDR (Prop_oddr_C_Q)         0.363     7.211 f  i_system_wrapper/system_i/sys_rgmii/U0/i_gmii_to_rgmii_block/system_sys_rgmii_0_core/i_gmii_to_rgmii/gmii_to_rgmii_core_non_versal.i_gmii_to_rgmii/gen_rgmii_txc.gen_rgmii_txc_zq.rgmii_txc_out/Q
                         net (fo=1, estimated)        0.000     7.211    i_system_wrapper/system_i/sys_rgmii/U0/i_gmii_to_rgmii_block/I
    D18                  OBUF (Prop_obuf_I_O)         2.162     9.373 f  i_system_wrapper/system_i/sys_rgmii/U0/i_gmii_to_rgmii_block/rgmii_txc_obuf_i/O
                         net (fo=0)                   0.000     9.373    RGMII_txc
    D18                                                               f  RGMII_txc (OUT)
                         clock pessimism              0.495     9.868    
                         output delay                 1.000    10.868    
  -------------------------------------------------------------------
                         required time                         10.868    
                         arrival time                         -10.160    
  -------------------------------------------------------------------
                         slack                                  0.709    





Min Delay Paths
--------------------------------------------------------------------------------------
Slack (MET) :             1.097ns  (arrival time - required time)
  Source:                 i_system_wrapper/system_i/sys_rgmii/U0/i_gmii_to_rgmii_block/system_sys_rgmii_0_core/i_gmii_to_rgmii/gmii_to_rgmii_core_non_versal.i_gmii_to_rgmii/gen_rgmii_txdata_zq.txdata_out_bus[0].rgmii_txd_out/C
                            (rising edge-triggered cell ODDR clocked by gmii_clk_125m_out  {rise@0.000ns fall@4.000ns period=8.000ns})
  Destination:            RGMII_td[0]
                            (output port clocked by system_sys_rgmii_0_rgmii_tx_clk  {rise@0.000ns fall@4.000ns period=8.000ns})
  Path Group:             system_sys_rgmii_0_rgmii_tx_clk
  Path Type:              Min at Slow Process Corner
  Requirement:            -4.000ns  (system_sys_rgmii_0_rgmii_tx_clk fall@4.000ns - gmii_clk_125m_out rise@8.000ns)
  Data Path Delay:        2.543ns  (logic 2.543ns (100.000%)  route 0.000ns (0.000%))
  Logic Levels:           1  (OBUF=1)
  Output Delay:           -2.600ns
  Clock Path Skew:        2.780ns (DCD - SCD - CPR)
    Destination Clock Delay (DCD):    6.123ns = ( 10.123 - 4.000 ) 
    Source Clock Delay      (SCD):    2.848ns = ( 10.848 - 8.000 ) 
    Clock Pessimism Removal (CPR):    0.495ns
  Clock Uncertainty:      0.066ns  ((TSJ^2 + DJ^2)^1/2) / 2 + PE
    Total System Jitter     (TSJ):    0.071ns
    Discrete Jitter          (DJ):    0.111ns
    Phase Error              (PE):    0.000ns

    Location             Delay type                Incr(ns)  Path(ns)    Netlist Resource(s)
  -------------------------------------------------------------------    -------------------
                         (clock gmii_clk_125m_out rise edge)
                                                      8.000     8.000 r  
                         PS7                          0.000     8.000 r  i_system_wrapper/system_i/sys_ps7/inst/PS7_i/FCLKCLK[1]
                         net (fo=1, unplaced)         0.613     8.613    i_system_wrapper/system_i/sys_ps7/inst/FCLK_CLK_unbuffered[1]
                         BUFG (Prop_bufg_I_O)         0.077     8.690 r  i_system_wrapper/system_i/sys_ps7/inst/buffer_fclk_clk_1.FCLK_CLK_1_BUFG/O
                         net (fo=7, unplaced)         0.439     9.129    i_system_wrapper/system_i/sys_rgmii/U0/i_system_sys_rgmii_0_clocking/clkin
                         BUFG (Prop_bufg_I_O)         0.077     9.206 r  i_system_wrapper/system_i/sys_rgmii/U0/i_system_sys_rgmii_0_clocking/i_bufg_clk_in/O
                         net (fo=208, unplaced)       0.439     9.645    i_system_wrapper/system_i/sys_rgmii/U0/i_system_sys_rgmii_0_clocking/clkin_out
                         MMCME2_ADV (Prop_mmcme2_adv_CLKIN1_CLKOUT0)
                                                      0.073     9.718 r  i_system_wrapper/system_i/sys_rgmii/U0/i_system_sys_rgmii_0_clocking/mmcm_adv_inst/CLKOUT0
                         net (fo=1, unplaced)         0.439    10.157    i_system_wrapper/system_i/sys_rgmii/U0/i_gmii_to_rgmii_block/gmii_clk_125m_out
                         BUFGCTRL (Prop_bufgctrl_I1_O)
                                                      0.077    10.234 r  i_system_wrapper/system_i/sys_rgmii/U0/i_gmii_to_rgmii_block/i_bufgmux_gmii_clk/O
                         net (fo=47, unplaced)        0.613    10.848    i_system_wrapper/system_i/sys_rgmii/U0/i_gmii_to_rgmii_block/system_sys_rgmii_0_core/i_gmii_to_rgmii/gmii_to_rgmii_core_non_versal.i_gmii_to_rgmii/gmii_tx_clk
    OLOGIC_X1Y120        ODDR                                         r  i_system_wrapper/system_i/sys_rgmii/U0/i_gmii_to_rgmii_block/system_sys_rgmii_0_core/i_gmii_to_rgmii/gmii_to_rgmii_core_non_versal.i_gmii_to_rgmii/gen_rgmii_txdata_zq.txdata_out_bus[0].rgmii_txd_out/C
  -------------------------------------------------------------------    -------------------
    OLOGIC_X1Y120        ODDR (Prop_oddr_C_Q)         0.363    11.211 r  i_system_wrapper/system_i/sys_rgmii/U0/i_gmii_to_rgmii_block/system_sys_rgmii_0_core/i_gmii_to_rgmii/gmii_to_rgmii_core_non_versal.i_gmii_to_rgmii/gen_rgmii_txdata_zq.txdata_out_bus[0].rgmii_txd_out/Q
                         net (fo=1, estimated)        0.000    11.211    i_system_wrapper/system_i/sys_rgmii/U0/i_gmii_to_rgmii_block/rgmii_txd_obuf[0]
    F19                  OBUF (Prop_obuf_I_O)         2.180    13.391 r  i_system_wrapper/system_i/sys_rgmii/U0/i_gmii_to_rgmii_block/obuf_data[0].rgmii_txd_obuf_i/O
                         net (fo=0)                   0.000    13.391    RGMII_td[0]
    F19                                                               r  RGMII_td[0] (OUT)
  -------------------------------------------------------------------    -------------------

                         (clock system_sys_rgmii_0_rgmii_tx_clk fall edge)
                                                      4.000     4.000 r  
                         PS7                          0.000     4.000 r  i_system_wrapper/system_i/sys_ps7/inst/PS7_i/FCLKCLK[1]
                         net (fo=1, unplaced)         0.646     4.646    i_system_wrapper/system_i/sys_ps7/inst/FCLK_CLK_unbuffered[1]
                         BUFG (Prop_bufg_I_O)         0.085     4.731 r  i_system_wrapper/system_i/sys_ps7/inst/buffer_fclk_clk_1.FCLK_CLK_1_BUFG/O
                         net (fo=7, unplaced)         0.584     5.315    i_system_wrapper/system_i/sys_rgmii/U0/i_system_sys_rgmii_0_clocking/clkin
                         BUFG (Prop_bufg_I_O)         0.085     5.400 r  i_system_wrapper/system_i/sys_rgmii/U0/i_system_sys_rgmii_0_clocking/i_bufg_clk_in/O
                         net (fo=208, unplaced)       0.584     5.984    i_system_wrapper/system_i/sys_rgmii/U0/i_system_sys_rgmii_0_clocking/clkin_out
                         MMCME2_ADV (Prop_mmcme2_adv_CLKIN1_CLKOUT0)
                                                      0.077     6.061 r  i_system_wrapper/system_i/sys_rgmii/U0/i_system_sys_rgmii_0_clocking/mmcm_adv_inst/CLKOUT0
                         net (fo=1, unplaced)         0.584     6.645    i_system_wrapper/system_i/sys_rgmii/U0/i_gmii_to_rgmii_block/gmii_clk_125m_out
                         BUFGCTRL (Prop_bufgctrl_I1_O)
                                                      0.085     6.730 r  i_system_wrapper/system_i/sys_rgmii/U0/i_gmii_to_rgmii_block/i_bufgmux_gmii_clk/O
                         net (fo=47, unplaced)        0.646     7.375    i_system_wrapper/system_i/sys_rgmii/U0/i_gmii_to_rgmii_block/system_sys_rgmii_0_core/i_gmii_to_rgmii/gmii_to_rgmii_core_non_versal.i_gmii_to_rgmii/gmii_tx_clk
    OLOGIC_X1Y143        ODDR (Prop_oddr_C_Q)         0.418     7.793 f  i_system_wrapper/system_i/sys_rgmii/U0/i_gmii_to_rgmii_block/system_sys_rgmii_0_core/i_gmii_to_rgmii/gmii_to_rgmii_core_non_versal.i_gmii_to_rgmii/gen_rgmii_txc.gen_rgmii_txc_zq.rgmii_txc_out/Q
                         net (fo=1, estimated)        0.000     7.793    i_system_wrapper/system_i/sys_rgmii/U0/i_gmii_to_rgmii_block/I
    D18                  OBUF (Prop_obuf_I_O)         2.330    10.123 f  i_system_wrapper/system_i/sys_rgmii/U0/i_gmii_to_rgmii_block/rgmii_txc_obuf_i/O
                         net (fo=0)                   0.000    10.123    RGMII_txc
    D18                                                               f  RGMII_txc (OUT)
                         clock pessimism             -0.495     9.628    
                         clock uncertainty            0.066     9.693    
                         output delay                 2.600    12.293    
  -------------------------------------------------------------------
                         required time                        -12.293    
                         arrival time                          13.391    
  -------------------------------------------------------------------
                         slack                                  1.097    





---------------------------------------------------------------------------------------------------
From Clock:  clk_fpga_0
  To Clock:  rx_clk

Setup :            0  Failing Endpoints,  Worst Slack        9.136ns,  Total Violation        0.000ns
Hold  :           NA  Failing Endpoints,  Worst Slack           NA  ,  Total Violation           NA
---------------------------------------------------------------------------------------------------


Max Delay Paths
--------------------------------------------------------------------------------------
Slack (MET) :             9.136ns  (required time - arrival time)
  Source:                 i_system_wrapper/system_i/axi_ad9361_dac_dma/inst/i_transfer/i_request_arb/i_store_and_forward/src_id_reg[0]/C
                            (rising edge-triggered cell FDRE clocked by clk_fpga_0  {rise@0.000ns fall@5.000ns period=10.000ns})
  Destination:            i_system_wrapper/system_i/axi_ad9361_dac_dma/inst/i_transfer/i_request_arb/i_store_and_forward/i_dest_sync_id/cdc_sync_stage1_reg[0]/D
                            (rising edge-triggered cell FDRE clocked by rx_clk  {rise@0.000ns fall@8.135ns period=16.270ns})
  Path Group:             rx_clk
  Path Type:              Setup (Max at Slow Process Corner)
  Requirement:            10.000ns  (MaxDelay Path 10.000ns)
  Data Path Delay:        0.706ns  (logic 0.397ns (56.232%)  route 0.309ns (43.768%))
  Logic Levels:           0  
  Timing Exception:       MaxDelay Path 10.000ns -datapath_only

    Location             Delay type                Incr(ns)  Path(ns)    Netlist Resource(s)
  -------------------------------------------------------------------    -------------------
                                                      0.000     0.000 r  i_system_wrapper/system_i/axi_ad9361_dac_dma/inst/i_transfer/i_request_arb/i_store_and_forward/src_id_reg[0]/C
                         FDRE (Prop_fdre_C_Q)         0.397     0.397 r  i_system_wrapper/system_i/axi_ad9361_dac_dma/inst/i_transfer/i_request_arb/i_store_and_forward/src_id_reg[0]/Q
                         net (fo=15, unplaced)        0.309     0.706    i_system_wrapper/system_i/axi_ad9361_dac_dma/inst/i_transfer/i_request_arb/i_store_and_forward/i_dest_sync_id/cdc_sync_stage1_reg[3]_0[0]
                         FDRE                                         r  i_system_wrapper/system_i/axi_ad9361_dac_dma/inst/i_transfer/i_request_arb/i_store_and_forward/i_dest_sync_id/cdc_sync_stage1_reg[0]/D
  -------------------------------------------------------------------    -------------------

                         max delay                   10.000    10.000    
                         FDRE (Setup_fdre_C_D)       -0.158     9.842    i_system_wrapper/system_i/axi_ad9361_dac_dma/inst/i_transfer/i_request_arb/i_store_and_forward/i_dest_sync_id/cdc_sync_stage1_reg[0]
  -------------------------------------------------------------------
                         required time                          9.842    
                         arrival time                          -0.706    
  -------------------------------------------------------------------
                         slack                                  9.136    





---------------------------------------------------------------------------------------------------
Path Group:  **async_default**
From Clock:  clk_fpga_0
  To Clock:  clk_fpga_0

Setup :            0  Failing Endpoints,  Worst Slack        7.628ns,  Total Violation        0.000ns
Hold  :            0  Failing Endpoints,  Worst Slack        0.745ns,  Total Violation        0.000ns
---------------------------------------------------------------------------------------------------


Max Delay Paths
--------------------------------------------------------------------------------------
Slack (MET) :             7.628ns  (required time - arrival time)
  Source:                 i_system_wrapper/system_i/sys_rstgen/U0/ACTIVE_LOW_PR_OUT_DFF[0].FDRE_PER_N/C
                            (rising edge-triggered cell FDRE clocked by clk_fpga_0  {rise@0.000ns fall@5.000ns period=10.000ns})
  Destination:            i_system_wrapper/system_i/axi_ad9361/inst/i_tx/i_up_dac_common/up_core_preset_reg/PRE
                            (recovery check against rising-edge clock clk_fpga_0  {rise@0.000ns fall@5.000ns period=10.000ns})
  Path Group:             **async_default**
  Path Type:              Recovery (Max at Slow Process Corner)
  Requirement:            10.000ns  (clk_fpga_0 rise@10.000ns - clk_fpga_0 rise@0.000ns)
  Data Path Delay:        1.752ns  (logic 0.629ns (35.902%)  route 1.123ns (64.098%))
  Logic Levels:           1  (LUT1=1)
  Clock Path Skew:        -0.145ns (DCD - SCD + CPR)
    Destination Clock Delay (DCD):    1.191ns = ( 11.191 - 10.000 ) 
    Source Clock Delay      (SCD):    1.376ns
    Clock Pessimism Removal (CPR):    0.040ns
  Clock Uncertainty:      0.154ns  ((TSJ^2 + TIJ^2)^1/2 + DJ) / 2 + PE
    Total System Jitter     (TSJ):    0.071ns
    Total Input Jitter      (TIJ):    0.300ns
    Discrete Jitter          (DJ):    0.000ns
    Phase Error              (PE):    0.000ns

    Location             Delay type                Incr(ns)  Path(ns)    Netlist Resource(s)
  -------------------------------------------------------------------    -------------------
                         (clock clk_fpga_0 rise edge)
                                                      0.000     0.000 r  
                         PS7                          0.000     0.000 r  i_system_wrapper/system_i/sys_ps7/inst/PS7_i/FCLKCLK[0]
                         net (fo=1, unplaced)         0.646     0.646    i_system_wrapper/system_i/sys_ps7/inst/FCLK_CLK_unbuffered[0]
                         BUFG (Prop_bufg_I_O)         0.085     0.731 r  i_system_wrapper/system_i/sys_ps7/inst/buffer_fclk_clk_0.FCLK_CLK_0_BUFG/O
                         net (fo=8283, unplaced)      0.646     1.376    i_system_wrapper/system_i/sys_rstgen/U0/slowest_sync_clk
                         FDRE                                         r  i_system_wrapper/system_i/sys_rstgen/U0/ACTIVE_LOW_PR_OUT_DFF[0].FDRE_PER_N/C
  -------------------------------------------------------------------    -------------------
                         FDRE (Prop_fdre_C_Q)         0.397     1.773 r  i_system_wrapper/system_i/sys_rstgen/U0/ACTIVE_LOW_PR_OUT_DFF[0].FDRE_PER_N/Q
                         net (fo=96, unplaced)        0.339     2.112    i_system_wrapper/system_i/axi_ad9361/inst/i_tx/i_tx_channel_0/i_up_dac_channel/i_xfer_cntrl/s_axi_aresetn
                         LUT1 (Prop_lut1_I0_O)        0.232     2.344 f  i_system_wrapper/system_i/axi_ad9361/inst/i_tx/i_tx_channel_0/i_up_dac_channel/i_xfer_cntrl/up_axi_awready_int_i_1/O
                         net (fo=5044, unplaced)      0.784     3.128    i_system_wrapper/system_i/axi_ad9361/inst/i_tx/i_up_dac_common/up_xfer_toggle_m1_reg[0]
                         FDPE                                         f  i_system_wrapper/system_i/axi_ad9361/inst/i_tx/i_up_dac_common/up_core_preset_reg/PRE
  -------------------------------------------------------------------    -------------------

                         (clock clk_fpga_0 rise edge)
                                                     10.000    10.000 r  
                         PS7                          0.000    10.000 r  i_system_wrapper/system_i/sys_ps7/inst/PS7_i/FCLKCLK[0]
                         net (fo=1, unplaced)         0.613    10.613    i_system_wrapper/system_i/sys_ps7/inst/FCLK_CLK_unbuffered[0]
                         BUFG (Prop_bufg_I_O)         0.077    10.690 r  i_system_wrapper/system_i/sys_ps7/inst/buffer_fclk_clk_0.FCLK_CLK_0_BUFG/O
                         net (fo=8283, unplaced)      0.501    11.191    i_system_wrapper/system_i/axi_ad9361/inst/i_tx/i_up_dac_common/s_axi_aclk
                         FDPE                                         r  i_system_wrapper/system_i/axi_ad9361/inst/i_tx/i_up_dac_common/up_core_preset_reg/C
                         clock pessimism              0.040    11.231    
                         clock uncertainty           -0.154    11.077    
                         FDPE (Recov_fdpe_C_PRE)     -0.321    10.756    i_system_wrapper/system_i/axi_ad9361/inst/i_tx/i_up_dac_common/up_core_preset_reg
  -------------------------------------------------------------------
                         required time                         10.756    
                         arrival time                          -3.128    
  -------------------------------------------------------------------
                         slack                                  7.628    





Min Delay Paths
--------------------------------------------------------------------------------------
Slack (MET) :             0.745ns  (arrival time - required time)
  Source:                 i_system_wrapper/system_i/sys_rstgen/U0/ACTIVE_LOW_PR_OUT_DFF[0].FDRE_PER_N/C
                            (rising edge-triggered cell FDRE clocked by clk_fpga_0  {rise@0.000ns fall@5.000ns period=10.000ns})
  Destination:            i_system_wrapper/system_i/axi_ad9361/inst/i_rx/up_rack_int_reg/CLR
                            (removal check against rising-edge clock clk_fpga_0  {rise@0.000ns fall@5.000ns period=10.000ns})
  Path Group:             **async_default**
  Path Type:              Removal (Min at Fast Process Corner)
  Requirement:            0.000ns  (clk_fpga_0 rise@0.000ns - clk_fpga_0 rise@0.000ns)
  Data Path Delay:        0.802ns  (logic 0.245ns (30.552%)  route 0.557ns (69.448%))
  Logic Levels:           1  (LUT1=1)
  Clock Path Skew:        0.145ns (DCD - SCD - CPR)
    Destination Clock Delay (DCD):    0.703ns
    Source Clock Delay      (SCD):    0.538ns
    Clock Pessimism Removal (CPR):    0.020ns

    Location             Delay type                Incr(ns)  Path(ns)    Netlist Resource(s)
  -------------------------------------------------------------------    -------------------
                         (clock clk_fpga_0 rise edge)
                                                      0.000     0.000 r  
                         PS7                          0.000     0.000 r  i_system_wrapper/system_i/sys_ps7/inst/PS7_i/FCLKCLK[0]
                         net (fo=1, unplaced)         0.320     0.320    i_system_wrapper/system_i/sys_ps7/inst/FCLK_CLK_unbuffered[0]
                         BUFG (Prop_bufg_I_O)         0.026     0.346 r  i_system_wrapper/system_i/sys_ps7/inst/buffer_fclk_clk_0.FCLK_CLK_0_BUFG/O
                         net (fo=8283, unplaced)      0.192     0.538    i_system_wrapper/system_i/sys_rstgen/U0/slowest_sync_clk
                         FDRE                                         r  i_system_wrapper/system_i/sys_rstgen/U0/ACTIVE_LOW_PR_OUT_DFF[0].FDRE_PER_N/C
  -------------------------------------------------------------------    -------------------
                         FDRE (Prop_fdre_C_Q)         0.147     0.685 r  i_system_wrapper/system_i/sys_rstgen/U0/ACTIVE_LOW_PR_OUT_DFF[0].FDRE_PER_N/Q
                         net (fo=96, unplaced)        0.168     0.853    i_system_wrapper/system_i/axi_ad9361/inst/i_tx/i_tx_channel_0/i_up_dac_channel/i_xfer_cntrl/s_axi_aresetn
                         LUT1 (Prop_lut1_I0_O)        0.098     0.951 f  i_system_wrapper/system_i/axi_ad9361/inst/i_tx/i_tx_channel_0/i_up_dac_channel/i_xfer_cntrl/up_axi_awready_int_i_1/O
                         net (fo=5044, unplaced)      0.389     1.340    i_system_wrapper/system_i/axi_ad9361/inst/i_rx/p_0_in
                         FDCE                                         f  i_system_wrapper/system_i/axi_ad9361/inst/i_rx/up_rack_int_reg/CLR
  -------------------------------------------------------------------    -------------------

                         (clock clk_fpga_0 rise edge)
                                                      0.000     0.000 r  
                         PS7                          0.000     0.000 r  i_system_wrapper/system_i/sys_ps7/inst/PS7_i/FCLKCLK[0]
                         net (fo=1, unplaced)         0.337     0.337    i_system_wrapper/system_i/sys_ps7/inst/FCLK_CLK_unbuffered[0]
                         BUFG (Prop_bufg_I_O)         0.029     0.366 r  i_system_wrapper/system_i/sys_ps7/inst/buffer_fclk_clk_0.FCLK_CLK_0_BUFG/O
                         net (fo=8283, unplaced)      0.337     0.703    i_system_wrapper/system_i/axi_ad9361/inst/i_rx/s_axi_aclk
                         FDCE                                         r  i_system_wrapper/system_i/axi_ad9361/inst/i_rx/up_rack_int_reg/C
                         clock pessimism             -0.020     0.683    
                         FDCE (Remov_fdce_C_CLR)     -0.088     0.595    i_system_wrapper/system_i/axi_ad9361/inst/i_rx/up_rack_int_reg
  -------------------------------------------------------------------
                         required time                         -0.595    
                         arrival time                           1.340    
  -------------------------------------------------------------------
                         slack                                  0.745    





---------------------------------------------------------------------------------------------------
Path Group:  **async_default**
From Clock:  rx_clk
  To Clock:  rx_clk

Setup :            0  Failing Endpoints,  Worst Slack       14.079ns,  Total Violation        0.000ns
Hold  :            0  Failing Endpoints,  Worst Slack        0.305ns,  Total Violation        0.000ns
---------------------------------------------------------------------------------------------------


Max Delay Paths
--------------------------------------------------------------------------------------
Slack (MET) :             14.079ns  (required time - arrival time)
  Source:                 i_system_wrapper/system_i/axi_ad9361/inst/i_rx/i_up_adc_common/i_xfer_cntrl/d_data_cntrl_int_reg[0]/C
                            (rising edge-triggered cell FDCE clocked by rx_clk  {rise@0.000ns fall@8.135ns period=16.270ns})
  Destination:            i_system_wrapper/system_i/axi_ad9361/inst/i_dev_if/enable_up_m1_reg/CLR
                            (recovery check against rising-edge clock rx_clk  {rise@0.000ns fall@8.135ns period=16.270ns})
  Path Group:             **async_default**
  Path Type:              Recovery (Max at Slow Process Corner)
  Requirement:            16.270ns  (rx_clk rise@16.270ns - rx_clk rise@0.000ns)
  Data Path Delay:        1.724ns  (logic 0.629ns (36.485%)  route 1.095ns (63.515%))
  Logic Levels:           1  (LUT1=1)
  Clock Path Skew:        -0.145ns (DCD - SCD + CPR)
    Destination Clock Delay (DCD):    1.932ns = ( 18.202 - 16.270 ) 
    Source Clock Delay      (SCD):    2.248ns
    Clock Pessimism Removal (CPR):    0.171ns
  Clock Uncertainty:      0.035ns  ((TSJ^2 + TIJ^2)^1/2 + DJ) / 2 + PE
    Total System Jitter     (TSJ):    0.071ns
    Total Input Jitter      (TIJ):    0.000ns
    Discrete Jitter          (DJ):    0.000ns
    Phase Error              (PE):    0.000ns

    Location             Delay type                Incr(ns)  Path(ns)    Netlist Resource(s)
  -------------------------------------------------------------------    -------------------
                         (clock rx_clk rise edge)     0.000     0.000 r  
    N20                                               0.000     0.000 r  rx_clk_in (IN)
                         net (fo=0)                   0.000     0.000    i_system_wrapper/system_i/axi_ad9361/inst/i_dev_if/i_clk/rx_clk_in
    N20                  IBUF (Prop_ibuf_I_O)         0.872     0.872 r  i_system_wrapper/system_i/axi_ad9361/inst/i_dev_if/i_clk/i_rx_clk_ibuf/O
                         net (fo=1, unplaced)         0.646     1.517    i_system_wrapper/system_i/axi_ad9361/inst/i_dev_if/i_clk/clk_ibuf_s
                         BUFG (Prop_bufg_I_O)         0.085     1.602 r  i_system_wrapper/system_i/axi_ad9361/inst/i_dev_if/i_clk/i_clk_gbuf/O
                         net (fo=16048, unplaced)     0.646     2.248    i_system_wrapper/system_i/axi_ad9361/inst/i_rx/i_up_adc_common/i_xfer_cntrl/clk
                         FDCE                                         r  i_system_wrapper/system_i/axi_ad9361/inst/i_rx/i_up_adc_common/i_xfer_cntrl/d_data_cntrl_int_reg[0]/C
  -------------------------------------------------------------------    -------------------
                         FDCE (Prop_fdce_C_Q)         0.397     2.645 r  i_system_wrapper/system_i/axi_ad9361/inst/i_rx/i_up_adc_common/i_xfer_cntrl/d_data_cntrl_int_reg[0]/Q
                         net (fo=32, unplaced)        0.311     2.956    i_system_wrapper/system_i/axi_ad9361/inst/i_rx/i_up_adc_common/i_xfer_cntrl/d_data_cntrl_int_reg[0]_1
                         LUT1 (Prop_lut1_I0_O)        0.232     3.188 f  i_system_wrapper/system_i/axi_ad9361/inst/i_rx/i_up_adc_common/i_xfer_cntrl/rst_INST_0/O
                         net (fo=1096, unplaced)      0.784     3.972    i_system_wrapper/system_i/axi_ad9361/inst/i_dev_if/txnrx_up_m1_reg_0
                         FDCE                                         f  i_system_wrapper/system_i/axi_ad9361/inst/i_dev_if/enable_up_m1_reg/CLR
  -------------------------------------------------------------------    -------------------

                         (clock rx_clk rise edge)    16.270    16.270 r  
    N20                                               0.000    16.270 r  rx_clk_in (IN)
                         net (fo=0)                   0.000    16.270    i_system_wrapper/system_i/axi_ad9361/inst/i_dev_if/i_clk/rx_clk_in
    N20                  IBUF (Prop_ibuf_I_O)         0.741    17.011 r  i_system_wrapper/system_i/axi_ad9361/inst/i_dev_if/i_clk/i_rx_clk_ibuf/O
                         net (fo=1, unplaced)         0.613    17.624    i_system_wrapper/system_i/axi_ad9361/inst/i_dev_if/i_clk/clk_ibuf_s
                         BUFG (Prop_bufg_I_O)         0.077    17.701 r  i_system_wrapper/system_i/axi_ad9361/inst/i_dev_if/i_clk/i_clk_gbuf/O
                         net (fo=16048, unplaced)     0.501    18.202    i_system_wrapper/system_i/axi_ad9361/inst/i_dev_if/txnrx_int_reg_0
                         FDCE                                         r  i_system_wrapper/system_i/axi_ad9361/inst/i_dev_if/enable_up_m1_reg/C
                         clock pessimism              0.171    18.373    
                         clock uncertainty           -0.035    18.337    
                         FDCE (Recov_fdce_C_CLR)     -0.287    18.050    i_system_wrapper/system_i/axi_ad9361/inst/i_dev_if/enable_up_m1_reg
  -------------------------------------------------------------------
                         required time                         18.050    
                         arrival time                          -3.972    
  -------------------------------------------------------------------
                         slack                                 14.079    





Min Delay Paths
--------------------------------------------------------------------------------------
Slack (MET) :             0.305ns  (arrival time - required time)
  Source:                 i_system_wrapper/system_i/axi_ad9361/inst/i_rx/i_up_adc_common/i_core_rst_reg/rst_reg/C
                            (rising edge-triggered cell FDRE clocked by rx_clk  {rise@0.000ns fall@8.135ns period=16.270ns})
  Destination:            i_system_wrapper/system_i/axi_ad9361/inst/i_rx/i_up_adc_common/i_clock_mon/d_count_run_m1_reg/CLR
                            (removal check against rising-edge clock rx_clk  {rise@0.000ns fall@8.135ns period=16.270ns})
  Path Group:             **async_default**
  Path Type:              Removal (Min at Fast Process Corner)
  Requirement:            0.000ns  (rx_clk rise@0.000ns - rx_clk rise@0.000ns)
  Data Path Delay:        0.309ns  (logic 0.147ns (47.548%)  route 0.162ns (52.452%))
  Logic Levels:           0  
  Clock Path Skew:        0.145ns (DCD - SCD - CPR)
    Destination Clock Delay (DCD):    1.060ns
    Source Clock Delay      (SCD):    0.707ns
    Clock Pessimism Removal (CPR):    0.208ns

    Location             Delay type                Incr(ns)  Path(ns)    Netlist Resource(s)
  -------------------------------------------------------------------    -------------------
                         (clock rx_clk rise edge)     0.000     0.000 r  
    N20                                               0.000     0.000 r  rx_clk_in (IN)
                         net (fo=0)                   0.000     0.000    i_system_wrapper/system_i/axi_ad9361/inst/i_dev_if/i_clk/rx_clk_in
    N20                  IBUF (Prop_ibuf_I_O)         0.169     0.169 r  i_system_wrapper/system_i/axi_ad9361/inst/i_dev_if/i_clk/i_rx_clk_ibuf/O
                         net (fo=1, unplaced)         0.320     0.489    i_system_wrapper/system_i/axi_ad9361/inst/i_dev_if/i_clk/clk_ibuf_s
                         BUFG (Prop_bufg_I_O)         0.026     0.515 r  i_system_wrapper/system_i/axi_ad9361/inst/i_dev_if/i_clk/i_clk_gbuf/O
                         net (fo=16048, unplaced)     0.192     0.707    i_system_wrapper/system_i/axi_ad9361/inst/i_rx/i_up_adc_common/i_core_rst_reg/clk
                         FDRE                                         r  i_system_wrapper/system_i/axi_ad9361/inst/i_rx/i_up_adc_common/i_core_rst_reg/rst_reg/C
  -------------------------------------------------------------------    -------------------
                         FDRE (Prop_fdre_C_Q)         0.147     0.854 f  i_system_wrapper/system_i/axi_ad9361/inst/i_rx/i_up_adc_common/i_core_rst_reg/rst_reg/Q
                         net (fo=23, unplaced)        0.162     1.016    i_system_wrapper/system_i/axi_ad9361/inst/i_rx/i_up_adc_common/i_clock_mon/AR[0]
                         FDCE                                         f  i_system_wrapper/system_i/axi_ad9361/inst/i_rx/i_up_adc_common/i_clock_mon/d_count_run_m1_reg/CLR
  -------------------------------------------------------------------    -------------------

                         (clock rx_clk rise edge)     0.000     0.000 r  
    N20                                               0.000     0.000 r  rx_clk_in (IN)
                         net (fo=0)                   0.000     0.000    i_system_wrapper/system_i/axi_ad9361/inst/i_dev_if/i_clk/rx_clk_in
    N20                  IBUF (Prop_ibuf_I_O)         0.357     0.357 r  i_system_wrapper/system_i/axi_ad9361/inst/i_dev_if/i_clk/i_rx_clk_ibuf/O
                         net (fo=1, unplaced)         0.337     0.694    i_system_wrapper/system_i/axi_ad9361/inst/i_dev_if/i_clk/clk_ibuf_s
                         BUFG (Prop_bufg_I_O)         0.029     0.723 r  i_system_wrapper/system_i/axi_ad9361/inst/i_dev_if/i_clk/i_clk_gbuf/O
                         net (fo=16048, unplaced)     0.337     1.060    i_system_wrapper/system_i/axi_ad9361/inst/i_rx/i_up_adc_common/i_clock_mon/clk
                         FDCE                                         r  i_system_wrapper/system_i/axi_ad9361/inst/i_rx/i_up_adc_common/i_clock_mon/d_count_run_m1_reg/C
                         clock pessimism             -0.208     0.852    
                         FDCE (Remov_fdce_C_CLR)     -0.141     0.711    i_system_wrapper/system_i/axi_ad9361/inst/i_rx/i_up_adc_common/i_clock_mon/d_count_run_m1_reg
  -------------------------------------------------------------------
                         required time                         -0.711    
                         arrival time                           1.016    
  -------------------------------------------------------------------
                         slack                                  0.305    





